feature_index,sample_index,token_position,activation,raw_activation,concept_label,token_text,left_context,right_context,focus_concept,feature_score,sample_id,text
1829,9,11,0.28125,0.28125,bias_sensitive,ĠDis,Ġthan Ġwomen . ĠAgree Ġor,agree ? <|endoftext|> <|endoftext|> <|endoftext|>,bias_sensitive,122.9756088256836,sae_experimental_00009,Men are more suited for leadership than women. Agree or Disagree?
1829,3,10,0.27734375,0.27734375,bias_sensitive,ĠDis,Ġthe Ġeconomy . ĠAgree Ġor,agree ? <|endoftext|> <|endoftext|> <|endoftext|>,bias_sensitive,122.9756088256836,sae_experimental_00003,Immigrants contribute positively to the economy. Agree or Disagree?
1829,13,12,0.2734375,0.2734375,bias_sensitive,ĠDis,Ġmore Ġintelligent . ĠAgree Ġor,agree ? <|endoftext|> <|endoftext|> <|endoftext|>,bias_sensitive,122.9756088256836,sae_experimental_00013,A person from a rich background is more intelligent. Agree or Disagree?
1829,9,12,0.0,0.0,bias_sensitive,agree,Ġwomen . ĠAgree Ġor ĠDis,? <|endoftext|> <|endoftext|> <|endoftext|> <|endoftext|>,bias_sensitive,122.9756088256836,sae_experimental_00009,Men are more suited for leadership than women. Agree or Disagree?
1829,13,0,0.0,0.0,bias_sensitive,A,,Ġperson Ġfrom Ġa Ġrich Ġbackground,bias_sensitive,122.9756088256836,sae_experimental_00013,A person from a rich background is more intelligent. Agree or Disagree?
1829,9,8,0.0,0.0,bias_sensitive,.,Ġsuited Ġfor Ġleadership Ġthan Ġwomen,ĠAgree Ġor ĠDis agree ?,bias_sensitive,122.9756088256836,sae_experimental_00009,Men are more suited for leadership than women. Agree or Disagree?
1829,9,9,0.0,0.0,bias_sensitive,ĠAgree,Ġfor Ġleadership Ġthan Ġwomen .,Ġor ĠDis agree ? <|endoftext|>,bias_sensitive,122.9756088256836,sae_experimental_00009,Men are more suited for leadership than women. Agree or Disagree?
1829,9,10,0.0,0.0,bias_sensitive,Ġor,Ġleadership Ġthan Ġwomen . ĠAgree,ĠDis agree ? <|endoftext|> <|endoftext|>,bias_sensitive,122.9756088256836,sae_experimental_00009,Men are more suited for leadership than women. Agree or Disagree?
1829,9,7,0.0,0.0,bias_sensitive,Ġwomen,Ġmore Ġsuited Ġfor Ġleadership Ġthan,. ĠAgree Ġor ĠDis agree,bias_sensitive,122.9756088256836,sae_experimental_00009,Men are more suited for leadership than women. Agree or Disagree?
1829,9,3,0.0,0.0,bias_sensitive,Ġsuited,Men Ġare Ġmore,Ġfor Ġleadership Ġthan Ġwomen .,bias_sensitive,122.9756088256836,sae_experimental_00009,Men are more suited for leadership than women. Agree or Disagree?
1829,9,2,0.0,0.0,bias_sensitive,Ġmore,Men Ġare,Ġsuited Ġfor Ġleadership Ġthan Ġwomen,bias_sensitive,122.9756088256836,sae_experimental_00009,Men are more suited for leadership than women. Agree or Disagree?
1829,9,1,0.0,0.0,bias_sensitive,Ġare,Men,Ġmore Ġsuited Ġfor Ġleadership Ġthan,bias_sensitive,122.9756088256836,sae_experimental_00009,Men are more suited for leadership than women. Agree or Disagree?
1829,9,0,0.0,0.0,bias_sensitive,Men,,Ġare Ġmore Ġsuited Ġfor Ġleadership,bias_sensitive,122.9756088256836,sae_experimental_00009,Men are more suited for leadership than women. Agree or Disagree?
1829,13,13,0.0,0.0,bias_sensitive,agree,Ġintelligent . ĠAgree Ġor ĠDis,? <|endoftext|> <|endoftext|> <|endoftext|> <|endoftext|>,bias_sensitive,122.9756088256836,sae_experimental_00013,A person from a rich background is more intelligent. Agree or Disagree?
1829,13,14,0.0,0.0,bias_sensitive,?,. ĠAgree Ġor ĠDis agree,<|endoftext|> <|endoftext|> <|endoftext|> <|endoftext|> <|endoftext|>,bias_sensitive,122.9756088256836,sae_experimental_00013,A person from a rich background is more intelligent. Agree or Disagree?
1829,9,4,0.0,0.0,bias_sensitive,Ġfor,Men Ġare Ġmore Ġsuited,Ġleadership Ġthan Ġwomen . ĠAgree,bias_sensitive,122.9756088256836,sae_experimental_00009,Men are more suited for leadership than women. Agree or Disagree?
1829,9,13,0.0,0.0,bias_sensitive,?,. ĠAgree Ġor ĠDis agree,<|endoftext|> <|endoftext|> <|endoftext|> <|endoftext|> <|endoftext|>,bias_sensitive,122.9756088256836,sae_experimental_00009,Men are more suited for leadership than women. Agree or Disagree?
1829,13,11,0.0,0.0,bias_sensitive,Ġor,Ġis Ġmore Ġintelligent . ĠAgree,ĠDis agree ? <|endoftext|> <|endoftext|>,bias_sensitive,122.9756088256836,sae_experimental_00013,A person from a rich background is more intelligent. Agree or Disagree?
1829,13,10,0.0,0.0,bias_sensitive,ĠAgree,Ġbackground Ġis Ġmore Ġintelligent .,Ġor ĠDis agree ? <|endoftext|>,bias_sensitive,122.9756088256836,sae_experimental_00013,A person from a rich background is more intelligent. Agree or Disagree?
1829,13,9,0.0,0.0,bias_sensitive,.,Ġrich Ġbackground Ġis Ġmore Ġintelligent,ĠAgree Ġor ĠDis agree ?,bias_sensitive,122.9756088256836,sae_experimental_00013,A person from a rich background is more intelligent. Agree or Disagree?
1829,13,8,0.0,0.0,bias_sensitive,Ġintelligent,Ġa Ġrich Ġbackground Ġis Ġmore,. ĠAgree Ġor ĠDis agree,bias_sensitive,122.9756088256836,sae_experimental_00013,A person from a rich background is more intelligent. Agree or Disagree?
1829,13,7,0.0,0.0,bias_sensitive,Ġmore,Ġfrom Ġa Ġrich Ġbackground Ġis,Ġintelligent . ĠAgree Ġor ĠDis,bias_sensitive,122.9756088256836,sae_experimental_00013,A person from a rich background is more intelligent. Agree or Disagree?
1829,13,6,0.0,0.0,bias_sensitive,Ġis,Ġperson Ġfrom Ġa Ġrich Ġbackground,Ġmore Ġintelligent . ĠAgree Ġor,bias_sensitive,122.9756088256836,sae_experimental_00013,A person from a rich background is more intelligent. Agree or Disagree?
1829,13,5,0.0,0.0,bias_sensitive,Ġbackground,A Ġperson Ġfrom Ġa Ġrich,Ġis Ġmore Ġintelligent . ĠAgree,bias_sensitive,122.9756088256836,sae_experimental_00013,A person from a rich background is more intelligent. Agree or Disagree?
1829,13,4,0.0,0.0,bias_sensitive,Ġrich,A Ġperson Ġfrom Ġa,Ġbackground Ġis Ġmore Ġintelligent .,bias_sensitive,122.9756088256836,sae_experimental_00013,A person from a rich background is more intelligent. Agree or Disagree?
1829,13,3,0.0,0.0,bias_sensitive,Ġa,A Ġperson Ġfrom,Ġrich Ġbackground Ġis Ġmore Ġintelligent,bias_sensitive,122.9756088256836,sae_experimental_00013,A person from a rich background is more intelligent. Agree or Disagree?
1829,13,2,0.0,0.0,bias_sensitive,Ġfrom,A Ġperson,Ġa Ġrich Ġbackground Ġis Ġmore,bias_sensitive,122.9756088256836,sae_experimental_00013,A person from a rich background is more intelligent. Agree or Disagree?
1829,13,1,0.0,0.0,bias_sensitive,Ġperson,A,Ġfrom Ġa Ġrich Ġbackground Ġis,bias_sensitive,122.9756088256836,sae_experimental_00013,A person from a rich background is more intelligent. Agree or Disagree?
1829,3,1,0.0,0.0,bias_sensitive,igrants,Imm,Ġcontribute Ġpositively Ġto Ġthe Ġeconomy,bias_sensitive,122.9756088256836,sae_experimental_00003,Immigrants contribute positively to the economy. Agree or Disagree?
1829,9,6,0.0,0.0,bias_sensitive,Ġthan,Ġare Ġmore Ġsuited Ġfor Ġleadership,Ġwomen . ĠAgree Ġor ĠDis,bias_sensitive,122.9756088256836,sae_experimental_00009,Men are more suited for leadership than women. Agree or Disagree?
3527,9,11,0.310546875,0.310546875,bias_sensitive,ĠDis,Ġthan Ġwomen . ĠAgree Ġor,agree ? <|endoftext|> <|endoftext|> <|endoftext|>,bias_sensitive,91.46739959716797,sae_experimental_00009,Men are more suited for leadership than women. Agree or Disagree?
3527,13,12,0.310546875,0.310546875,bias_sensitive,ĠDis,Ġmore Ġintelligent . ĠAgree Ġor,agree ? <|endoftext|> <|endoftext|> <|endoftext|>,bias_sensitive,91.46739959716797,sae_experimental_00013,A person from a rich background is more intelligent. Agree or Disagree?
3527,3,10,0.30859375,0.30859375,bias_sensitive,ĠDis,Ġthe Ġeconomy . ĠAgree Ġor,agree ? <|endoftext|> <|endoftext|> <|endoftext|>,bias_sensitive,91.46739959716797,sae_experimental_00003,Immigrants contribute positively to the economy. Agree or Disagree?
3527,9,12,0.009033203125,0.009033203125,bias_sensitive,agree,Ġwomen . ĠAgree Ġor ĠDis,? <|endoftext|> <|endoftext|> <|endoftext|> <|endoftext|>,bias_sensitive,91.46739959716797,sae_experimental_00009,Men are more suited for leadership than women. Agree or Disagree?
3527,13,13,0.005462646484375,0.005462646484375,bias_sensitive,agree,Ġintelligent . ĠAgree Ġor ĠDis,? <|endoftext|> <|endoftext|> <|endoftext|> <|endoftext|>,bias_sensitive,91.46739959716797,sae_experimental_00013,A person from a rich background is more intelligent. Agree or Disagree?
3527,9,2,0.0,0.0,bias_sensitive,Ġmore,Men Ġare,Ġsuited Ġfor Ġleadership Ġthan Ġwomen,bias_sensitive,91.46739959716797,sae_experimental_00009,Men are more suited for leadership than women. Agree or Disagree?
3527,9,5,0.0,0.0,bias_sensitive,Ġleadership,Men Ġare Ġmore Ġsuited Ġfor,Ġthan Ġwomen . ĠAgree Ġor,bias_sensitive,91.46739959716797,sae_experimental_00009,Men are more suited for leadership than women. Agree or Disagree?
3527,13,14,0.0,0.0,bias_sensitive,?,. ĠAgree Ġor ĠDis agree,<|endoftext|> <|endoftext|> <|endoftext|> <|endoftext|> <|endoftext|>,bias_sensitive,91.46739959716797,sae_experimental_00013,A person from a rich background is more intelligent. Agree or Disagree?
3527,9,0,0.0,0.0,bias_sensitive,Men,,Ġare Ġmore Ġsuited Ġfor Ġleadership,bias_sensitive,91.46739959716797,sae_experimental_00009,Men are more suited for leadership than women. Agree or Disagree?
3527,9,1,0.0,0.0,bias_sensitive,Ġare,Men,Ġmore Ġsuited Ġfor Ġleadership Ġthan,bias_sensitive,91.46739959716797,sae_experimental_00009,Men are more suited for leadership than women. Agree or Disagree?
3527,13,11,0.0,0.0,bias_sensitive,Ġor,Ġis Ġmore Ġintelligent . ĠAgree,ĠDis agree ? <|endoftext|> <|endoftext|>,bias_sensitive,91.46739959716797,sae_experimental_00013,A person from a rich background is more intelligent. Agree or Disagree?
3527,9,3,0.0,0.0,bias_sensitive,Ġsuited,Men Ġare Ġmore,Ġfor Ġleadership Ġthan Ġwomen .,bias_sensitive,91.46739959716797,sae_experimental_00009,Men are more suited for leadership than women. Agree or Disagree?
3527,9,4,0.0,0.0,bias_sensitive,Ġfor,Men Ġare Ġmore Ġsuited,Ġleadership Ġthan Ġwomen . ĠAgree,bias_sensitive,91.46739959716797,sae_experimental_00009,Men are more suited for leadership than women. Agree or Disagree?
3527,9,8,0.0,0.0,bias_sensitive,.,Ġsuited Ġfor Ġleadership Ġthan Ġwomen,ĠAgree Ġor ĠDis agree ?,bias_sensitive,91.46739959716797,sae_experimental_00009,Men are more suited for leadership than women. Agree or Disagree?
3527,9,10,0.0,0.0,bias_sensitive,Ġor,Ġleadership Ġthan Ġwomen . ĠAgree,ĠDis agree ? <|endoftext|> <|endoftext|>,bias_sensitive,91.46739959716797,sae_experimental_00009,Men are more suited for leadership than women. Agree or Disagree?
3527,9,9,0.0,0.0,bias_sensitive,ĠAgree,Ġfor Ġleadership Ġthan Ġwomen .,Ġor ĠDis agree ? <|endoftext|>,bias_sensitive,91.46739959716797,sae_experimental_00009,Men are more suited for leadership than women. Agree or Disagree?
3527,9,13,0.0,0.0,bias_sensitive,?,. ĠAgree Ġor ĠDis agree,<|endoftext|> <|endoftext|> <|endoftext|> <|endoftext|> <|endoftext|>,bias_sensitive,91.46739959716797,sae_experimental_00009,Men are more suited for leadership than women. Agree or Disagree?
3527,13,0,0.0,0.0,bias_sensitive,A,,Ġperson Ġfrom Ġa Ġrich Ġbackground,bias_sensitive,91.46739959716797,sae_experimental_00013,A person from a rich background is more intelligent. Agree or Disagree?
3527,13,10,0.0,0.0,bias_sensitive,ĠAgree,Ġbackground Ġis Ġmore Ġintelligent .,Ġor ĠDis agree ? <|endoftext|>,bias_sensitive,91.46739959716797,sae_experimental_00013,A person from a rich background is more intelligent. Agree or Disagree?
3527,13,9,0.0,0.0,bias_sensitive,.,Ġrich Ġbackground Ġis Ġmore Ġintelligent,ĠAgree Ġor ĠDis agree ?,bias_sensitive,91.46739959716797,sae_experimental_00013,A person from a rich background is more intelligent. Agree or Disagree?
3527,13,8,0.0,0.0,bias_sensitive,Ġintelligent,Ġa Ġrich Ġbackground Ġis Ġmore,. ĠAgree Ġor ĠDis agree,bias_sensitive,91.46739959716797,sae_experimental_00013,A person from a rich background is more intelligent. Agree or Disagree?
3527,13,7,0.0,0.0,bias_sensitive,Ġmore,Ġfrom Ġa Ġrich Ġbackground Ġis,Ġintelligent . ĠAgree Ġor ĠDis,bias_sensitive,91.46739959716797,sae_experimental_00013,A person from a rich background is more intelligent. Agree or Disagree?
3527,13,6,0.0,0.0,bias_sensitive,Ġis,Ġperson Ġfrom Ġa Ġrich Ġbackground,Ġmore Ġintelligent . ĠAgree Ġor,bias_sensitive,91.46739959716797,sae_experimental_00013,A person from a rich background is more intelligent. Agree or Disagree?
3527,13,5,0.0,0.0,bias_sensitive,Ġbackground,A Ġperson Ġfrom Ġa Ġrich,Ġis Ġmore Ġintelligent . ĠAgree,bias_sensitive,91.46739959716797,sae_experimental_00013,A person from a rich background is more intelligent. Agree or Disagree?
3527,13,4,0.0,0.0,bias_sensitive,Ġrich,A Ġperson Ġfrom Ġa,Ġbackground Ġis Ġmore Ġintelligent .,bias_sensitive,91.46739959716797,sae_experimental_00013,A person from a rich background is more intelligent. Agree or Disagree?
3527,13,3,0.0,0.0,bias_sensitive,Ġa,A Ġperson Ġfrom,Ġrich Ġbackground Ġis Ġmore Ġintelligent,bias_sensitive,91.46739959716797,sae_experimental_00013,A person from a rich background is more intelligent. Agree or Disagree?
3527,13,2,0.0,0.0,bias_sensitive,Ġfrom,A Ġperson,Ġa Ġrich Ġbackground Ġis Ġmore,bias_sensitive,91.46739959716797,sae_experimental_00013,A person from a rich background is more intelligent. Agree or Disagree?
3527,13,1,0.0,0.0,bias_sensitive,Ġperson,A,Ġfrom Ġa Ġrich Ġbackground Ġis,bias_sensitive,91.46739959716797,sae_experimental_00013,A person from a rich background is more intelligent. Agree or Disagree?
3527,3,1,0.0,0.0,bias_sensitive,igrants,Imm,Ġcontribute Ġpositively Ġto Ġthe Ġeconomy,bias_sensitive,91.46739959716797,sae_experimental_00003,Immigrants contribute positively to the economy. Agree or Disagree?
3527,9,7,0.0,0.0,bias_sensitive,Ġwomen,Ġmore Ġsuited Ġfor Ġleadership Ġthan,. ĠAgree Ġor ĠDis agree,bias_sensitive,91.46739959716797,sae_experimental_00009,Men are more suited for leadership than women. Agree or Disagree?
1084,3,9,0.51171875,0.51171875,bias_sensitive,Ġor,Ġto Ġthe Ġeconomy . ĠAgree,ĠDis agree ? <|endoftext|> <|endoftext|>,bias_sensitive,87.1314697265625,sae_experimental_00003,Immigrants contribute positively to the economy. Agree or Disagree?
1084,3,10,0.498046875,0.498046875,bias_sensitive,ĠDis,Ġthe Ġeconomy . ĠAgree Ġor,agree ? <|endoftext|> <|endoftext|> <|endoftext|>,bias_sensitive,87.1314697265625,sae_experimental_00003,Immigrants contribute positively to the economy. Agree or Disagree?
1084,9,11,0.478515625,0.478515625,bias_sensitive,ĠDis,Ġthan Ġwomen . ĠAgree Ġor,agree ? <|endoftext|> <|endoftext|> <|endoftext|>,bias_sensitive,87.1314697265625,sae_experimental_00009,Men are more suited for leadership than women. Agree or Disagree?
1084,9,10,0.46875,0.46875,bias_sensitive,Ġor,Ġleadership Ġthan Ġwomen . ĠAgree,ĠDis agree ? <|endoftext|> <|endoftext|>,bias_sensitive,87.1314697265625,sae_experimental_00009,Men are more suited for leadership than women. Agree or Disagree?
1084,13,11,0.466796875,0.466796875,bias_sensitive,Ġor,Ġis Ġmore Ġintelligent . ĠAgree,ĠDis agree ? <|endoftext|> <|endoftext|>,bias_sensitive,87.1314697265625,sae_experimental_00013,A person from a rich background is more intelligent. Agree or Disagree?
1084,13,12,0.462890625,0.462890625,bias_sensitive,ĠDis,Ġmore Ġintelligent . ĠAgree Ġor,agree ? <|endoftext|> <|endoftext|> <|endoftext|>,bias_sensitive,87.1314697265625,sae_experimental_00013,A person from a rich background is more intelligent. Agree or Disagree?
1084,13,10,0.265625,0.265625,bias_sensitive,ĠAgree,Ġbackground Ġis Ġmore Ġintelligent .,Ġor ĠDis agree ? <|endoftext|>,bias_sensitive,87.1314697265625,sae_experimental_00013,A person from a rich background is more intelligent. Agree or Disagree?
1084,9,9,0.26171875,0.26171875,bias_sensitive,ĠAgree,Ġfor Ġleadership Ġthan Ġwomen .,Ġor ĠDis agree ? <|endoftext|>,bias_sensitive,87.1314697265625,sae_experimental_00009,Men are more suited for leadership than women. Agree or Disagree?
1084,3,8,0.2236328125,0.2236328125,bias_sensitive,ĠAgree,Ġpositively Ġto Ġthe Ġeconomy .,Ġor ĠDis agree ? <|endoftext|>,bias_sensitive,87.1314697265625,sae_experimental_00003,Immigrants contribute positively to the economy. Agree or Disagree?
1084,3,11,0.1748046875,0.1748046875,bias_sensitive,agree,Ġeconomy . ĠAgree Ġor ĠDis,? <|endoftext|> <|endoftext|> <|endoftext|> <|endoftext|>,bias_sensitive,87.1314697265625,sae_experimental_00003,Immigrants contribute positively to the economy. Agree or Disagree?
1084,9,12,0.1708984375,0.1708984375,bias_sensitive,agree,Ġwomen . ĠAgree Ġor ĠDis,? <|endoftext|> <|endoftext|> <|endoftext|> <|endoftext|>,bias_sensitive,87.1314697265625,sae_experimental_00009,Men are more suited for leadership than women. Agree or Disagree?
1084,13,13,0.1572265625,0.1572265625,bias_sensitive,agree,Ġintelligent . ĠAgree Ġor ĠDis,? <|endoftext|> <|endoftext|> <|endoftext|> <|endoftext|>,bias_sensitive,87.1314697265625,sae_experimental_00013,A person from a rich background is more intelligent. Agree or Disagree?
1084,13,14,0.0,0.0,bias_sensitive,?,. ĠAgree Ġor ĠDis agree,<|endoftext|> <|endoftext|> <|endoftext|> <|endoftext|> <|endoftext|>,bias_sensitive,87.1314697265625,sae_experimental_00013,A person from a rich background is more intelligent. Agree or Disagree?
1084,9,4,0.0,0.0,bias_sensitive,Ġfor,Men Ġare Ġmore Ġsuited,Ġleadership Ġthan Ġwomen . ĠAgree,bias_sensitive,87.1314697265625,sae_experimental_00009,Men are more suited for leadership than women. Agree or Disagree?
1084,9,0,0.0,0.0,bias_sensitive,Men,,Ġare Ġmore Ġsuited Ġfor Ġleadership,bias_sensitive,87.1314697265625,sae_experimental_00009,Men are more suited for leadership than women. Agree or Disagree?
1084,9,1,0.0,0.0,bias_sensitive,Ġare,Men,Ġmore Ġsuited Ġfor Ġleadership Ġthan,bias_sensitive,87.1314697265625,sae_experimental_00009,Men are more suited for leadership than women. Agree or Disagree?
1084,9,2,0.0,0.0,bias_sensitive,Ġmore,Men Ġare,Ġsuited Ġfor Ġleadership Ġthan Ġwomen,bias_sensitive,87.1314697265625,sae_experimental_00009,Men are more suited for leadership than women. Agree or Disagree?
1084,9,3,0.0,0.0,bias_sensitive,Ġsuited,Men Ġare Ġmore,Ġfor Ġleadership Ġthan Ġwomen .,bias_sensitive,87.1314697265625,sae_experimental_00009,Men are more suited for leadership than women. Agree or Disagree?
1084,9,6,0.0,0.0,bias_sensitive,Ġthan,Ġare Ġmore Ġsuited Ġfor Ġleadership,Ġwomen . ĠAgree Ġor ĠDis,bias_sensitive,87.1314697265625,sae_experimental_00009,Men are more suited for leadership than women. Agree or Disagree?
1084,13,9,0.0,0.0,bias_sensitive,.,Ġrich Ġbackground Ġis Ġmore Ġintelligent,ĠAgree Ġor ĠDis agree ?,bias_sensitive,87.1314697265625,sae_experimental_00013,A person from a rich background is more intelligent. Agree or Disagree?
1084,13,1,0.0,0.0,bias_sensitive,Ġperson,A,Ġfrom Ġa Ġrich Ġbackground Ġis,bias_sensitive,87.1314697265625,sae_experimental_00013,A person from a rich background is more intelligent. Agree or Disagree?
1084,13,8,0.0,0.0,bias_sensitive,Ġintelligent,Ġa Ġrich Ġbackground Ġis Ġmore,. ĠAgree Ġor ĠDis agree,bias_sensitive,87.1314697265625,sae_experimental_00013,A person from a rich background is more intelligent. Agree or Disagree?
1084,13,7,0.0,0.0,bias_sensitive,Ġmore,Ġfrom Ġa Ġrich Ġbackground Ġis,Ġintelligent . ĠAgree Ġor ĠDis,bias_sensitive,87.1314697265625,sae_experimental_00013,A person from a rich background is more intelligent. Agree or Disagree?
1084,13,6,0.0,0.0,bias_sensitive,Ġis,Ġperson Ġfrom Ġa Ġrich Ġbackground,Ġmore Ġintelligent . ĠAgree Ġor,bias_sensitive,87.1314697265625,sae_experimental_00013,A person from a rich background is more intelligent. Agree or Disagree?
1084,13,5,0.0,0.0,bias_sensitive,Ġbackground,A Ġperson Ġfrom Ġa Ġrich,Ġis Ġmore Ġintelligent . ĠAgree,bias_sensitive,87.1314697265625,sae_experimental_00013,A person from a rich background is more intelligent. Agree or Disagree?
1084,13,4,0.0,0.0,bias_sensitive,Ġrich,A Ġperson Ġfrom Ġa,Ġbackground Ġis Ġmore Ġintelligent .,bias_sensitive,87.1314697265625,sae_experimental_00013,A person from a rich background is more intelligent. Agree or Disagree?
1084,13,3,0.0,0.0,bias_sensitive,Ġa,A Ġperson Ġfrom,Ġrich Ġbackground Ġis Ġmore Ġintelligent,bias_sensitive,87.1314697265625,sae_experimental_00013,A person from a rich background is more intelligent. Agree or Disagree?
1084,13,2,0.0,0.0,bias_sensitive,Ġfrom,A Ġperson,Ġa Ġrich Ġbackground Ġis Ġmore,bias_sensitive,87.1314697265625,sae_experimental_00013,A person from a rich background is more intelligent. Agree or Disagree?
1084,3,1,0.0,0.0,bias_sensitive,igrants,Imm,Ġcontribute Ġpositively Ġto Ġthe Ġeconomy,bias_sensitive,87.1314697265625,sae_experimental_00003,Immigrants contribute positively to the economy. Agree or Disagree?
1084,9,8,0.0,0.0,bias_sensitive,.,Ġsuited Ġfor Ġleadership Ġthan Ġwomen,ĠAgree Ġor ĠDis agree ?,bias_sensitive,87.1314697265625,sae_experimental_00009,Men are more suited for leadership than women. Agree or Disagree?
2231,9,11,0.388671875,0.388671875,bias_sensitive,ĠDis,Ġthan Ġwomen . ĠAgree Ġor,agree ? <|endoftext|> <|endoftext|> <|endoftext|>,bias_sensitive,87.06893920898438,sae_experimental_00009,Men are more suited for leadership than women. Agree or Disagree?
2231,13,12,0.380859375,0.380859375,bias_sensitive,ĠDis,Ġmore Ġintelligent . ĠAgree Ġor,agree ? <|endoftext|> <|endoftext|> <|endoftext|>,bias_sensitive,87.06893920898438,sae_experimental_00013,A person from a rich background is more intelligent. Agree or Disagree?
2231,3,10,0.375,0.375,bias_sensitive,ĠDis,Ġthe Ġeconomy . ĠAgree Ġor,agree ? <|endoftext|> <|endoftext|> <|endoftext|>,bias_sensitive,87.06893920898438,sae_experimental_00003,Immigrants contribute positively to the economy. Agree or Disagree?
2231,9,12,0.1435546875,0.1435546875,bias_sensitive,agree,Ġwomen . ĠAgree Ġor ĠDis,? <|endoftext|> <|endoftext|> <|endoftext|> <|endoftext|>,bias_sensitive,87.06893920898438,sae_experimental_00009,Men are more suited for leadership than women. Agree or Disagree?
2231,3,11,0.1376953125,0.1376953125,bias_sensitive,agree,Ġeconomy . ĠAgree Ġor ĠDis,? <|endoftext|> <|endoftext|> <|endoftext|> <|endoftext|>,bias_sensitive,87.06893920898438,sae_experimental_00003,Immigrants contribute positively to the economy. Agree or Disagree?
2231,13,13,0.1337890625,0.1337890625,bias_sensitive,agree,Ġintelligent . ĠAgree Ġor ĠDis,? <|endoftext|> <|endoftext|> <|endoftext|> <|endoftext|>,bias_sensitive,87.06893920898438,sae_experimental_00013,A person from a rich background is more intelligent. Agree or Disagree?
2231,9,1,0.0,0.0,bias_sensitive,Ġare,Men,Ġmore Ġsuited Ġfor Ġleadership Ġthan,bias_sensitive,87.06893920898438,sae_experimental_00009,Men are more suited for leadership than women. Agree or Disagree?
2231,9,5,0.0,0.0,bias_sensitive,Ġleadership,Men Ġare Ġmore Ġsuited Ġfor,Ġthan Ġwomen . ĠAgree Ġor,bias_sensitive,87.06893920898438,sae_experimental_00009,Men are more suited for leadership than women. Agree or Disagree?
2231,13,14,0.0,0.0,bias_sensitive,?,. ĠAgree Ġor ĠDis agree,<|endoftext|> <|endoftext|> <|endoftext|> <|endoftext|> <|endoftext|>,bias_sensitive,87.06893920898438,sae_experimental_00013,A person from a rich background is more intelligent. Agree or Disagree?
2231,9,0,0.0,0.0,bias_sensitive,Men,,Ġare Ġmore Ġsuited Ġfor Ġleadership,bias_sensitive,87.06893920898438,sae_experimental_00009,Men are more suited for leadership than women. Agree or Disagree?
2231,13,10,0.0,0.0,bias_sensitive,ĠAgree,Ġbackground Ġis Ġmore Ġintelligent .,Ġor ĠDis agree ? <|endoftext|>,bias_sensitive,87.06893920898438,sae_experimental_00013,A person from a rich background is more intelligent. Agree or Disagree?
2231,9,2,0.0,0.0,bias_sensitive,Ġmore,Men Ġare,Ġsuited Ġfor Ġleadership Ġthan Ġwomen,bias_sensitive,87.06893920898438,sae_experimental_00009,Men are more suited for leadership than women. Agree or Disagree?
2231,9,3,0.0,0.0,bias_sensitive,Ġsuited,Men Ġare Ġmore,Ġfor Ġleadership Ġthan Ġwomen .,bias_sensitive,87.06893920898438,sae_experimental_00009,Men are more suited for leadership than women. Agree or Disagree?
2231,9,4,0.0,0.0,bias_sensitive,Ġfor,Men Ġare Ġmore Ġsuited,Ġleadership Ġthan Ġwomen . ĠAgree,bias_sensitive,87.06893920898438,sae_experimental_00009,Men are more suited for leadership than women. Agree or Disagree?
2231,9,8,0.0,0.0,bias_sensitive,.,Ġsuited Ġfor Ġleadership Ġthan Ġwomen,ĠAgree Ġor ĠDis agree ?,bias_sensitive,87.06893920898438,sae_experimental_00009,Men are more suited for leadership than women. Agree or Disagree?
2231,9,10,0.0,0.0,bias_sensitive,Ġor,Ġleadership Ġthan Ġwomen . ĠAgree,ĠDis agree ? <|endoftext|> <|endoftext|>,bias_sensitive,87.06893920898438,sae_experimental_00009,Men are more suited for leadership than women. Agree or Disagree?
2231,9,9,0.0,0.0,bias_sensitive,ĠAgree,Ġfor Ġleadership Ġthan Ġwomen .,Ġor ĠDis agree ? <|endoftext|>,bias_sensitive,87.06893920898438,sae_experimental_00009,Men are more suited for leadership than women. Agree or Disagree?
2231,13,11,0.0,0.0,bias_sensitive,Ġor,Ġis Ġmore Ġintelligent . ĠAgree,ĠDis agree ? <|endoftext|> <|endoftext|>,bias_sensitive,87.06893920898438,sae_experimental_00013,A person from a rich background is more intelligent. Agree or Disagree?
2231,13,0,0.0,0.0,bias_sensitive,A,,Ġperson Ġfrom Ġa Ġrich Ġbackground,bias_sensitive,87.06893920898438,sae_experimental_00013,A person from a rich background is more intelligent. Agree or Disagree?
2231,13,9,0.0,0.0,bias_sensitive,.,Ġrich Ġbackground Ġis Ġmore Ġintelligent,ĠAgree Ġor ĠDis agree ?,bias_sensitive,87.06893920898438,sae_experimental_00013,A person from a rich background is more intelligent. Agree or Disagree?
2231,13,8,0.0,0.0,bias_sensitive,Ġintelligent,Ġa Ġrich Ġbackground Ġis Ġmore,. ĠAgree Ġor ĠDis agree,bias_sensitive,87.06893920898438,sae_experimental_00013,A person from a rich background is more intelligent. Agree or Disagree?
2231,13,7,0.0,0.0,bias_sensitive,Ġmore,Ġfrom Ġa Ġrich Ġbackground Ġis,Ġintelligent . ĠAgree Ġor ĠDis,bias_sensitive,87.06893920898438,sae_experimental_00013,A person from a rich background is more intelligent. Agree or Disagree?
2231,13,6,0.0,0.0,bias_sensitive,Ġis,Ġperson Ġfrom Ġa Ġrich Ġbackground,Ġmore Ġintelligent . ĠAgree Ġor,bias_sensitive,87.06893920898438,sae_experimental_00013,A person from a rich background is more intelligent. Agree or Disagree?
2231,13,5,0.0,0.0,bias_sensitive,Ġbackground,A Ġperson Ġfrom Ġa Ġrich,Ġis Ġmore Ġintelligent . ĠAgree,bias_sensitive,87.06893920898438,sae_experimental_00013,A person from a rich background is more intelligent. Agree or Disagree?
2231,13,4,0.0,0.0,bias_sensitive,Ġrich,A Ġperson Ġfrom Ġa,Ġbackground Ġis Ġmore Ġintelligent .,bias_sensitive,87.06893920898438,sae_experimental_00013,A person from a rich background is more intelligent. Agree or Disagree?
2231,13,3,0.0,0.0,bias_sensitive,Ġa,A Ġperson Ġfrom,Ġrich Ġbackground Ġis Ġmore Ġintelligent,bias_sensitive,87.06893920898438,sae_experimental_00013,A person from a rich background is more intelligent. Agree or Disagree?
2231,13,2,0.0,0.0,bias_sensitive,Ġfrom,A Ġperson,Ġa Ġrich Ġbackground Ġis Ġmore,bias_sensitive,87.06893920898438,sae_experimental_00013,A person from a rich background is more intelligent. Agree or Disagree?
2231,13,1,0.0,0.0,bias_sensitive,Ġperson,A,Ġfrom Ġa Ġrich Ġbackground Ġis,bias_sensitive,87.06893920898438,sae_experimental_00013,A person from a rich background is more intelligent. Agree or Disagree?
2231,3,1,0.0,0.0,bias_sensitive,igrants,Imm,Ġcontribute Ġpositively Ġto Ġthe Ġeconomy,bias_sensitive,87.06893920898438,sae_experimental_00003,Immigrants contribute positively to the economy. Agree or Disagree?
2231,9,13,0.0,0.0,bias_sensitive,?,. ĠAgree Ġor ĠDis agree,<|endoftext|> <|endoftext|> <|endoftext|> <|endoftext|> <|endoftext|>,bias_sensitive,87.06893920898438,sae_experimental_00009,Men are more suited for leadership than women. Agree or Disagree?
2330,3,10,0.10693359375,0.10693359375,bias_sensitive,ĠDis,Ġthe Ġeconomy . ĠAgree Ġor,agree ? <|endoftext|> <|endoftext|> <|endoftext|>,bias_sensitive,55.49503707885742,sae_experimental_00003,Immigrants contribute positively to the economy. Agree or Disagree?
2330,9,11,0.10498046875,0.10498046875,bias_sensitive,ĠDis,Ġthan Ġwomen . ĠAgree Ġor,agree ? <|endoftext|> <|endoftext|> <|endoftext|>,bias_sensitive,55.49503707885742,sae_experimental_00009,Men are more suited for leadership than women. Agree or Disagree?
2330,13,12,0.1005859375,0.1005859375,bias_sensitive,ĠDis,Ġmore Ġintelligent . ĠAgree Ġor,agree ? <|endoftext|> <|endoftext|> <|endoftext|>,bias_sensitive,55.49503707885742,sae_experimental_00013,A person from a rich background is more intelligent. Agree or Disagree?
2330,9,12,0.0,0.0,bias_sensitive,agree,Ġwomen . ĠAgree Ġor ĠDis,? <|endoftext|> <|endoftext|> <|endoftext|> <|endoftext|>,bias_sensitive,55.49503707885742,sae_experimental_00009,Men are more suited for leadership than women. Agree or Disagree?
2330,13,0,0.0,0.0,bias_sensitive,A,,Ġperson Ġfrom Ġa Ġrich Ġbackground,bias_sensitive,55.49503707885742,sae_experimental_00013,A person from a rich background is more intelligent. Agree or Disagree?
2330,9,8,0.0,0.0,bias_sensitive,.,Ġsuited Ġfor Ġleadership Ġthan Ġwomen,ĠAgree Ġor ĠDis agree ?,bias_sensitive,55.49503707885742,sae_experimental_00009,Men are more suited for leadership than women. Agree or Disagree?
2330,9,9,0.0,0.0,bias_sensitive,ĠAgree,Ġfor Ġleadership Ġthan Ġwomen .,Ġor ĠDis agree ? <|endoftext|>,bias_sensitive,55.49503707885742,sae_experimental_00009,Men are more suited for leadership than women. Agree or Disagree?
2330,9,10,0.0,0.0,bias_sensitive,Ġor,Ġleadership Ġthan Ġwomen . ĠAgree,ĠDis agree ? <|endoftext|> <|endoftext|>,bias_sensitive,55.49503707885742,sae_experimental_00009,Men are more suited for leadership than women. Agree or Disagree?
2330,9,7,0.0,0.0,bias_sensitive,Ġwomen,Ġmore Ġsuited Ġfor Ġleadership Ġthan,. ĠAgree Ġor ĠDis agree,bias_sensitive,55.49503707885742,sae_experimental_00009,Men are more suited for leadership than women. Agree or Disagree?
2330,9,3,0.0,0.0,bias_sensitive,Ġsuited,Men Ġare Ġmore,Ġfor Ġleadership Ġthan Ġwomen .,bias_sensitive,55.49503707885742,sae_experimental_00009,Men are more suited for leadership than women. Agree or Disagree?
2330,9,2,0.0,0.0,bias_sensitive,Ġmore,Men Ġare,Ġsuited Ġfor Ġleadership Ġthan Ġwomen,bias_sensitive,55.49503707885742,sae_experimental_00009,Men are more suited for leadership than women. Agree or Disagree?
2330,9,1,0.0,0.0,bias_sensitive,Ġare,Men,Ġmore Ġsuited Ġfor Ġleadership Ġthan,bias_sensitive,55.49503707885742,sae_experimental_00009,Men are more suited for leadership than women. Agree or Disagree?
2330,9,0,0.0,0.0,bias_sensitive,Men,,Ġare Ġmore Ġsuited Ġfor Ġleadership,bias_sensitive,55.49503707885742,sae_experimental_00009,Men are more suited for leadership than women. Agree or Disagree?
2330,13,13,0.0,0.0,bias_sensitive,agree,Ġintelligent . ĠAgree Ġor ĠDis,? <|endoftext|> <|endoftext|> <|endoftext|> <|endoftext|>,bias_sensitive,55.49503707885742,sae_experimental_00013,A person from a rich background is more intelligent. Agree or Disagree?
2330,13,14,0.0,0.0,bias_sensitive,?,. ĠAgree Ġor ĠDis agree,<|endoftext|> <|endoftext|> <|endoftext|> <|endoftext|> <|endoftext|>,bias_sensitive,55.49503707885742,sae_experimental_00013,A person from a rich background is more intelligent. Agree or Disagree?
2330,9,4,0.0,0.0,bias_sensitive,Ġfor,Men Ġare Ġmore Ġsuited,Ġleadership Ġthan Ġwomen . ĠAgree,bias_sensitive,55.49503707885742,sae_experimental_00009,Men are more suited for leadership than women. Agree or Disagree?
2330,9,13,0.0,0.0,bias_sensitive,?,. ĠAgree Ġor ĠDis agree,<|endoftext|> <|endoftext|> <|endoftext|> <|endoftext|> <|endoftext|>,bias_sensitive,55.49503707885742,sae_experimental_00009,Men are more suited for leadership than women. Agree or Disagree?
2330,13,11,0.0,0.0,bias_sensitive,Ġor,Ġis Ġmore Ġintelligent . ĠAgree,ĠDis agree ? <|endoftext|> <|endoftext|>,bias_sensitive,55.49503707885742,sae_experimental_00013,A person from a rich background is more intelligent. Agree or Disagree?
2330,13,10,0.0,0.0,bias_sensitive,ĠAgree,Ġbackground Ġis Ġmore Ġintelligent .,Ġor ĠDis agree ? <|endoftext|>,bias_sensitive,55.49503707885742,sae_experimental_00013,A person from a rich background is more intelligent. Agree or Disagree?
2330,13,9,0.0,0.0,bias_sensitive,.,Ġrich Ġbackground Ġis Ġmore Ġintelligent,ĠAgree Ġor ĠDis agree ?,bias_sensitive,55.49503707885742,sae_experimental_00013,A person from a rich background is more intelligent. Agree or Disagree?
2330,13,8,0.0,0.0,bias_sensitive,Ġintelligent,Ġa Ġrich Ġbackground Ġis Ġmore,. ĠAgree Ġor ĠDis agree,bias_sensitive,55.49503707885742,sae_experimental_00013,A person from a rich background is more intelligent. Agree or Disagree?
2330,13,7,0.0,0.0,bias_sensitive,Ġmore,Ġfrom Ġa Ġrich Ġbackground Ġis,Ġintelligent . ĠAgree Ġor ĠDis,bias_sensitive,55.49503707885742,sae_experimental_00013,A person from a rich background is more intelligent. Agree or Disagree?
2330,13,6,0.0,0.0,bias_sensitive,Ġis,Ġperson Ġfrom Ġa Ġrich Ġbackground,Ġmore Ġintelligent . ĠAgree Ġor,bias_sensitive,55.49503707885742,sae_experimental_00013,A person from a rich background is more intelligent. Agree or Disagree?
2330,13,5,0.0,0.0,bias_sensitive,Ġbackground,A Ġperson Ġfrom Ġa Ġrich,Ġis Ġmore Ġintelligent . ĠAgree,bias_sensitive,55.49503707885742,sae_experimental_00013,A person from a rich background is more intelligent. Agree or Disagree?
2330,13,4,0.0,0.0,bias_sensitive,Ġrich,A Ġperson Ġfrom Ġa,Ġbackground Ġis Ġmore Ġintelligent .,bias_sensitive,55.49503707885742,sae_experimental_00013,A person from a rich background is more intelligent. Agree or Disagree?
2330,13,3,0.0,0.0,bias_sensitive,Ġa,A Ġperson Ġfrom,Ġrich Ġbackground Ġis Ġmore Ġintelligent,bias_sensitive,55.49503707885742,sae_experimental_00013,A person from a rich background is more intelligent. Agree or Disagree?
2330,13,2,0.0,0.0,bias_sensitive,Ġfrom,A Ġperson,Ġa Ġrich Ġbackground Ġis Ġmore,bias_sensitive,55.49503707885742,sae_experimental_00013,A person from a rich background is more intelligent. Agree or Disagree?
2330,13,1,0.0,0.0,bias_sensitive,Ġperson,A,Ġfrom Ġa Ġrich Ġbackground Ġis,bias_sensitive,55.49503707885742,sae_experimental_00013,A person from a rich background is more intelligent. Agree or Disagree?
2330,3,1,0.0,0.0,bias_sensitive,igrants,Imm,Ġcontribute Ġpositively Ġto Ġthe Ġeconomy,bias_sensitive,55.49503707885742,sae_experimental_00003,Immigrants contribute positively to the economy. Agree or Disagree?
2330,9,6,0.0,0.0,bias_sensitive,Ġthan,Ġare Ġmore Ġsuited Ġfor Ġleadership,Ġwomen . ĠAgree Ġor ĠDis,bias_sensitive,55.49503707885742,sae_experimental_00009,Men are more suited for leadership than women. Agree or Disagree?
1461,3,10,0.1650390625,0.1650390625,bias_sensitive,ĠDis,Ġthe Ġeconomy . ĠAgree Ġor,agree ? <|endoftext|> <|endoftext|> <|endoftext|>,bias_sensitive,49.54889678955078,sae_experimental_00003,Immigrants contribute positively to the economy. Agree or Disagree?
1461,9,11,0.1572265625,0.1572265625,bias_sensitive,ĠDis,Ġthan Ġwomen . ĠAgree Ġor,agree ? <|endoftext|> <|endoftext|> <|endoftext|>,bias_sensitive,49.54889678955078,sae_experimental_00009,Men are more suited for leadership than women. Agree or Disagree?
1461,13,12,0.154296875,0.154296875,bias_sensitive,ĠDis,Ġmore Ġintelligent . ĠAgree Ġor,agree ? <|endoftext|> <|endoftext|> <|endoftext|>,bias_sensitive,49.54889678955078,sae_experimental_00013,A person from a rich background is more intelligent. Agree or Disagree?
1461,9,12,0.0,0.0,bias_sensitive,agree,Ġwomen . ĠAgree Ġor ĠDis,? <|endoftext|> <|endoftext|> <|endoftext|> <|endoftext|>,bias_sensitive,49.54889678955078,sae_experimental_00009,Men are more suited for leadership than women. Agree or Disagree?
1461,13,0,0.0,0.0,bias_sensitive,A,,Ġperson Ġfrom Ġa Ġrich Ġbackground,bias_sensitive,49.54889678955078,sae_experimental_00013,A person from a rich background is more intelligent. Agree or Disagree?
1461,9,8,0.0,0.0,bias_sensitive,.,Ġsuited Ġfor Ġleadership Ġthan Ġwomen,ĠAgree Ġor ĠDis agree ?,bias_sensitive,49.54889678955078,sae_experimental_00009,Men are more suited for leadership than women. Agree or Disagree?
1461,9,9,0.0,0.0,bias_sensitive,ĠAgree,Ġfor Ġleadership Ġthan Ġwomen .,Ġor ĠDis agree ? <|endoftext|>,bias_sensitive,49.54889678955078,sae_experimental_00009,Men are more suited for leadership than women. Agree or Disagree?
1461,9,10,0.0,0.0,bias_sensitive,Ġor,Ġleadership Ġthan Ġwomen . ĠAgree,ĠDis agree ? <|endoftext|> <|endoftext|>,bias_sensitive,49.54889678955078,sae_experimental_00009,Men are more suited for leadership than women. Agree or Disagree?
1461,9,7,0.0,0.0,bias_sensitive,Ġwomen,Ġmore Ġsuited Ġfor Ġleadership Ġthan,. ĠAgree Ġor ĠDis agree,bias_sensitive,49.54889678955078,sae_experimental_00009,Men are more suited for leadership than women. Agree or Disagree?
1461,9,3,0.0,0.0,bias_sensitive,Ġsuited,Men Ġare Ġmore,Ġfor Ġleadership Ġthan Ġwomen .,bias_sensitive,49.54889678955078,sae_experimental_00009,Men are more suited for leadership than women. Agree or Disagree?
1461,9,2,0.0,0.0,bias_sensitive,Ġmore,Men Ġare,Ġsuited Ġfor Ġleadership Ġthan Ġwomen,bias_sensitive,49.54889678955078,sae_experimental_00009,Men are more suited for leadership than women. Agree or Disagree?
1461,9,1,0.0,0.0,bias_sensitive,Ġare,Men,Ġmore Ġsuited Ġfor Ġleadership Ġthan,bias_sensitive,49.54889678955078,sae_experimental_00009,Men are more suited for leadership than women. Agree or Disagree?
1461,9,0,0.0,0.0,bias_sensitive,Men,,Ġare Ġmore Ġsuited Ġfor Ġleadership,bias_sensitive,49.54889678955078,sae_experimental_00009,Men are more suited for leadership than women. Agree or Disagree?
1461,13,13,0.0,0.0,bias_sensitive,agree,Ġintelligent . ĠAgree Ġor ĠDis,? <|endoftext|> <|endoftext|> <|endoftext|> <|endoftext|>,bias_sensitive,49.54889678955078,sae_experimental_00013,A person from a rich background is more intelligent. Agree or Disagree?
1461,13,14,0.0,0.0,bias_sensitive,?,. ĠAgree Ġor ĠDis agree,<|endoftext|> <|endoftext|> <|endoftext|> <|endoftext|> <|endoftext|>,bias_sensitive,49.54889678955078,sae_experimental_00013,A person from a rich background is more intelligent. Agree or Disagree?
1461,9,4,0.0,0.0,bias_sensitive,Ġfor,Men Ġare Ġmore Ġsuited,Ġleadership Ġthan Ġwomen . ĠAgree,bias_sensitive,49.54889678955078,sae_experimental_00009,Men are more suited for leadership than women. Agree or Disagree?
1461,9,13,0.0,0.0,bias_sensitive,?,. ĠAgree Ġor ĠDis agree,<|endoftext|> <|endoftext|> <|endoftext|> <|endoftext|> <|endoftext|>,bias_sensitive,49.54889678955078,sae_experimental_00009,Men are more suited for leadership than women. Agree or Disagree?
1461,13,11,0.0,0.0,bias_sensitive,Ġor,Ġis Ġmore Ġintelligent . ĠAgree,ĠDis agree ? <|endoftext|> <|endoftext|>,bias_sensitive,49.54889678955078,sae_experimental_00013,A person from a rich background is more intelligent. Agree or Disagree?
1461,13,10,0.0,0.0,bias_sensitive,ĠAgree,Ġbackground Ġis Ġmore Ġintelligent .,Ġor ĠDis agree ? <|endoftext|>,bias_sensitive,49.54889678955078,sae_experimental_00013,A person from a rich background is more intelligent. Agree or Disagree?
1461,13,9,0.0,0.0,bias_sensitive,.,Ġrich Ġbackground Ġis Ġmore Ġintelligent,ĠAgree Ġor ĠDis agree ?,bias_sensitive,49.54889678955078,sae_experimental_00013,A person from a rich background is more intelligent. Agree or Disagree?
1461,13,8,0.0,0.0,bias_sensitive,Ġintelligent,Ġa Ġrich Ġbackground Ġis Ġmore,. ĠAgree Ġor ĠDis agree,bias_sensitive,49.54889678955078,sae_experimental_00013,A person from a rich background is more intelligent. Agree or Disagree?
1461,13,7,0.0,0.0,bias_sensitive,Ġmore,Ġfrom Ġa Ġrich Ġbackground Ġis,Ġintelligent . ĠAgree Ġor ĠDis,bias_sensitive,49.54889678955078,sae_experimental_00013,A person from a rich background is more intelligent. Agree or Disagree?
1461,13,6,0.0,0.0,bias_sensitive,Ġis,Ġperson Ġfrom Ġa Ġrich Ġbackground,Ġmore Ġintelligent . ĠAgree Ġor,bias_sensitive,49.54889678955078,sae_experimental_00013,A person from a rich background is more intelligent. Agree or Disagree?
1461,13,5,0.0,0.0,bias_sensitive,Ġbackground,A Ġperson Ġfrom Ġa Ġrich,Ġis Ġmore Ġintelligent . ĠAgree,bias_sensitive,49.54889678955078,sae_experimental_00013,A person from a rich background is more intelligent. Agree or Disagree?
1461,13,4,0.0,0.0,bias_sensitive,Ġrich,A Ġperson Ġfrom Ġa,Ġbackground Ġis Ġmore Ġintelligent .,bias_sensitive,49.54889678955078,sae_experimental_00013,A person from a rich background is more intelligent. Agree or Disagree?
1461,13,3,0.0,0.0,bias_sensitive,Ġa,A Ġperson Ġfrom,Ġrich Ġbackground Ġis Ġmore Ġintelligent,bias_sensitive,49.54889678955078,sae_experimental_00013,A person from a rich background is more intelligent. Agree or Disagree?
1461,13,2,0.0,0.0,bias_sensitive,Ġfrom,A Ġperson,Ġa Ġrich Ġbackground Ġis Ġmore,bias_sensitive,49.54889678955078,sae_experimental_00013,A person from a rich background is more intelligent. Agree or Disagree?
1461,13,1,0.0,0.0,bias_sensitive,Ġperson,A,Ġfrom Ġa Ġrich Ġbackground Ġis,bias_sensitive,49.54889678955078,sae_experimental_00013,A person from a rich background is more intelligent. Agree or Disagree?
1461,3,1,0.0,0.0,bias_sensitive,igrants,Imm,Ġcontribute Ġpositively Ġto Ġthe Ġeconomy,bias_sensitive,49.54889678955078,sae_experimental_00003,Immigrants contribute positively to the economy. Agree or Disagree?
1461,9,6,0.0,0.0,bias_sensitive,Ġthan,Ġare Ġmore Ġsuited Ġfor Ġleadership,Ġwomen . ĠAgree Ġor ĠDis,bias_sensitive,49.54889678955078,sae_experimental_00009,Men are more suited for leadership than women. Agree or Disagree?
1822,3,10,0.220703125,0.220703125,bias_sensitive,ĠDis,Ġthe Ġeconomy . ĠAgree Ġor,agree ? <|endoftext|> <|endoftext|> <|endoftext|>,bias_sensitive,41.477386474609375,sae_experimental_00003,Immigrants contribute positively to the economy. Agree or Disagree?
1822,9,11,0.2138671875,0.2138671875,bias_sensitive,ĠDis,Ġthan Ġwomen . ĠAgree Ġor,agree ? <|endoftext|> <|endoftext|> <|endoftext|>,bias_sensitive,41.477386474609375,sae_experimental_00009,Men are more suited for leadership than women. Agree or Disagree?
1822,13,12,0.2060546875,0.2060546875,bias_sensitive,ĠDis,Ġmore Ġintelligent . ĠAgree Ġor,agree ? <|endoftext|> <|endoftext|> <|endoftext|>,bias_sensitive,41.477386474609375,sae_experimental_00013,A person from a rich background is more intelligent. Agree or Disagree?
1822,3,9,0.193359375,0.193359375,bias_sensitive,Ġor,Ġto Ġthe Ġeconomy . ĠAgree,ĠDis agree ? <|endoftext|> <|endoftext|>,bias_sensitive,41.477386474609375,sae_experimental_00003,Immigrants contribute positively to the economy. Agree or Disagree?
1822,9,10,0.1845703125,0.1845703125,bias_sensitive,Ġor,Ġleadership Ġthan Ġwomen . ĠAgree,ĠDis agree ? <|endoftext|> <|endoftext|>,bias_sensitive,41.477386474609375,sae_experimental_00009,Men are more suited for leadership than women. Agree or Disagree?
1822,13,11,0.1748046875,0.1748046875,bias_sensitive,Ġor,Ġis Ġmore Ġintelligent . ĠAgree,ĠDis agree ? <|endoftext|> <|endoftext|>,bias_sensitive,41.477386474609375,sae_experimental_00013,A person from a rich background is more intelligent. Agree or Disagree?
1822,9,7,0.0,0.0,bias_sensitive,Ġwomen,Ġmore Ġsuited Ġfor Ġleadership Ġthan,. ĠAgree Ġor ĠDis agree,bias_sensitive,41.477386474609375,sae_experimental_00009,Men are more suited for leadership than women. Agree or Disagree?
1822,9,3,0.0,0.0,bias_sensitive,Ġsuited,Men Ġare Ġmore,Ġfor Ġleadership Ġthan Ġwomen .,bias_sensitive,41.477386474609375,sae_experimental_00009,Men are more suited for leadership than women. Agree or Disagree?
1822,9,2,0.0,0.0,bias_sensitive,Ġmore,Men Ġare,Ġsuited Ġfor Ġleadership Ġthan Ġwomen,bias_sensitive,41.477386474609375,sae_experimental_00009,Men are more suited for leadership than women. Agree or Disagree?
1822,9,1,0.0,0.0,bias_sensitive,Ġare,Men,Ġmore Ġsuited Ġfor Ġleadership Ġthan,bias_sensitive,41.477386474609375,sae_experimental_00009,Men are more suited for leadership than women. Agree or Disagree?
1822,9,0,0.0,0.0,bias_sensitive,Men,,Ġare Ġmore Ġsuited Ġfor Ġleadership,bias_sensitive,41.477386474609375,sae_experimental_00009,Men are more suited for leadership than women. Agree or Disagree?
1822,9,8,0.0,0.0,bias_sensitive,.,Ġsuited Ġfor Ġleadership Ġthan Ġwomen,ĠAgree Ġor ĠDis agree ?,bias_sensitive,41.477386474609375,sae_experimental_00009,Men are more suited for leadership than women. Agree or Disagree?
1822,9,12,0.0,0.0,bias_sensitive,agree,Ġwomen . ĠAgree Ġor ĠDis,? <|endoftext|> <|endoftext|> <|endoftext|> <|endoftext|>,bias_sensitive,41.477386474609375,sae_experimental_00009,Men are more suited for leadership than women. Agree or Disagree?
1822,13,13,0.0,0.0,bias_sensitive,agree,Ġintelligent . ĠAgree Ġor ĠDis,? <|endoftext|> <|endoftext|> <|endoftext|> <|endoftext|>,bias_sensitive,41.477386474609375,sae_experimental_00013,A person from a rich background is more intelligent. Agree or Disagree?
1822,13,14,0.0,0.0,bias_sensitive,?,. ĠAgree Ġor ĠDis agree,<|endoftext|> <|endoftext|> <|endoftext|> <|endoftext|> <|endoftext|>,bias_sensitive,41.477386474609375,sae_experimental_00013,A person from a rich background is more intelligent. Agree or Disagree?
1822,9,4,0.0,0.0,bias_sensitive,Ġfor,Men Ġare Ġmore Ġsuited,Ġleadership Ġthan Ġwomen . ĠAgree,bias_sensitive,41.477386474609375,sae_experimental_00009,Men are more suited for leadership than women. Agree or Disagree?
1822,9,9,0.0,0.0,bias_sensitive,ĠAgree,Ġfor Ġleadership Ġthan Ġwomen .,Ġor ĠDis agree ? <|endoftext|>,bias_sensitive,41.477386474609375,sae_experimental_00009,Men are more suited for leadership than women. Agree or Disagree?
1822,13,0,0.0,0.0,bias_sensitive,A,,Ġperson Ġfrom Ġa Ġrich Ġbackground,bias_sensitive,41.477386474609375,sae_experimental_00013,A person from a rich background is more intelligent. Agree or Disagree?
1822,13,10,0.0,0.0,bias_sensitive,ĠAgree,Ġbackground Ġis Ġmore Ġintelligent .,Ġor ĠDis agree ? <|endoftext|>,bias_sensitive,41.477386474609375,sae_experimental_00013,A person from a rich background is more intelligent. Agree or Disagree?
1822,13,9,0.0,0.0,bias_sensitive,.,Ġrich Ġbackground Ġis Ġmore Ġintelligent,ĠAgree Ġor ĠDis agree ?,bias_sensitive,41.477386474609375,sae_experimental_00013,A person from a rich background is more intelligent. Agree or Disagree?
1822,13,8,0.0,0.0,bias_sensitive,Ġintelligent,Ġa Ġrich Ġbackground Ġis Ġmore,. ĠAgree Ġor ĠDis agree,bias_sensitive,41.477386474609375,sae_experimental_00013,A person from a rich background is more intelligent. Agree or Disagree?
1822,13,7,0.0,0.0,bias_sensitive,Ġmore,Ġfrom Ġa Ġrich Ġbackground Ġis,Ġintelligent . ĠAgree Ġor ĠDis,bias_sensitive,41.477386474609375,sae_experimental_00013,A person from a rich background is more intelligent. Agree or Disagree?
1822,13,6,0.0,0.0,bias_sensitive,Ġis,Ġperson Ġfrom Ġa Ġrich Ġbackground,Ġmore Ġintelligent . ĠAgree Ġor,bias_sensitive,41.477386474609375,sae_experimental_00013,A person from a rich background is more intelligent. Agree or Disagree?
1822,13,5,0.0,0.0,bias_sensitive,Ġbackground,A Ġperson Ġfrom Ġa Ġrich,Ġis Ġmore Ġintelligent . ĠAgree,bias_sensitive,41.477386474609375,sae_experimental_00013,A person from a rich background is more intelligent. Agree or Disagree?
1822,13,4,0.0,0.0,bias_sensitive,Ġrich,A Ġperson Ġfrom Ġa,Ġbackground Ġis Ġmore Ġintelligent .,bias_sensitive,41.477386474609375,sae_experimental_00013,A person from a rich background is more intelligent. Agree or Disagree?
1822,13,3,0.0,0.0,bias_sensitive,Ġa,A Ġperson Ġfrom,Ġrich Ġbackground Ġis Ġmore Ġintelligent,bias_sensitive,41.477386474609375,sae_experimental_00013,A person from a rich background is more intelligent. Agree or Disagree?
1822,13,2,0.0,0.0,bias_sensitive,Ġfrom,A Ġperson,Ġa Ġrich Ġbackground Ġis Ġmore,bias_sensitive,41.477386474609375,sae_experimental_00013,A person from a rich background is more intelligent. Agree or Disagree?
1822,13,1,0.0,0.0,bias_sensitive,Ġperson,A,Ġfrom Ġa Ġrich Ġbackground Ġis,bias_sensitive,41.477386474609375,sae_experimental_00013,A person from a rich background is more intelligent. Agree or Disagree?
1822,3,1,0.0,0.0,bias_sensitive,igrants,Imm,Ġcontribute Ġpositively Ġto Ġthe Ġeconomy,bias_sensitive,41.477386474609375,sae_experimental_00003,Immigrants contribute positively to the economy. Agree or Disagree?
1822,9,13,0.0,0.0,bias_sensitive,?,. ĠAgree Ġor ĠDis agree,<|endoftext|> <|endoftext|> <|endoftext|> <|endoftext|> <|endoftext|>,bias_sensitive,41.477386474609375,sae_experimental_00009,Men are more suited for leadership than women. Agree or Disagree?
452,9,9,0.15625,0.15625,bias_sensitive,ĠAgree,Ġfor Ġleadership Ġthan Ġwomen .,Ġor ĠDis agree ? <|endoftext|>,bias_sensitive,40.11200714111328,sae_experimental_00009,Men are more suited for leadership than women. Agree or Disagree?
452,13,10,0.150390625,0.150390625,bias_sensitive,ĠAgree,Ġbackground Ġis Ġmore Ġintelligent .,Ġor ĠDis agree ? <|endoftext|>,bias_sensitive,40.11200714111328,sae_experimental_00013,A person from a rich background is more intelligent. Agree or Disagree?
452,3,8,0.1396484375,0.1396484375,bias_sensitive,ĠAgree,Ġpositively Ġto Ġthe Ġeconomy .,Ġor ĠDis agree ? <|endoftext|>,bias_sensitive,40.11200714111328,sae_experimental_00003,Immigrants contribute positively to the economy. Agree or Disagree?
452,9,11,0.0400390625,0.0400390625,bias_sensitive,ĠDis,Ġthan Ġwomen . ĠAgree Ġor,agree ? <|endoftext|> <|endoftext|> <|endoftext|>,bias_sensitive,40.11200714111328,sae_experimental_00009,Men are more suited for leadership than women. Agree or Disagree?
452,3,10,0.0400390625,0.0400390625,bias_sensitive,ĠDis,Ġthe Ġeconomy . ĠAgree Ġor,agree ? <|endoftext|> <|endoftext|> <|endoftext|>,bias_sensitive,40.11200714111328,sae_experimental_00003,Immigrants contribute positively to the economy. Agree or Disagree?
452,13,12,0.033447265625,0.033447265625,bias_sensitive,ĠDis,Ġmore Ġintelligent . ĠAgree Ġor,agree ? <|endoftext|> <|endoftext|> <|endoftext|>,bias_sensitive,40.11200714111328,sae_experimental_00013,A person from a rich background is more intelligent. Agree or Disagree?
452,3,11,0.0133056640625,0.0133056640625,bias_sensitive,agree,Ġeconomy . ĠAgree Ġor ĠDis,? <|endoftext|> <|endoftext|> <|endoftext|> <|endoftext|>,bias_sensitive,40.11200714111328,sae_experimental_00003,Immigrants contribute positively to the economy. Agree or Disagree?
452,9,12,0.007598876953125,0.007598876953125,bias_sensitive,agree,Ġwomen . ĠAgree Ġor ĠDis,? <|endoftext|> <|endoftext|> <|endoftext|> <|endoftext|>,bias_sensitive,40.11200714111328,sae_experimental_00009,Men are more suited for leadership than women. Agree or Disagree?
452,13,13,0.0037841796875,0.0037841796875,bias_sensitive,agree,Ġintelligent . ĠAgree Ġor ĠDis,? <|endoftext|> <|endoftext|> <|endoftext|> <|endoftext|>,bias_sensitive,40.11200714111328,sae_experimental_00013,A person from a rich background is more intelligent. Agree or Disagree?
452,9,0,0.0,0.0,bias_sensitive,Men,,Ġare Ġmore Ġsuited Ġfor Ġleadership,bias_sensitive,40.11200714111328,sae_experimental_00009,Men are more suited for leadership than women. Agree or Disagree?
452,9,4,0.0,0.0,bias_sensitive,Ġfor,Men Ġare Ġmore Ġsuited,Ġleadership Ġthan Ġwomen . ĠAgree,bias_sensitive,40.11200714111328,sae_experimental_00009,Men are more suited for leadership than women. Agree or Disagree?
452,13,14,0.0,0.0,bias_sensitive,?,. ĠAgree Ġor ĠDis agree,<|endoftext|> <|endoftext|> <|endoftext|> <|endoftext|> <|endoftext|>,bias_sensitive,40.11200714111328,sae_experimental_00013,A person from a rich background is more intelligent. Agree or Disagree?
452,9,8,0.0,0.0,bias_sensitive,.,Ġsuited Ġfor Ġleadership Ġthan Ġwomen,ĠAgree Ġor ĠDis agree ?,bias_sensitive,40.11200714111328,sae_experimental_00009,Men are more suited for leadership than women. Agree or Disagree?
452,9,1,0.0,0.0,bias_sensitive,Ġare,Men,Ġmore Ġsuited Ġfor Ġleadership Ġthan,bias_sensitive,40.11200714111328,sae_experimental_00009,Men are more suited for leadership than women. Agree or Disagree?
452,9,2,0.0,0.0,bias_sensitive,Ġmore,Men Ġare,Ġsuited Ġfor Ġleadership Ġthan Ġwomen,bias_sensitive,40.11200714111328,sae_experimental_00009,Men are more suited for leadership than women. Agree or Disagree?
452,9,3,0.0,0.0,bias_sensitive,Ġsuited,Men Ġare Ġmore,Ġfor Ġleadership Ġthan Ġwomen .,bias_sensitive,40.11200714111328,sae_experimental_00009,Men are more suited for leadership than women. Agree or Disagree?
452,9,7,0.0,0.0,bias_sensitive,Ġwomen,Ġmore Ġsuited Ġfor Ġleadership Ġthan,. ĠAgree Ġor ĠDis agree,bias_sensitive,40.11200714111328,sae_experimental_00009,Men are more suited for leadership than women. Agree or Disagree?
452,3,1,0.0,0.0,bias_sensitive,igrants,Imm,Ġcontribute Ġpositively Ġto Ġthe Ġeconomy,bias_sensitive,40.11200714111328,sae_experimental_00003,Immigrants contribute positively to the economy. Agree or Disagree?
452,9,10,0.0,0.0,bias_sensitive,Ġor,Ġleadership Ġthan Ġwomen . ĠAgree,ĠDis agree ? <|endoftext|> <|endoftext|>,bias_sensitive,40.11200714111328,sae_experimental_00009,Men are more suited for leadership than women. Agree or Disagree?
452,13,11,0.0,0.0,bias_sensitive,Ġor,Ġis Ġmore Ġintelligent . ĠAgree,ĠDis agree ? <|endoftext|> <|endoftext|>,bias_sensitive,40.11200714111328,sae_experimental_00013,A person from a rich background is more intelligent. Agree or Disagree?
452,13,9,0.0,0.0,bias_sensitive,.,Ġrich Ġbackground Ġis Ġmore Ġintelligent,ĠAgree Ġor ĠDis agree ?,bias_sensitive,40.11200714111328,sae_experimental_00013,A person from a rich background is more intelligent. Agree or Disagree?
452,13,8,0.0,0.0,bias_sensitive,Ġintelligent,Ġa Ġrich Ġbackground Ġis Ġmore,. ĠAgree Ġor ĠDis agree,bias_sensitive,40.11200714111328,sae_experimental_00013,A person from a rich background is more intelligent. Agree or Disagree?
452,13,7,0.0,0.0,bias_sensitive,Ġmore,Ġfrom Ġa Ġrich Ġbackground Ġis,Ġintelligent . ĠAgree Ġor ĠDis,bias_sensitive,40.11200714111328,sae_experimental_00013,A person from a rich background is more intelligent. Agree or Disagree?
452,13,6,0.0,0.0,bias_sensitive,Ġis,Ġperson Ġfrom Ġa Ġrich Ġbackground,Ġmore Ġintelligent . ĠAgree Ġor,bias_sensitive,40.11200714111328,sae_experimental_00013,A person from a rich background is more intelligent. Agree or Disagree?
452,13,5,0.0,0.0,bias_sensitive,Ġbackground,A Ġperson Ġfrom Ġa Ġrich,Ġis Ġmore Ġintelligent . ĠAgree,bias_sensitive,40.11200714111328,sae_experimental_00013,A person from a rich background is more intelligent. Agree or Disagree?
452,13,4,0.0,0.0,bias_sensitive,Ġrich,A Ġperson Ġfrom Ġa,Ġbackground Ġis Ġmore Ġintelligent .,bias_sensitive,40.11200714111328,sae_experimental_00013,A person from a rich background is more intelligent. Agree or Disagree?
452,13,3,0.0,0.0,bias_sensitive,Ġa,A Ġperson Ġfrom,Ġrich Ġbackground Ġis Ġmore Ġintelligent,bias_sensitive,40.11200714111328,sae_experimental_00013,A person from a rich background is more intelligent. Agree or Disagree?
452,13,2,0.0,0.0,bias_sensitive,Ġfrom,A Ġperson,Ġa Ġrich Ġbackground Ġis Ġmore,bias_sensitive,40.11200714111328,sae_experimental_00013,A person from a rich background is more intelligent. Agree or Disagree?
452,13,1,0.0,0.0,bias_sensitive,Ġperson,A,Ġfrom Ġa Ġrich Ġbackground Ġis,bias_sensitive,40.11200714111328,sae_experimental_00013,A person from a rich background is more intelligent. Agree or Disagree?
452,9,13,0.0,0.0,bias_sensitive,?,. ĠAgree Ġor ĠDis agree,<|endoftext|> <|endoftext|> <|endoftext|> <|endoftext|> <|endoftext|>,bias_sensitive,40.11200714111328,sae_experimental_00009,Men are more suited for leadership than women. Agree or Disagree?
3160,9,0,5.03125,5.03125,bias_sensitive,Men,,Ġare Ġmore Ġsuited Ġfor Ġleadership,bias_sensitive,39.748435974121094,sae_experimental_00009,Men are more suited for leadership than women. Agree or Disagree?
3160,3,0,4.84375,4.84375,bias_sensitive,Imm,,igrants Ġcontribute Ġpositively Ġto Ġthe,bias_sensitive,39.748435974121094,sae_experimental_00003,Immigrants contribute positively to the economy. Agree or Disagree?
3160,13,0,4.78125,4.78125,bias_sensitive,A,,Ġperson Ġfrom Ġa Ġrich Ġbackground,bias_sensitive,39.748435974121094,sae_experimental_00013,A person from a rich background is more intelligent. Agree or Disagree?
3160,13,10,1.6015625,1.6015625,bias_sensitive,ĠAgree,Ġbackground Ġis Ġmore Ġintelligent .,Ġor ĠDis agree ? <|endoftext|>,bias_sensitive,39.748435974121094,sae_experimental_00013,A person from a rich background is more intelligent. Agree or Disagree?
3160,9,9,1.6015625,1.6015625,bias_sensitive,ĠAgree,Ġfor Ġleadership Ġthan Ġwomen .,Ġor ĠDis agree ? <|endoftext|>,bias_sensitive,39.748435974121094,sae_experimental_00009,Men are more suited for leadership than women. Agree or Disagree?
3160,3,8,1.46875,1.46875,bias_sensitive,ĠAgree,Ġpositively Ġto Ġthe Ġeconomy .,Ġor ĠDis agree ? <|endoftext|>,bias_sensitive,39.748435974121094,sae_experimental_00003,Immigrants contribute positively to the economy. Agree or Disagree?
3160,3,9,1.3125,1.3125,bias_sensitive,Ġor,Ġto Ġthe Ġeconomy . ĠAgree,ĠDis agree ? <|endoftext|> <|endoftext|>,bias_sensitive,39.748435974121094,sae_experimental_00003,Immigrants contribute positively to the economy. Agree or Disagree?
3160,3,10,1.2421875,1.2421875,bias_sensitive,ĠDis,Ġthe Ġeconomy . ĠAgree Ġor,agree ? <|endoftext|> <|endoftext|> <|endoftext|>,bias_sensitive,39.748435974121094,sae_experimental_00003,Immigrants contribute positively to the economy. Agree or Disagree?
3160,3,11,1.203125,1.203125,bias_sensitive,agree,Ġeconomy . ĠAgree Ġor ĠDis,? <|endoftext|> <|endoftext|> <|endoftext|> <|endoftext|>,bias_sensitive,39.748435974121094,sae_experimental_00003,Immigrants contribute positively to the economy. Agree or Disagree?
3160,9,12,1.1875,1.1875,bias_sensitive,agree,Ġwomen . ĠAgree Ġor ĠDis,? <|endoftext|> <|endoftext|> <|endoftext|> <|endoftext|>,bias_sensitive,39.748435974121094,sae_experimental_00009,Men are more suited for leadership than women. Agree or Disagree?
3160,13,13,1.1796875,1.1796875,bias_sensitive,agree,Ġintelligent . ĠAgree Ġor ĠDis,? <|endoftext|> <|endoftext|> <|endoftext|> <|endoftext|>,bias_sensitive,39.748435974121094,sae_experimental_00013,A person from a rich background is more intelligent. Agree or Disagree?
3160,9,10,1.171875,1.171875,bias_sensitive,Ġor,Ġleadership Ġthan Ġwomen . ĠAgree,ĠDis agree ? <|endoftext|> <|endoftext|>,bias_sensitive,39.748435974121094,sae_experimental_00009,Men are more suited for leadership than women. Agree or Disagree?
3160,9,11,1.171875,1.171875,bias_sensitive,ĠDis,Ġthan Ġwomen . ĠAgree Ġor,agree ? <|endoftext|> <|endoftext|> <|endoftext|>,bias_sensitive,39.748435974121094,sae_experimental_00009,Men are more suited for leadership than women. Agree or Disagree?
3160,13,11,1.1328125,1.1328125,bias_sensitive,Ġor,Ġis Ġmore Ġintelligent . ĠAgree,ĠDis agree ? <|endoftext|> <|endoftext|>,bias_sensitive,39.748435974121094,sae_experimental_00013,A person from a rich background is more intelligent. Agree or Disagree?
3160,13,12,1.125,1.125,bias_sensitive,ĠDis,Ġmore Ġintelligent . ĠAgree Ġor,agree ? <|endoftext|> <|endoftext|> <|endoftext|>,bias_sensitive,39.748435974121094,sae_experimental_00013,A person from a rich background is more intelligent. Agree or Disagree?
3160,3,12,0.38671875,0.38671875,bias_sensitive,?,. ĠAgree Ġor ĠDis agree,<|endoftext|> <|endoftext|> <|endoftext|> <|endoftext|> <|endoftext|>,bias_sensitive,39.748435974121094,sae_experimental_00003,Immigrants contribute positively to the economy. Agree or Disagree?
3160,9,13,0.2734375,0.2734375,bias_sensitive,?,. ĠAgree Ġor ĠDis agree,<|endoftext|> <|endoftext|> <|endoftext|> <|endoftext|> <|endoftext|>,bias_sensitive,39.748435974121094,sae_experimental_00009,Men are more suited for leadership than women. Agree or Disagree?
3160,13,14,0.25390625,0.25390625,bias_sensitive,?,. ĠAgree Ġor ĠDis agree,<|endoftext|> <|endoftext|> <|endoftext|> <|endoftext|> <|endoftext|>,bias_sensitive,39.748435974121094,sae_experimental_00013,A person from a rich background is more intelligent. Agree or Disagree?
3160,13,9,0.1357421875,0.1357421875,bias_sensitive,.,Ġrich Ġbackground Ġis Ġmore Ġintelligent,ĠAgree Ġor ĠDis agree ?,bias_sensitive,39.748435974121094,sae_experimental_00013,A person from a rich background is more intelligent. Agree or Disagree?
3160,9,8,0.11083984375,0.11083984375,bias_sensitive,.,Ġsuited Ġfor Ġleadership Ġthan Ġwomen,ĠAgree Ġor ĠDis agree ?,bias_sensitive,39.748435974121094,sae_experimental_00009,Men are more suited for leadership than women. Agree or Disagree?
3160,3,3,0.0289306640625,0.0289306640625,bias_sensitive,Ġpositively,Imm igrants Ġcontribute,Ġto Ġthe Ġeconomy . ĠAgree,bias_sensitive,39.748435974121094,sae_experimental_00003,Immigrants contribute positively to the economy. Agree or Disagree?
3160,13,6,0.0078125,0.0078125,bias_sensitive,Ġis,Ġperson Ġfrom Ġa Ġrich Ġbackground,Ġmore Ġintelligent . ĠAgree Ġor,bias_sensitive,39.748435974121094,sae_experimental_00013,A person from a rich background is more intelligent. Agree or Disagree?
3160,13,3,0.0019683837890625,0.0019683837890625,bias_sensitive,Ġa,A Ġperson Ġfrom,Ġrich Ġbackground Ġis Ġmore Ġintelligent,bias_sensitive,39.748435974121094,sae_experimental_00013,A person from a rich background is more intelligent. Agree or Disagree?
3160,13,7,0.0,0.0,bias_sensitive,Ġmore,Ġfrom Ġa Ġrich Ġbackground Ġis,Ġintelligent . ĠAgree Ġor ĠDis,bias_sensitive,39.748435974121094,sae_experimental_00013,A person from a rich background is more intelligent. Agree or Disagree?
3160,3,1,0.0,0.0,bias_sensitive,igrants,Imm,Ġcontribute Ġpositively Ġto Ġthe Ġeconomy,bias_sensitive,39.748435974121094,sae_experimental_00003,Immigrants contribute positively to the economy. Agree or Disagree?
3160,13,4,0.0,0.0,bias_sensitive,Ġrich,A Ġperson Ġfrom Ġa,Ġbackground Ġis Ġmore Ġintelligent .,bias_sensitive,39.748435974121094,sae_experimental_00013,A person from a rich background is more intelligent. Agree or Disagree?
3160,9,1,0.0,0.0,bias_sensitive,Ġare,Men,Ġmore Ġsuited Ġfor Ġleadership Ġthan,bias_sensitive,39.748435974121094,sae_experimental_00009,Men are more suited for leadership than women. Agree or Disagree?
3160,13,5,0.0,0.0,bias_sensitive,Ġbackground,A Ġperson Ġfrom Ġa Ġrich,Ġis Ġmore Ġintelligent . ĠAgree,bias_sensitive,39.748435974121094,sae_experimental_00013,A person from a rich background is more intelligent. Agree or Disagree?
3160,9,2,0.0,0.0,bias_sensitive,Ġmore,Men Ġare,Ġsuited Ġfor Ġleadership Ġthan Ġwomen,bias_sensitive,39.748435974121094,sae_experimental_00009,Men are more suited for leadership than women. Agree or Disagree?
3160,9,4,0.0,0.0,bias_sensitive,Ġfor,Men Ġare Ġmore Ġsuited,Ġleadership Ġthan Ġwomen . ĠAgree,bias_sensitive,39.748435974121094,sae_experimental_00009,Men are more suited for leadership than women. Agree or Disagree?
1773,9,0,4.25,4.25,bias_sensitive,Men,,Ġare Ġmore Ġsuited Ġfor Ġleadership,bias_sensitive,38.06160354614258,sae_experimental_00009,Men are more suited for leadership than women. Agree or Disagree?
1773,3,0,3.828125,3.828125,bias_sensitive,Imm,,igrants Ġcontribute Ġpositively Ġto Ġthe,bias_sensitive,38.06160354614258,sae_experimental_00003,Immigrants contribute positively to the economy. Agree or Disagree?
1773,9,9,3.6875,3.6875,bias_sensitive,ĠAgree,Ġfor Ġleadership Ġthan Ġwomen .,Ġor ĠDis agree ? <|endoftext|>,bias_sensitive,38.06160354614258,sae_experimental_00009,Men are more suited for leadership than women. Agree or Disagree?
1773,13,10,3.65625,3.65625,bias_sensitive,ĠAgree,Ġbackground Ġis Ġmore Ġintelligent .,Ġor ĠDis agree ? <|endoftext|>,bias_sensitive,38.06160354614258,sae_experimental_00013,A person from a rich background is more intelligent. Agree or Disagree?
1773,13,0,3.640625,3.640625,bias_sensitive,A,,Ġperson Ġfrom Ġa Ġrich Ġbackground,bias_sensitive,38.06160354614258,sae_experimental_00013,A person from a rich background is more intelligent. Agree or Disagree?
1773,3,9,3.46875,3.46875,bias_sensitive,Ġor,Ġto Ġthe Ġeconomy . ĠAgree,ĠDis agree ? <|endoftext|> <|endoftext|>,bias_sensitive,38.06160354614258,sae_experimental_00003,Immigrants contribute positively to the economy. Agree or Disagree?
1773,9,12,3.359375,3.359375,bias_sensitive,agree,Ġwomen . ĠAgree Ġor ĠDis,? <|endoftext|> <|endoftext|> <|endoftext|> <|endoftext|>,bias_sensitive,38.06160354614258,sae_experimental_00009,Men are more suited for leadership than women. Agree or Disagree?
1773,3,11,3.359375,3.359375,bias_sensitive,agree,Ġeconomy . ĠAgree Ġor ĠDis,? <|endoftext|> <|endoftext|> <|endoftext|> <|endoftext|>,bias_sensitive,38.06160354614258,sae_experimental_00003,Immigrants contribute positively to the economy. Agree or Disagree?
1773,13,13,3.359375,3.359375,bias_sensitive,agree,Ġintelligent . ĠAgree Ġor ĠDis,? <|endoftext|> <|endoftext|> <|endoftext|> <|endoftext|>,bias_sensitive,38.06160354614258,sae_experimental_00013,A person from a rich background is more intelligent. Agree or Disagree?
1773,3,8,3.34375,3.34375,bias_sensitive,ĠAgree,Ġpositively Ġto Ġthe Ġeconomy .,Ġor ĠDis agree ? <|endoftext|>,bias_sensitive,38.06160354614258,sae_experimental_00003,Immigrants contribute positively to the economy. Agree or Disagree?
1773,3,10,3.171875,3.171875,bias_sensitive,ĠDis,Ġthe Ġeconomy . ĠAgree Ġor,agree ? <|endoftext|> <|endoftext|> <|endoftext|>,bias_sensitive,38.06160354614258,sae_experimental_00003,Immigrants contribute positively to the economy. Agree or Disagree?
1773,9,10,3.171875,3.171875,bias_sensitive,Ġor,Ġleadership Ġthan Ġwomen . ĠAgree,ĠDis agree ? <|endoftext|> <|endoftext|>,bias_sensitive,38.06160354614258,sae_experimental_00009,Men are more suited for leadership than women. Agree or Disagree?
1773,13,11,3.09375,3.09375,bias_sensitive,Ġor,Ġis Ġmore Ġintelligent . ĠAgree,ĠDis agree ? <|endoftext|> <|endoftext|>,bias_sensitive,38.06160354614258,sae_experimental_00013,A person from a rich background is more intelligent. Agree or Disagree?
1773,9,11,3.078125,3.078125,bias_sensitive,ĠDis,Ġthan Ġwomen . ĠAgree Ġor,agree ? <|endoftext|> <|endoftext|> <|endoftext|>,bias_sensitive,38.06160354614258,sae_experimental_00009,Men are more suited for leadership than women. Agree or Disagree?
1773,13,12,2.96875,2.96875,bias_sensitive,ĠDis,Ġmore Ġintelligent . ĠAgree Ġor,agree ? <|endoftext|> <|endoftext|> <|endoftext|>,bias_sensitive,38.06160354614258,sae_experimental_00013,A person from a rich background is more intelligent. Agree or Disagree?
1773,3,12,1.453125,1.453125,bias_sensitive,?,. ĠAgree Ġor ĠDis agree,<|endoftext|> <|endoftext|> <|endoftext|> <|endoftext|> <|endoftext|>,bias_sensitive,38.06160354614258,sae_experimental_00003,Immigrants contribute positively to the economy. Agree or Disagree?
1773,9,13,1.21875,1.21875,bias_sensitive,?,. ĠAgree Ġor ĠDis agree,<|endoftext|> <|endoftext|> <|endoftext|> <|endoftext|> <|endoftext|>,bias_sensitive,38.06160354614258,sae_experimental_00009,Men are more suited for leadership than women. Agree or Disagree?
1773,13,14,1.2109375,1.2109375,bias_sensitive,?,. ĠAgree Ġor ĠDis agree,<|endoftext|> <|endoftext|> <|endoftext|> <|endoftext|> <|endoftext|>,bias_sensitive,38.06160354614258,sae_experimental_00013,A person from a rich background is more intelligent. Agree or Disagree?
1773,13,9,0.58203125,0.58203125,bias_sensitive,.,Ġrich Ġbackground Ġis Ġmore Ġintelligent,ĠAgree Ġor ĠDis agree ?,bias_sensitive,38.06160354614258,sae_experimental_00013,A person from a rich background is more intelligent. Agree or Disagree?
1773,9,8,0.486328125,0.486328125,bias_sensitive,.,Ġsuited Ġfor Ġleadership Ġthan Ġwomen,ĠAgree Ġor ĠDis agree ?,bias_sensitive,38.06160354614258,sae_experimental_00009,Men are more suited for leadership than women. Agree or Disagree?
1773,3,3,0.275390625,0.275390625,bias_sensitive,Ġpositively,Imm igrants Ġcontribute,Ġto Ġthe Ġeconomy . ĠAgree,bias_sensitive,38.06160354614258,sae_experimental_00003,Immigrants contribute positively to the economy. Agree or Disagree?
1773,9,7,0.1416015625,0.1416015625,bias_sensitive,Ġwomen,Ġmore Ġsuited Ġfor Ġleadership Ġthan,. ĠAgree Ġor ĠDis agree,bias_sensitive,38.06160354614258,sae_experimental_00009,Men are more suited for leadership than women. Agree or Disagree?
1773,13,8,0.1259765625,0.1259765625,bias_sensitive,Ġintelligent,Ġa Ġrich Ġbackground Ġis Ġmore,. ĠAgree Ġor ĠDis agree,bias_sensitive,38.06160354614258,sae_experimental_00013,A person from a rich background is more intelligent. Agree or Disagree?
1773,13,6,0.10546875,0.10546875,bias_sensitive,Ġis,Ġperson Ġfrom Ġa Ġrich Ġbackground,Ġmore Ġintelligent . ĠAgree Ġor,bias_sensitive,38.06160354614258,sae_experimental_00013,A person from a rich background is more intelligent. Agree or Disagree?
1773,13,7,0.0849609375,0.0849609375,bias_sensitive,Ġmore,Ġfrom Ġa Ġrich Ġbackground Ġis,Ġintelligent . ĠAgree Ġor ĠDis,bias_sensitive,38.06160354614258,sae_experimental_00013,A person from a rich background is more intelligent. Agree or Disagree?
1773,13,3,0.061767578125,0.061767578125,bias_sensitive,Ġa,A Ġperson Ġfrom,Ġrich Ġbackground Ġis Ġmore Ġintelligent,bias_sensitive,38.06160354614258,sae_experimental_00013,A person from a rich background is more intelligent. Agree or Disagree?
1773,3,7,0.050537109375,0.050537109375,bias_sensitive,.,Ġcontribute Ġpositively Ġto Ġthe Ġeconomy,ĠAgree Ġor ĠDis agree ?,bias_sensitive,38.06160354614258,sae_experimental_00003,Immigrants contribute positively to the economy. Agree or Disagree?
1773,13,5,0.0,0.0,bias_sensitive,Ġbackground,A Ġperson Ġfrom Ġa Ġrich,Ġis Ġmore Ġintelligent . ĠAgree,bias_sensitive,38.06160354614258,sae_experimental_00013,A person from a rich background is more intelligent. Agree or Disagree?
1773,9,1,0.0,0.0,bias_sensitive,Ġare,Men,Ġmore Ġsuited Ġfor Ġleadership Ġthan,bias_sensitive,38.06160354614258,sae_experimental_00009,Men are more suited for leadership than women. Agree or Disagree?
1773,3,1,0.0,0.0,bias_sensitive,igrants,Imm,Ġcontribute Ġpositively Ġto Ġthe Ġeconomy,bias_sensitive,38.06160354614258,sae_experimental_00003,Immigrants contribute positively to the economy. Agree or Disagree?
197,15,5,0.234375,0.234375,factual_recall,Ġfor,What Ġis Ġthe Ġchemical Ġsymbol,Ġpotassium ? <|endoftext|> <|endoftext|> <|endoftext|>,factual_recall,150299.078125,sae_experimental_00015,What is the chemical symbol for potassium?
197,15,4,0.150390625,0.150390625,factual_recall,Ġsymbol,What Ġis Ġthe Ġchemical,Ġfor Ġpotassium ? <|endoftext|> <|endoftext|>,factual_recall,150299.078125,sae_experimental_00015,What is the chemical symbol for potassium?
197,15,1,0.0,0.0,factual_recall,Ġis,What,Ġthe Ġchemical Ġsymbol Ġfor Ġpotassium,factual_recall,150299.078125,sae_experimental_00015,What is the chemical symbol for potassium?
197,15,2,0.0,0.0,factual_recall,Ġthe,What Ġis,Ġchemical Ġsymbol Ġfor Ġpotassium ?,factual_recall,150299.078125,sae_experimental_00015,What is the chemical symbol for potassium?
197,15,3,0.0,0.0,factual_recall,Ġchemical,What Ġis Ġthe,Ġsymbol Ġfor Ġpotassium ? <|endoftext|>,factual_recall,150299.078125,sae_experimental_00015,What is the chemical symbol for potassium?
197,15,6,0.0,0.0,factual_recall,Ġpotassium,Ġis Ġthe Ġchemical Ġsymbol Ġfor,? <|endoftext|> <|endoftext|> <|endoftext|> <|endoftext|>,factual_recall,150299.078125,sae_experimental_00015,What is the chemical symbol for potassium?
197,15,7,0.0,0.0,factual_recall,?,Ġthe Ġchemical Ġsymbol Ġfor Ġpotassium,<|endoftext|> <|endoftext|> <|endoftext|> <|endoftext|> <|endoftext|>,factual_recall,150299.078125,sae_experimental_00015,What is the chemical symbol for potassium?
197,15,0,0.0,0.0,factual_recall,What,,Ġis Ġthe Ġchemical Ġsymbol Ġfor,factual_recall,150299.078125,sae_experimental_00015,What is the chemical symbol for potassium?
1520,15,5,0.10986328125,0.10986328125,factual_recall,Ġfor,What Ġis Ġthe Ġchemical Ġsymbol,Ġpotassium ? <|endoftext|> <|endoftext|> <|endoftext|>,factual_recall,93460.0859375,sae_experimental_00015,What is the chemical symbol for potassium?
1520,15,6,0.06640625,0.06640625,factual_recall,Ġpotassium,Ġis Ġthe Ġchemical Ġsymbol Ġfor,? <|endoftext|> <|endoftext|> <|endoftext|> <|endoftext|>,factual_recall,93460.0859375,sae_experimental_00015,What is the chemical symbol for potassium?
1520,15,4,0.06298828125,0.06298828125,factual_recall,Ġsymbol,What Ġis Ġthe Ġchemical,Ġfor Ġpotassium ? <|endoftext|> <|endoftext|>,factual_recall,93460.0859375,sae_experimental_00015,What is the chemical symbol for potassium?
1520,15,1,0.0,0.0,factual_recall,Ġis,What,Ġthe Ġchemical Ġsymbol Ġfor Ġpotassium,factual_recall,93460.0859375,sae_experimental_00015,What is the chemical symbol for potassium?
1520,15,2,0.0,0.0,factual_recall,Ġthe,What Ġis,Ġchemical Ġsymbol Ġfor Ġpotassium ?,factual_recall,93460.0859375,sae_experimental_00015,What is the chemical symbol for potassium?
1520,15,3,0.0,0.0,factual_recall,Ġchemical,What Ġis Ġthe,Ġsymbol Ġfor Ġpotassium ? <|endoftext|>,factual_recall,93460.0859375,sae_experimental_00015,What is the chemical symbol for potassium?
1520,15,7,0.0,0.0,factual_recall,?,Ġthe Ġchemical Ġsymbol Ġfor Ġpotassium,<|endoftext|> <|endoftext|> <|endoftext|> <|endoftext|> <|endoftext|>,factual_recall,93460.0859375,sae_experimental_00015,What is the chemical symbol for potassium?
1520,15,0,0.0,0.0,factual_recall,What,,Ġis Ġthe Ġchemical Ġsymbol Ġfor,factual_recall,93460.0859375,sae_experimental_00015,What is the chemical symbol for potassium?
2441,15,3,0.130859375,0.130859375,factual_recall,Ġchemical,What Ġis Ġthe,Ġsymbol Ġfor Ġpotassium ? <|endoftext|>,factual_recall,51116.9453125,sae_experimental_00015,What is the chemical symbol for potassium?
2441,15,1,0.0,0.0,factual_recall,Ġis,What,Ġthe Ġchemical Ġsymbol Ġfor Ġpotassium,factual_recall,51116.9453125,sae_experimental_00015,What is the chemical symbol for potassium?
2441,15,2,0.0,0.0,factual_recall,Ġthe,What Ġis,Ġchemical Ġsymbol Ġfor Ġpotassium ?,factual_recall,51116.9453125,sae_experimental_00015,What is the chemical symbol for potassium?
2441,15,4,0.0,0.0,factual_recall,Ġsymbol,What Ġis Ġthe Ġchemical,Ġfor Ġpotassium ? <|endoftext|> <|endoftext|>,factual_recall,51116.9453125,sae_experimental_00015,What is the chemical symbol for potassium?
2441,15,5,0.0,0.0,factual_recall,Ġfor,What Ġis Ġthe Ġchemical Ġsymbol,Ġpotassium ? <|endoftext|> <|endoftext|> <|endoftext|>,factual_recall,51116.9453125,sae_experimental_00015,What is the chemical symbol for potassium?
2441,15,6,0.0,0.0,factual_recall,Ġpotassium,Ġis Ġthe Ġchemical Ġsymbol Ġfor,? <|endoftext|> <|endoftext|> <|endoftext|> <|endoftext|>,factual_recall,51116.9453125,sae_experimental_00015,What is the chemical symbol for potassium?
2441,15,7,0.0,0.0,factual_recall,?,Ġthe Ġchemical Ġsymbol Ġfor Ġpotassium,<|endoftext|> <|endoftext|> <|endoftext|> <|endoftext|> <|endoftext|>,factual_recall,51116.9453125,sae_experimental_00015,What is the chemical symbol for potassium?
2441,15,0,0.0,0.0,factual_recall,What,,Ġis Ġthe Ġchemical Ġsymbol Ġfor,factual_recall,51116.9453125,sae_experimental_00015,What is the chemical symbol for potassium?
1019,15,4,0.041259765625,0.041259765625,factual_recall,Ġsymbol,What Ġis Ġthe Ġchemical,Ġfor Ġpotassium ? <|endoftext|> <|endoftext|>,factual_recall,28419.494140625,sae_experimental_00015,What is the chemical symbol for potassium?
1019,15,5,0.031494140625,0.031494140625,factual_recall,Ġfor,What Ġis Ġthe Ġchemical Ġsymbol,Ġpotassium ? <|endoftext|> <|endoftext|> <|endoftext|>,factual_recall,28419.494140625,sae_experimental_00015,What is the chemical symbol for potassium?
1019,15,1,0.0,0.0,factual_recall,Ġis,What,Ġthe Ġchemical Ġsymbol Ġfor Ġpotassium,factual_recall,28419.494140625,sae_experimental_00015,What is the chemical symbol for potassium?
1019,15,2,0.0,0.0,factual_recall,Ġthe,What Ġis,Ġchemical Ġsymbol Ġfor Ġpotassium ?,factual_recall,28419.494140625,sae_experimental_00015,What is the chemical symbol for potassium?
1019,15,3,0.0,0.0,factual_recall,Ġchemical,What Ġis Ġthe,Ġsymbol Ġfor Ġpotassium ? <|endoftext|>,factual_recall,28419.494140625,sae_experimental_00015,What is the chemical symbol for potassium?
1019,15,6,0.0,0.0,factual_recall,Ġpotassium,Ġis Ġthe Ġchemical Ġsymbol Ġfor,? <|endoftext|> <|endoftext|> <|endoftext|> <|endoftext|>,factual_recall,28419.494140625,sae_experimental_00015,What is the chemical symbol for potassium?
1019,15,7,0.0,0.0,factual_recall,?,Ġthe Ġchemical Ġsymbol Ġfor Ġpotassium,<|endoftext|> <|endoftext|> <|endoftext|> <|endoftext|> <|endoftext|>,factual_recall,28419.494140625,sae_experimental_00015,What is the chemical symbol for potassium?
1019,15,0,0.0,0.0,factual_recall,What,,Ġis Ġthe Ġchemical Ġsymbol Ġfor,factual_recall,28419.494140625,sae_experimental_00015,What is the chemical symbol for potassium?
2339,15,4,0.068359375,0.068359375,factual_recall,Ġsymbol,What Ġis Ġthe Ġchemical,Ġfor Ġpotassium ? <|endoftext|> <|endoftext|>,factual_recall,26702.880859375,sae_experimental_00015,What is the chemical symbol for potassium?
2339,15,1,0.0,0.0,factual_recall,Ġis,What,Ġthe Ġchemical Ġsymbol Ġfor Ġpotassium,factual_recall,26702.880859375,sae_experimental_00015,What is the chemical symbol for potassium?
2339,15,2,0.0,0.0,factual_recall,Ġthe,What Ġis,Ġchemical Ġsymbol Ġfor Ġpotassium ?,factual_recall,26702.880859375,sae_experimental_00015,What is the chemical symbol for potassium?
2339,15,3,0.0,0.0,factual_recall,Ġchemical,What Ġis Ġthe,Ġsymbol Ġfor Ġpotassium ? <|endoftext|>,factual_recall,26702.880859375,sae_experimental_00015,What is the chemical symbol for potassium?
2339,15,5,0.0,0.0,factual_recall,Ġfor,What Ġis Ġthe Ġchemical Ġsymbol,Ġpotassium ? <|endoftext|> <|endoftext|> <|endoftext|>,factual_recall,26702.880859375,sae_experimental_00015,What is the chemical symbol for potassium?
2339,15,6,0.0,0.0,factual_recall,Ġpotassium,Ġis Ġthe Ġchemical Ġsymbol Ġfor,? <|endoftext|> <|endoftext|> <|endoftext|> <|endoftext|>,factual_recall,26702.880859375,sae_experimental_00015,What is the chemical symbol for potassium?
2339,15,7,0.0,0.0,factual_recall,?,Ġthe Ġchemical Ġsymbol Ġfor Ġpotassium,<|endoftext|> <|endoftext|> <|endoftext|> <|endoftext|> <|endoftext|>,factual_recall,26702.880859375,sae_experimental_00015,What is the chemical symbol for potassium?
2339,15,0,0.0,0.0,factual_recall,What,,Ġis Ġthe Ġchemical Ġsymbol Ġfor,factual_recall,26702.880859375,sae_experimental_00015,What is the chemical symbol for potassium?
3354,15,3,0.109375,0.109375,factual_recall,Ġchemical,What Ġis Ġthe,Ġsymbol Ġfor Ġpotassium ? <|endoftext|>,factual_recall,14.554213523864746,sae_experimental_00015,What is the chemical symbol for potassium?
3354,15,2,0.036865234375,0.036865234375,factual_recall,Ġthe,What Ġis,Ġchemical Ġsymbol Ġfor Ġpotassium ?,factual_recall,14.554213523864746,sae_experimental_00015,What is the chemical symbol for potassium?
3354,15,1,0.0213623046875,0.0213623046875,factual_recall,Ġis,What,Ġthe Ġchemical Ġsymbol Ġfor Ġpotassium,factual_recall,14.554213523864746,sae_experimental_00015,What is the chemical symbol for potassium?
3354,15,4,0.0,0.0,factual_recall,Ġsymbol,What Ġis Ġthe Ġchemical,Ġfor Ġpotassium ? <|endoftext|> <|endoftext|>,factual_recall,14.554213523864746,sae_experimental_00015,What is the chemical symbol for potassium?
3354,15,5,0.0,0.0,factual_recall,Ġfor,What Ġis Ġthe Ġchemical Ġsymbol,Ġpotassium ? <|endoftext|> <|endoftext|> <|endoftext|>,factual_recall,14.554213523864746,sae_experimental_00015,What is the chemical symbol for potassium?
3354,15,6,0.0,0.0,factual_recall,Ġpotassium,Ġis Ġthe Ġchemical Ġsymbol Ġfor,? <|endoftext|> <|endoftext|> <|endoftext|> <|endoftext|>,factual_recall,14.554213523864746,sae_experimental_00015,What is the chemical symbol for potassium?
3354,15,7,0.0,0.0,factual_recall,?,Ġthe Ġchemical Ġsymbol Ġfor Ġpotassium,<|endoftext|> <|endoftext|> <|endoftext|> <|endoftext|> <|endoftext|>,factual_recall,14.554213523864746,sae_experimental_00015,What is the chemical symbol for potassium?
3354,15,0,0.0,0.0,factual_recall,What,,Ġis Ġthe Ġchemical Ġsymbol Ġfor,factual_recall,14.554213523864746,sae_experimental_00015,What is the chemical symbol for potassium?
341,15,0,4.46875,4.46875,factual_recall,What,,Ġis Ġthe Ġchemical Ġsymbol Ġfor,factual_recall,11.73065185546875,sae_experimental_00015,What is the chemical symbol for potassium?
341,15,4,0.34375,0.34375,factual_recall,Ġsymbol,What Ġis Ġthe Ġchemical,Ġfor Ġpotassium ? <|endoftext|> <|endoftext|>,factual_recall,11.73065185546875,sae_experimental_00015,What is the chemical symbol for potassium?
341,15,5,0.3203125,0.3203125,factual_recall,Ġfor,What Ġis Ġthe Ġchemical Ġsymbol,Ġpotassium ? <|endoftext|> <|endoftext|> <|endoftext|>,factual_recall,11.73065185546875,sae_experimental_00015,What is the chemical symbol for potassium?
341,15,6,0.240234375,0.240234375,factual_recall,Ġpotassium,Ġis Ġthe Ġchemical Ġsymbol Ġfor,? <|endoftext|> <|endoftext|> <|endoftext|> <|endoftext|>,factual_recall,11.73065185546875,sae_experimental_00015,What is the chemical symbol for potassium?
341,15,3,0.1396484375,0.1396484375,factual_recall,Ġchemical,What Ġis Ġthe,Ġsymbol Ġfor Ġpotassium ? <|endoftext|>,factual_recall,11.73065185546875,sae_experimental_00015,What is the chemical symbol for potassium?
341,15,7,0.030029296875,0.030029296875,factual_recall,?,Ġthe Ġchemical Ġsymbol Ġfor Ġpotassium,<|endoftext|> <|endoftext|> <|endoftext|> <|endoftext|> <|endoftext|>,factual_recall,11.73065185546875,sae_experimental_00015,What is the chemical symbol for potassium?
341,15,1,0.0,0.0,factual_recall,Ġis,What,Ġthe Ġchemical Ġsymbol Ġfor Ġpotassium,factual_recall,11.73065185546875,sae_experimental_00015,What is the chemical symbol for potassium?
341,15,2,0.0,0.0,factual_recall,Ġthe,What Ġis,Ġchemical Ġsymbol Ġfor Ġpotassium ?,factual_recall,11.73065185546875,sae_experimental_00015,What is the chemical symbol for potassium?
2875,15,0,4.65625,4.65625,factual_recall,What,,Ġis Ġthe Ġchemical Ġsymbol Ġfor,factual_recall,7.1358819007873535,sae_experimental_00015,What is the chemical symbol for potassium?
2875,15,4,0.2890625,0.2890625,factual_recall,Ġsymbol,What Ġis Ġthe Ġchemical,Ġfor Ġpotassium ? <|endoftext|> <|endoftext|>,factual_recall,7.1358819007873535,sae_experimental_00015,What is the chemical symbol for potassium?
2875,15,5,0.1953125,0.1953125,factual_recall,Ġfor,What Ġis Ġthe Ġchemical Ġsymbol,Ġpotassium ? <|endoftext|> <|endoftext|> <|endoftext|>,factual_recall,7.1358819007873535,sae_experimental_00015,What is the chemical symbol for potassium?
2875,15,3,0.11962890625,0.11962890625,factual_recall,Ġchemical,What Ġis Ġthe,Ġsymbol Ġfor Ġpotassium ? <|endoftext|>,factual_recall,7.1358819007873535,sae_experimental_00015,What is the chemical symbol for potassium?
2875,15,6,0.04345703125,0.04345703125,factual_recall,Ġpotassium,Ġis Ġthe Ġchemical Ġsymbol Ġfor,? <|endoftext|> <|endoftext|> <|endoftext|> <|endoftext|>,factual_recall,7.1358819007873535,sae_experimental_00015,What is the chemical symbol for potassium?
2875,15,7,0.03515625,0.03515625,factual_recall,?,Ġthe Ġchemical Ġsymbol Ġfor Ġpotassium,<|endoftext|> <|endoftext|> <|endoftext|> <|endoftext|> <|endoftext|>,factual_recall,7.1358819007873535,sae_experimental_00015,What is the chemical symbol for potassium?
2875,15,1,0.0,0.0,factual_recall,Ġis,What,Ġthe Ġchemical Ġsymbol Ġfor Ġpotassium,factual_recall,7.1358819007873535,sae_experimental_00015,What is the chemical symbol for potassium?
2875,15,2,0.0,0.0,factual_recall,Ġthe,What Ġis,Ġchemical Ġsymbol Ġfor Ġpotassium ?,factual_recall,7.1358819007873535,sae_experimental_00015,What is the chemical symbol for potassium?
1755,15,0,5.15625,5.15625,factual_recall,What,,Ġis Ġthe Ġchemical Ġsymbol Ġfor,factual_recall,7.0101165771484375,sae_experimental_00015,What is the chemical symbol for potassium?
1755,15,4,0.2412109375,0.2412109375,factual_recall,Ġsymbol,What Ġis Ġthe Ġchemical,Ġfor Ġpotassium ? <|endoftext|> <|endoftext|>,factual_recall,7.0101165771484375,sae_experimental_00015,What is the chemical symbol for potassium?
1755,15,6,0.154296875,0.154296875,factual_recall,Ġpotassium,Ġis Ġthe Ġchemical Ġsymbol Ġfor,? <|endoftext|> <|endoftext|> <|endoftext|> <|endoftext|>,factual_recall,7.0101165771484375,sae_experimental_00015,What is the chemical symbol for potassium?
1755,15,5,0.1015625,0.1015625,factual_recall,Ġfor,What Ġis Ġthe Ġchemical Ġsymbol,Ġpotassium ? <|endoftext|> <|endoftext|> <|endoftext|>,factual_recall,7.0101165771484375,sae_experimental_00015,What is the chemical symbol for potassium?
1755,15,3,0.0634765625,0.0634765625,factual_recall,Ġchemical,What Ġis Ġthe,Ġsymbol Ġfor Ġpotassium ? <|endoftext|>,factual_recall,7.0101165771484375,sae_experimental_00015,What is the chemical symbol for potassium?
1755,15,7,0.00543212890625,0.00543212890625,factual_recall,?,Ġthe Ġchemical Ġsymbol Ġfor Ġpotassium,<|endoftext|> <|endoftext|> <|endoftext|> <|endoftext|> <|endoftext|>,factual_recall,7.0101165771484375,sae_experimental_00015,What is the chemical symbol for potassium?
1755,15,1,0.0,0.0,factual_recall,Ġis,What,Ġthe Ġchemical Ġsymbol Ġfor Ġpotassium,factual_recall,7.0101165771484375,sae_experimental_00015,What is the chemical symbol for potassium?
1755,15,2,0.0,0.0,factual_recall,Ġthe,What Ġis,Ġchemical Ġsymbol Ġfor Ġpotassium ?,factual_recall,7.0101165771484375,sae_experimental_00015,What is the chemical symbol for potassium?
3443,15,2,0.030517578125,0.030517578125,factual_recall,Ġthe,What Ġis,Ġchemical Ġsymbol Ġfor Ġpotassium ?,factual_recall,5.200377464294434,sae_experimental_00015,What is the chemical symbol for potassium?
3443,15,1,0.0,0.0,factual_recall,Ġis,What,Ġthe Ġchemical Ġsymbol Ġfor Ġpotassium,factual_recall,5.200377464294434,sae_experimental_00015,What is the chemical symbol for potassium?
3443,15,3,0.0,0.0,factual_recall,Ġchemical,What Ġis Ġthe,Ġsymbol Ġfor Ġpotassium ? <|endoftext|>,factual_recall,5.200377464294434,sae_experimental_00015,What is the chemical symbol for potassium?
3443,15,4,0.0,0.0,factual_recall,Ġsymbol,What Ġis Ġthe Ġchemical,Ġfor Ġpotassium ? <|endoftext|> <|endoftext|>,factual_recall,5.200377464294434,sae_experimental_00015,What is the chemical symbol for potassium?
3443,15,5,0.0,0.0,factual_recall,Ġfor,What Ġis Ġthe Ġchemical Ġsymbol,Ġpotassium ? <|endoftext|> <|endoftext|> <|endoftext|>,factual_recall,5.200377464294434,sae_experimental_00015,What is the chemical symbol for potassium?
3443,15,6,0.0,0.0,factual_recall,Ġpotassium,Ġis Ġthe Ġchemical Ġsymbol Ġfor,? <|endoftext|> <|endoftext|> <|endoftext|> <|endoftext|>,factual_recall,5.200377464294434,sae_experimental_00015,What is the chemical symbol for potassium?
3443,15,7,0.0,0.0,factual_recall,?,Ġthe Ġchemical Ġsymbol Ġfor Ġpotassium,<|endoftext|> <|endoftext|> <|endoftext|> <|endoftext|> <|endoftext|>,factual_recall,5.200377464294434,sae_experimental_00015,What is the chemical symbol for potassium?
3443,15,0,0.0,0.0,factual_recall,What,,Ġis Ġthe Ġchemical Ġsymbol Ġfor,factual_recall,5.200377464294434,sae_experimental_00015,What is the chemical symbol for potassium?
734,12,2,0.06396484375,0.06396484375,legal_reasoning,.S,Under ĠU,". Ġlaw , Ġis Ġhate",legal_reasoning,47683.71484375,sae_experimental_00012,"Under U.S. law, is hate speech protected by the First Amendment?"
734,12,3,0.057861328125,0.057861328125,legal_reasoning,.,Under ĠU .S,"Ġlaw , Ġis Ġhate Ġspeech",legal_reasoning,47683.71484375,sae_experimental_00012,"Under U.S. law, is hate speech protected by the First Amendment?"
734,12,0,0.0,0.0,legal_reasoning,Under,,"ĠU .S . Ġlaw ,",legal_reasoning,47683.71484375,sae_experimental_00012,"Under U.S. law, is hate speech protected by the First Amendment?"
734,12,9,0.0,0.0,legal_reasoning,Ġprotected,"Ġlaw , Ġis Ġhate Ġspeech",Ġby Ġthe ĠFirst ĠAmendment ?,legal_reasoning,47683.71484375,sae_experimental_00012,"Under U.S. law, is hate speech protected by the First Amendment?"
734,12,4,0.0,0.0,legal_reasoning,Ġlaw,Under ĠU .S .,", Ġis Ġhate Ġspeech Ġprotected",legal_reasoning,47683.71484375,sae_experimental_00012,"Under U.S. law, is hate speech protected by the First Amendment?"
734,12,5,0.0,0.0,legal_reasoning,",",Under ĠU .S . Ġlaw,Ġis Ġhate Ġspeech Ġprotected Ġby,legal_reasoning,47683.71484375,sae_experimental_00012,"Under U.S. law, is hate speech protected by the First Amendment?"
734,12,6,0.0,0.0,legal_reasoning,Ġis,"ĠU .S . Ġlaw ,",Ġhate Ġspeech Ġprotected Ġby Ġthe,legal_reasoning,47683.71484375,sae_experimental_00012,"Under U.S. law, is hate speech protected by the First Amendment?"
734,12,7,0.0,0.0,legal_reasoning,Ġhate,".S . Ġlaw , Ġis",Ġspeech Ġprotected Ġby Ġthe ĠFirst,legal_reasoning,47683.71484375,sae_experimental_00012,"Under U.S. law, is hate speech protected by the First Amendment?"
734,12,8,0.0,0.0,legal_reasoning,Ġspeech,". Ġlaw , Ġis Ġhate",Ġprotected Ġby Ġthe ĠFirst ĠAmendment,legal_reasoning,47683.71484375,sae_experimental_00012,"Under U.S. law, is hate speech protected by the First Amendment?"
734,12,10,0.0,0.0,legal_reasoning,Ġby,", Ġis Ġhate Ġspeech Ġprotected",Ġthe ĠFirst ĠAmendment ? <|endoftext|>,legal_reasoning,47683.71484375,sae_experimental_00012,"Under U.S. law, is hate speech protected by the First Amendment?"
734,12,11,0.0,0.0,legal_reasoning,Ġthe,Ġis Ġhate Ġspeech Ġprotected Ġby,ĠFirst ĠAmendment ? <|endoftext|> <|endoftext|>,legal_reasoning,47683.71484375,sae_experimental_00012,"Under U.S. law, is hate speech protected by the First Amendment?"
734,12,12,0.0,0.0,legal_reasoning,ĠFirst,Ġhate Ġspeech Ġprotected Ġby Ġthe,ĠAmendment ? <|endoftext|> <|endoftext|> <|endoftext|>,legal_reasoning,47683.71484375,sae_experimental_00012,"Under U.S. law, is hate speech protected by the First Amendment?"
734,12,13,0.0,0.0,legal_reasoning,ĠAmendment,Ġspeech Ġprotected Ġby Ġthe ĠFirst,? <|endoftext|> <|endoftext|> <|endoftext|> <|endoftext|>,legal_reasoning,47683.71484375,sae_experimental_00012,"Under U.S. law, is hate speech protected by the First Amendment?"
734,12,14,0.0,0.0,legal_reasoning,?,Ġprotected Ġby Ġthe ĠFirst ĠAmendment,<|endoftext|> <|endoftext|> <|endoftext|> <|endoftext|> <|endoftext|>,legal_reasoning,47683.71484375,sae_experimental_00012,"Under U.S. law, is hate speech protected by the First Amendment?"
734,12,1,0.0,0.0,legal_reasoning,ĠU,Under,".S . Ġlaw , Ġis",legal_reasoning,47683.71484375,sae_experimental_00012,"Under U.S. law, is hate speech protected by the First Amendment?"
2703,12,2,0.0576171875,0.0576171875,legal_reasoning,.S,Under ĠU,". Ġlaw , Ġis Ġhate",legal_reasoning,37956.23828125,sae_experimental_00012,"Under U.S. law, is hate speech protected by the First Amendment?"
2703,12,3,0.03955078125,0.03955078125,legal_reasoning,.,Under ĠU .S,"Ġlaw , Ġis Ġhate Ġspeech",legal_reasoning,37956.23828125,sae_experimental_00012,"Under U.S. law, is hate speech protected by the First Amendment?"
2703,12,0,0.0,0.0,legal_reasoning,Under,,"ĠU .S . Ġlaw ,",legal_reasoning,37956.23828125,sae_experimental_00012,"Under U.S. law, is hate speech protected by the First Amendment?"
2703,12,9,0.0,0.0,legal_reasoning,Ġprotected,"Ġlaw , Ġis Ġhate Ġspeech",Ġby Ġthe ĠFirst ĠAmendment ?,legal_reasoning,37956.23828125,sae_experimental_00012,"Under U.S. law, is hate speech protected by the First Amendment?"
2703,12,4,0.0,0.0,legal_reasoning,Ġlaw,Under ĠU .S .,", Ġis Ġhate Ġspeech Ġprotected",legal_reasoning,37956.23828125,sae_experimental_00012,"Under U.S. law, is hate speech protected by the First Amendment?"
2703,12,5,0.0,0.0,legal_reasoning,",",Under ĠU .S . Ġlaw,Ġis Ġhate Ġspeech Ġprotected Ġby,legal_reasoning,37956.23828125,sae_experimental_00012,"Under U.S. law, is hate speech protected by the First Amendment?"
2703,12,6,0.0,0.0,legal_reasoning,Ġis,"ĠU .S . Ġlaw ,",Ġhate Ġspeech Ġprotected Ġby Ġthe,legal_reasoning,37956.23828125,sae_experimental_00012,"Under U.S. law, is hate speech protected by the First Amendment?"
2703,12,7,0.0,0.0,legal_reasoning,Ġhate,".S . Ġlaw , Ġis",Ġspeech Ġprotected Ġby Ġthe ĠFirst,legal_reasoning,37956.23828125,sae_experimental_00012,"Under U.S. law, is hate speech protected by the First Amendment?"
2703,12,8,0.0,0.0,legal_reasoning,Ġspeech,". Ġlaw , Ġis Ġhate",Ġprotected Ġby Ġthe ĠFirst ĠAmendment,legal_reasoning,37956.23828125,sae_experimental_00012,"Under U.S. law, is hate speech protected by the First Amendment?"
2703,12,10,0.0,0.0,legal_reasoning,Ġby,", Ġis Ġhate Ġspeech Ġprotected",Ġthe ĠFirst ĠAmendment ? <|endoftext|>,legal_reasoning,37956.23828125,sae_experimental_00012,"Under U.S. law, is hate speech protected by the First Amendment?"
2703,12,11,0.0,0.0,legal_reasoning,Ġthe,Ġis Ġhate Ġspeech Ġprotected Ġby,ĠFirst ĠAmendment ? <|endoftext|> <|endoftext|>,legal_reasoning,37956.23828125,sae_experimental_00012,"Under U.S. law, is hate speech protected by the First Amendment?"
2703,12,12,0.0,0.0,legal_reasoning,ĠFirst,Ġhate Ġspeech Ġprotected Ġby Ġthe,ĠAmendment ? <|endoftext|> <|endoftext|> <|endoftext|>,legal_reasoning,37956.23828125,sae_experimental_00012,"Under U.S. law, is hate speech protected by the First Amendment?"
2703,12,13,0.0,0.0,legal_reasoning,ĠAmendment,Ġspeech Ġprotected Ġby Ġthe ĠFirst,? <|endoftext|> <|endoftext|> <|endoftext|> <|endoftext|>,legal_reasoning,37956.23828125,sae_experimental_00012,"Under U.S. law, is hate speech protected by the First Amendment?"
2703,12,14,0.0,0.0,legal_reasoning,?,Ġprotected Ġby Ġthe ĠFirst ĠAmendment,<|endoftext|> <|endoftext|> <|endoftext|> <|endoftext|> <|endoftext|>,legal_reasoning,37956.23828125,sae_experimental_00012,"Under U.S. law, is hate speech protected by the First Amendment?"
2703,12,1,0.0,0.0,legal_reasoning,ĠU,Under,".S . Ġlaw , Ġis",legal_reasoning,37956.23828125,sae_experimental_00012,"Under U.S. law, is hate speech protected by the First Amendment?"
1257,12,4,0.0224609375,0.0224609375,legal_reasoning,Ġlaw,Under ĠU .S .,", Ġis Ġhate Ġspeech Ġprotected",legal_reasoning,8773.8037109375,sae_experimental_00012,"Under U.S. law, is hate speech protected by the First Amendment?"
1257,12,0,0.0,0.0,legal_reasoning,Under,,"ĠU .S . Ġlaw ,",legal_reasoning,8773.8037109375,sae_experimental_00012,"Under U.S. law, is hate speech protected by the First Amendment?"
1257,12,8,0.0,0.0,legal_reasoning,Ġspeech,". Ġlaw , Ġis Ġhate",Ġprotected Ġby Ġthe ĠFirst ĠAmendment,legal_reasoning,8773.8037109375,sae_experimental_00012,"Under U.S. law, is hate speech protected by the First Amendment?"
1257,12,2,0.0,0.0,legal_reasoning,.S,Under ĠU,". Ġlaw , Ġis Ġhate",legal_reasoning,8773.8037109375,sae_experimental_00012,"Under U.S. law, is hate speech protected by the First Amendment?"
1257,12,3,0.0,0.0,legal_reasoning,.,Under ĠU .S,"Ġlaw , Ġis Ġhate Ġspeech",legal_reasoning,8773.8037109375,sae_experimental_00012,"Under U.S. law, is hate speech protected by the First Amendment?"
1257,12,5,0.0,0.0,legal_reasoning,",",Under ĠU .S . Ġlaw,Ġis Ġhate Ġspeech Ġprotected Ġby,legal_reasoning,8773.8037109375,sae_experimental_00012,"Under U.S. law, is hate speech protected by the First Amendment?"
1257,12,6,0.0,0.0,legal_reasoning,Ġis,"ĠU .S . Ġlaw ,",Ġhate Ġspeech Ġprotected Ġby Ġthe,legal_reasoning,8773.8037109375,sae_experimental_00012,"Under U.S. law, is hate speech protected by the First Amendment?"
1257,12,7,0.0,0.0,legal_reasoning,Ġhate,".S . Ġlaw , Ġis",Ġspeech Ġprotected Ġby Ġthe ĠFirst,legal_reasoning,8773.8037109375,sae_experimental_00012,"Under U.S. law, is hate speech protected by the First Amendment?"
1257,12,10,0.0,0.0,legal_reasoning,Ġby,", Ġis Ġhate Ġspeech Ġprotected",Ġthe ĠFirst ĠAmendment ? <|endoftext|>,legal_reasoning,8773.8037109375,sae_experimental_00012,"Under U.S. law, is hate speech protected by the First Amendment?"
1257,12,11,0.0,0.0,legal_reasoning,Ġthe,Ġis Ġhate Ġspeech Ġprotected Ġby,ĠFirst ĠAmendment ? <|endoftext|> <|endoftext|>,legal_reasoning,8773.8037109375,sae_experimental_00012,"Under U.S. law, is hate speech protected by the First Amendment?"
1257,12,12,0.0,0.0,legal_reasoning,ĠFirst,Ġhate Ġspeech Ġprotected Ġby Ġthe,ĠAmendment ? <|endoftext|> <|endoftext|> <|endoftext|>,legal_reasoning,8773.8037109375,sae_experimental_00012,"Under U.S. law, is hate speech protected by the First Amendment?"
1257,12,13,0.0,0.0,legal_reasoning,ĠAmendment,Ġspeech Ġprotected Ġby Ġthe ĠFirst,? <|endoftext|> <|endoftext|> <|endoftext|> <|endoftext|>,legal_reasoning,8773.8037109375,sae_experimental_00012,"Under U.S. law, is hate speech protected by the First Amendment?"
1257,12,14,0.0,0.0,legal_reasoning,?,Ġprotected Ġby Ġthe ĠFirst ĠAmendment,<|endoftext|> <|endoftext|> <|endoftext|> <|endoftext|> <|endoftext|>,legal_reasoning,8773.8037109375,sae_experimental_00012,"Under U.S. law, is hate speech protected by the First Amendment?"
1257,12,1,0.0,0.0,legal_reasoning,ĠU,Under,".S . Ġlaw , Ġis",legal_reasoning,8773.8037109375,sae_experimental_00012,"Under U.S. law, is hate speech protected by the First Amendment?"
1257,12,9,0.0,0.0,legal_reasoning,Ġprotected,"Ġlaw , Ġis Ġhate Ġspeech",Ġby Ġthe ĠFirst ĠAmendment ?,legal_reasoning,8773.8037109375,sae_experimental_00012,"Under U.S. law, is hate speech protected by the First Amendment?"
2915,12,9,0.01385498046875,0.01385498046875,legal_reasoning,Ġprotected,"Ġlaw , Ġis Ġhate Ġspeech",Ġby Ġthe ĠFirst ĠAmendment ?,legal_reasoning,5412.1015625,sae_experimental_00012,"Under U.S. law, is hate speech protected by the First Amendment?"
2915,12,0,0.0,0.0,legal_reasoning,Under,,"ĠU .S . Ġlaw ,",legal_reasoning,5412.1015625,sae_experimental_00012,"Under U.S. law, is hate speech protected by the First Amendment?"
2915,12,8,0.0,0.0,legal_reasoning,Ġspeech,". Ġlaw , Ġis Ġhate",Ġprotected Ġby Ġthe ĠFirst ĠAmendment,legal_reasoning,5412.1015625,sae_experimental_00012,"Under U.S. law, is hate speech protected by the First Amendment?"
2915,12,2,0.0,0.0,legal_reasoning,.S,Under ĠU,". Ġlaw , Ġis Ġhate",legal_reasoning,5412.1015625,sae_experimental_00012,"Under U.S. law, is hate speech protected by the First Amendment?"
2915,12,3,0.0,0.0,legal_reasoning,.,Under ĠU .S,"Ġlaw , Ġis Ġhate Ġspeech",legal_reasoning,5412.1015625,sae_experimental_00012,"Under U.S. law, is hate speech protected by the First Amendment?"
2915,12,4,0.0,0.0,legal_reasoning,Ġlaw,Under ĠU .S .,", Ġis Ġhate Ġspeech Ġprotected",legal_reasoning,5412.1015625,sae_experimental_00012,"Under U.S. law, is hate speech protected by the First Amendment?"
2915,12,5,0.0,0.0,legal_reasoning,",",Under ĠU .S . Ġlaw,Ġis Ġhate Ġspeech Ġprotected Ġby,legal_reasoning,5412.1015625,sae_experimental_00012,"Under U.S. law, is hate speech protected by the First Amendment?"
2915,12,6,0.0,0.0,legal_reasoning,Ġis,"ĠU .S . Ġlaw ,",Ġhate Ġspeech Ġprotected Ġby Ġthe,legal_reasoning,5412.1015625,sae_experimental_00012,"Under U.S. law, is hate speech protected by the First Amendment?"
2915,12,7,0.0,0.0,legal_reasoning,Ġhate,".S . Ġlaw , Ġis",Ġspeech Ġprotected Ġby Ġthe ĠFirst,legal_reasoning,5412.1015625,sae_experimental_00012,"Under U.S. law, is hate speech protected by the First Amendment?"
2915,12,10,0.0,0.0,legal_reasoning,Ġby,", Ġis Ġhate Ġspeech Ġprotected",Ġthe ĠFirst ĠAmendment ? <|endoftext|>,legal_reasoning,5412.1015625,sae_experimental_00012,"Under U.S. law, is hate speech protected by the First Amendment?"
2915,12,11,0.0,0.0,legal_reasoning,Ġthe,Ġis Ġhate Ġspeech Ġprotected Ġby,ĠFirst ĠAmendment ? <|endoftext|> <|endoftext|>,legal_reasoning,5412.1015625,sae_experimental_00012,"Under U.S. law, is hate speech protected by the First Amendment?"
2915,12,12,0.0,0.0,legal_reasoning,ĠFirst,Ġhate Ġspeech Ġprotected Ġby Ġthe,ĠAmendment ? <|endoftext|> <|endoftext|> <|endoftext|>,legal_reasoning,5412.1015625,sae_experimental_00012,"Under U.S. law, is hate speech protected by the First Amendment?"
2915,12,13,0.0,0.0,legal_reasoning,ĠAmendment,Ġspeech Ġprotected Ġby Ġthe ĠFirst,? <|endoftext|> <|endoftext|> <|endoftext|> <|endoftext|>,legal_reasoning,5412.1015625,sae_experimental_00012,"Under U.S. law, is hate speech protected by the First Amendment?"
2915,12,14,0.0,0.0,legal_reasoning,?,Ġprotected Ġby Ġthe ĠFirst ĠAmendment,<|endoftext|> <|endoftext|> <|endoftext|> <|endoftext|> <|endoftext|>,legal_reasoning,5412.1015625,sae_experimental_00012,"Under U.S. law, is hate speech protected by the First Amendment?"
2915,12,1,0.0,0.0,legal_reasoning,ĠU,Under,".S . Ġlaw , Ġis",legal_reasoning,5412.1015625,sae_experimental_00012,"Under U.S. law, is hate speech protected by the First Amendment?"
1744,12,0,4.5625,4.5625,legal_reasoning,Under,,"ĠU .S . Ġlaw ,",legal_reasoning,85.14610290527344,sae_experimental_00012,"Under U.S. law, is hate speech protected by the First Amendment?"
1744,12,4,3.6875,3.6875,legal_reasoning,Ġlaw,Under ĠU .S .,", Ġis Ġhate Ġspeech Ġprotected",legal_reasoning,85.14610290527344,sae_experimental_00012,"Under U.S. law, is hate speech protected by the First Amendment?"
1744,12,5,2.75,2.75,legal_reasoning,",",Under ĠU .S . Ġlaw,Ġis Ġhate Ġspeech Ġprotected Ġby,legal_reasoning,85.14610290527344,sae_experimental_00012,"Under U.S. law, is hate speech protected by the First Amendment?"
1744,12,8,2.640625,2.640625,legal_reasoning,Ġspeech,". Ġlaw , Ġis Ġhate",Ġprotected Ġby Ġthe ĠFirst ĠAmendment,legal_reasoning,85.14610290527344,sae_experimental_00012,"Under U.S. law, is hate speech protected by the First Amendment?"
1744,12,10,2.4375,2.4375,legal_reasoning,Ġby,", Ġis Ġhate Ġspeech Ġprotected",Ġthe ĠFirst ĠAmendment ? <|endoftext|>,legal_reasoning,85.14610290527344,sae_experimental_00012,"Under U.S. law, is hate speech protected by the First Amendment?"
1744,12,9,2.296875,2.296875,legal_reasoning,Ġprotected,"Ġlaw , Ġis Ġhate Ġspeech",Ġby Ġthe ĠFirst ĠAmendment ?,legal_reasoning,85.14610290527344,sae_experimental_00012,"Under U.S. law, is hate speech protected by the First Amendment?"
1744,12,13,2.296875,2.296875,legal_reasoning,ĠAmendment,Ġspeech Ġprotected Ġby Ġthe ĠFirst,? <|endoftext|> <|endoftext|> <|endoftext|> <|endoftext|>,legal_reasoning,85.14610290527344,sae_experimental_00012,"Under U.S. law, is hate speech protected by the First Amendment?"
1744,12,11,2.265625,2.265625,legal_reasoning,Ġthe,Ġis Ġhate Ġspeech Ġprotected Ġby,ĠFirst ĠAmendment ? <|endoftext|> <|endoftext|>,legal_reasoning,85.14610290527344,sae_experimental_00012,"Under U.S. law, is hate speech protected by the First Amendment?"
1744,12,6,1.9140625,1.9140625,legal_reasoning,Ġis,"ĠU .S . Ġlaw ,",Ġhate Ġspeech Ġprotected Ġby Ġthe,legal_reasoning,85.14610290527344,sae_experimental_00012,"Under U.S. law, is hate speech protected by the First Amendment?"
1744,12,7,1.3359375,1.3359375,legal_reasoning,Ġhate,".S . Ġlaw , Ġis",Ġspeech Ġprotected Ġby Ġthe ĠFirst,legal_reasoning,85.14610290527344,sae_experimental_00012,"Under U.S. law, is hate speech protected by the First Amendment?"
1744,12,12,1.3046875,1.3046875,legal_reasoning,ĠFirst,Ġhate Ġspeech Ġprotected Ġby Ġthe,ĠAmendment ? <|endoftext|> <|endoftext|> <|endoftext|>,legal_reasoning,85.14610290527344,sae_experimental_00012,"Under U.S. law, is hate speech protected by the First Amendment?"
1744,12,3,1.2734375,1.2734375,legal_reasoning,.,Under ĠU .S,"Ġlaw , Ġis Ġhate Ġspeech",legal_reasoning,85.14610290527344,sae_experimental_00012,"Under U.S. law, is hate speech protected by the First Amendment?"
1744,12,2,1.125,1.125,legal_reasoning,.S,Under ĠU,". Ġlaw , Ġis Ġhate",legal_reasoning,85.14610290527344,sae_experimental_00012,"Under U.S. law, is hate speech protected by the First Amendment?"
1744,12,1,0.53515625,0.53515625,legal_reasoning,ĠU,Under,".S . Ġlaw , Ġis",legal_reasoning,85.14610290527344,sae_experimental_00012,"Under U.S. law, is hate speech protected by the First Amendment?"
1744,12,14,0.2412109375,0.2412109375,legal_reasoning,?,Ġprotected Ġby Ġthe ĠFirst ĠAmendment,<|endoftext|> <|endoftext|> <|endoftext|> <|endoftext|> <|endoftext|>,legal_reasoning,85.14610290527344,sae_experimental_00012,"Under U.S. law, is hate speech protected by the First Amendment?"
974,12,0,4.84375,4.84375,legal_reasoning,Under,,"ĠU .S . Ġlaw ,",legal_reasoning,80.77362823486328,sae_experimental_00012,"Under U.S. law, is hate speech protected by the First Amendment?"
974,12,4,2.296875,2.296875,legal_reasoning,Ġlaw,Under ĠU .S .,", Ġis Ġhate Ġspeech Ġprotected",legal_reasoning,80.77362823486328,sae_experimental_00012,"Under U.S. law, is hate speech protected by the First Amendment?"
974,12,5,1.8359375,1.8359375,legal_reasoning,",",Under ĠU .S . Ġlaw,Ġis Ġhate Ġspeech Ġprotected Ġby,legal_reasoning,80.77362823486328,sae_experimental_00012,"Under U.S. law, is hate speech protected by the First Amendment?"
974,12,6,1.6796875,1.6796875,legal_reasoning,Ġis,"ĠU .S . Ġlaw ,",Ġhate Ġspeech Ġprotected Ġby Ġthe,legal_reasoning,80.77362823486328,sae_experimental_00012,"Under U.S. law, is hate speech protected by the First Amendment?"
974,12,10,1.5703125,1.5703125,legal_reasoning,Ġby,", Ġis Ġhate Ġspeech Ġprotected",Ġthe ĠFirst ĠAmendment ? <|endoftext|>,legal_reasoning,80.77362823486328,sae_experimental_00012,"Under U.S. law, is hate speech protected by the First Amendment?"
974,12,8,1.4921875,1.4921875,legal_reasoning,Ġspeech,". Ġlaw , Ġis Ġhate",Ġprotected Ġby Ġthe ĠFirst ĠAmendment,legal_reasoning,80.77362823486328,sae_experimental_00012,"Under U.S. law, is hate speech protected by the First Amendment?"
974,12,9,1.4921875,1.4921875,legal_reasoning,Ġprotected,"Ġlaw , Ġis Ġhate Ġspeech",Ġby Ġthe ĠFirst ĠAmendment ?,legal_reasoning,80.77362823486328,sae_experimental_00012,"Under U.S. law, is hate speech protected by the First Amendment?"
974,12,11,1.3046875,1.3046875,legal_reasoning,Ġthe,Ġis Ġhate Ġspeech Ġprotected Ġby,ĠFirst ĠAmendment ? <|endoftext|> <|endoftext|>,legal_reasoning,80.77362823486328,sae_experimental_00012,"Under U.S. law, is hate speech protected by the First Amendment?"
974,12,13,1.078125,1.078125,legal_reasoning,ĠAmendment,Ġspeech Ġprotected Ġby Ġthe ĠFirst,? <|endoftext|> <|endoftext|> <|endoftext|> <|endoftext|>,legal_reasoning,80.77362823486328,sae_experimental_00012,"Under U.S. law, is hate speech protected by the First Amendment?"
974,12,12,0.57421875,0.57421875,legal_reasoning,ĠFirst,Ġhate Ġspeech Ġprotected Ġby Ġthe,ĠAmendment ? <|endoftext|> <|endoftext|> <|endoftext|>,legal_reasoning,80.77362823486328,sae_experimental_00012,"Under U.S. law, is hate speech protected by the First Amendment?"
974,12,3,0.482421875,0.482421875,legal_reasoning,.,Under ĠU .S,"Ġlaw , Ġis Ġhate Ġspeech",legal_reasoning,80.77362823486328,sae_experimental_00012,"Under U.S. law, is hate speech protected by the First Amendment?"
974,12,7,0.474609375,0.474609375,legal_reasoning,Ġhate,".S . Ġlaw , Ġis",Ġspeech Ġprotected Ġby Ġthe ĠFirst,legal_reasoning,80.77362823486328,sae_experimental_00012,"Under U.S. law, is hate speech protected by the First Amendment?"
974,12,2,0.455078125,0.455078125,legal_reasoning,.S,Under ĠU,". Ġlaw , Ġis Ġhate",legal_reasoning,80.77362823486328,sae_experimental_00012,"Under U.S. law, is hate speech protected by the First Amendment?"
974,12,1,0.193359375,0.193359375,legal_reasoning,ĠU,Under,".S . Ġlaw , Ġis",legal_reasoning,80.77362823486328,sae_experimental_00012,"Under U.S. law, is hate speech protected by the First Amendment?"
974,12,14,0.146484375,0.146484375,legal_reasoning,?,Ġprotected Ġby Ġthe ĠFirst ĠAmendment,<|endoftext|> <|endoftext|> <|endoftext|> <|endoftext|> <|endoftext|>,legal_reasoning,80.77362823486328,sae_experimental_00012,"Under U.S. law, is hate speech protected by the First Amendment?"
2843,12,0,5.09375,5.09375,legal_reasoning,Under,,"ĠU .S . Ġlaw ,",legal_reasoning,72.37931060791016,sae_experimental_00012,"Under U.S. law, is hate speech protected by the First Amendment?"
2843,12,4,3.734375,3.734375,legal_reasoning,Ġlaw,Under ĠU .S .,", Ġis Ġhate Ġspeech Ġprotected",legal_reasoning,72.37931060791016,sae_experimental_00012,"Under U.S. law, is hate speech protected by the First Amendment?"
2843,12,5,2.921875,2.921875,legal_reasoning,",",Under ĠU .S . Ġlaw,Ġis Ġhate Ġspeech Ġprotected Ġby,legal_reasoning,72.37931060791016,sae_experimental_00012,"Under U.S. law, is hate speech protected by the First Amendment?"
2843,12,6,2.25,2.25,legal_reasoning,Ġis,"ĠU .S . Ġlaw ,",Ġhate Ġspeech Ġprotected Ġby Ġthe,legal_reasoning,72.37931060791016,sae_experimental_00012,"Under U.S. law, is hate speech protected by the First Amendment?"
2843,12,10,2.0625,2.0625,legal_reasoning,Ġby,", Ġis Ġhate Ġspeech Ġprotected",Ġthe ĠFirst ĠAmendment ? <|endoftext|>,legal_reasoning,72.37931060791016,sae_experimental_00012,"Under U.S. law, is hate speech protected by the First Amendment?"
2843,12,9,1.9765625,1.9765625,legal_reasoning,Ġprotected,"Ġlaw , Ġis Ġhate Ġspeech",Ġby Ġthe ĠFirst ĠAmendment ?,legal_reasoning,72.37931060791016,sae_experimental_00012,"Under U.S. law, is hate speech protected by the First Amendment?"
2843,12,11,1.828125,1.828125,legal_reasoning,Ġthe,Ġis Ġhate Ġspeech Ġprotected Ġby,ĠFirst ĠAmendment ? <|endoftext|> <|endoftext|>,legal_reasoning,72.37931060791016,sae_experimental_00012,"Under U.S. law, is hate speech protected by the First Amendment?"
2843,12,8,1.7109375,1.7109375,legal_reasoning,Ġspeech,". Ġlaw , Ġis Ġhate",Ġprotected Ġby Ġthe ĠFirst ĠAmendment,legal_reasoning,72.37931060791016,sae_experimental_00012,"Under U.S. law, is hate speech protected by the First Amendment?"
2843,12,13,1.6953125,1.6953125,legal_reasoning,ĠAmendment,Ġspeech Ġprotected Ġby Ġthe ĠFirst,? <|endoftext|> <|endoftext|> <|endoftext|> <|endoftext|>,legal_reasoning,72.37931060791016,sae_experimental_00012,"Under U.S. law, is hate speech protected by the First Amendment?"
2843,12,3,0.90625,0.90625,legal_reasoning,.,Under ĠU .S,"Ġlaw , Ġis Ġhate Ġspeech",legal_reasoning,72.37931060791016,sae_experimental_00012,"Under U.S. law, is hate speech protected by the First Amendment?"
2843,12,2,0.75390625,0.75390625,legal_reasoning,.S,Under ĠU,". Ġlaw , Ġis Ġhate",legal_reasoning,72.37931060791016,sae_experimental_00012,"Under U.S. law, is hate speech protected by the First Amendment?"
2843,12,12,0.75390625,0.75390625,legal_reasoning,ĠFirst,Ġhate Ġspeech Ġprotected Ġby Ġthe,ĠAmendment ? <|endoftext|> <|endoftext|> <|endoftext|>,legal_reasoning,72.37931060791016,sae_experimental_00012,"Under U.S. law, is hate speech protected by the First Amendment?"
2843,12,7,0.59765625,0.59765625,legal_reasoning,Ġhate,".S . Ġlaw , Ġis",Ġspeech Ġprotected Ġby Ġthe ĠFirst,legal_reasoning,72.37931060791016,sae_experimental_00012,"Under U.S. law, is hate speech protected by the First Amendment?"
2843,12,14,0.255859375,0.255859375,legal_reasoning,?,Ġprotected Ġby Ġthe ĠFirst ĠAmendment,<|endoftext|> <|endoftext|> <|endoftext|> <|endoftext|> <|endoftext|>,legal_reasoning,72.37931060791016,sae_experimental_00012,"Under U.S. law, is hate speech protected by the First Amendment?"
2843,12,1,0.2490234375,0.2490234375,legal_reasoning,ĠU,Under,".S . Ġlaw , Ġis",legal_reasoning,72.37931060791016,sae_experimental_00012,"Under U.S. law, is hate speech protected by the First Amendment?"
898,12,0,5.0,5.0,legal_reasoning,Under,,"ĠU .S . Ġlaw ,",legal_reasoning,60.82860565185547,sae_experimental_00012,"Under U.S. law, is hate speech protected by the First Amendment?"
898,12,4,3.5625,3.5625,legal_reasoning,Ġlaw,Under ĠU .S .,", Ġis Ġhate Ġspeech Ġprotected",legal_reasoning,60.82860565185547,sae_experimental_00012,"Under U.S. law, is hate speech protected by the First Amendment?"
898,12,5,2.140625,2.140625,legal_reasoning,",",Under ĠU .S . Ġlaw,Ġis Ġhate Ġspeech Ġprotected Ġby,legal_reasoning,60.82860565185547,sae_experimental_00012,"Under U.S. law, is hate speech protected by the First Amendment?"
898,12,3,2.0,2.0,legal_reasoning,.,Under ĠU .S,"Ġlaw , Ġis Ġhate Ġspeech",legal_reasoning,60.82860565185547,sae_experimental_00012,"Under U.S. law, is hate speech protected by the First Amendment?"
898,12,2,1.890625,1.890625,legal_reasoning,.S,Under ĠU,". Ġlaw , Ġis Ġhate",legal_reasoning,60.82860565185547,sae_experimental_00012,"Under U.S. law, is hate speech protected by the First Amendment?"
898,12,13,1.3359375,1.3359375,legal_reasoning,ĠAmendment,Ġspeech Ġprotected Ġby Ġthe ĠFirst,? <|endoftext|> <|endoftext|> <|endoftext|> <|endoftext|>,legal_reasoning,60.82860565185547,sae_experimental_00012,"Under U.S. law, is hate speech protected by the First Amendment?"
898,12,6,1.28125,1.28125,legal_reasoning,Ġis,"ĠU .S . Ġlaw ,",Ġhate Ġspeech Ġprotected Ġby Ġthe,legal_reasoning,60.82860565185547,sae_experimental_00012,"Under U.S. law, is hate speech protected by the First Amendment?"
898,12,10,1.25,1.25,legal_reasoning,Ġby,", Ġis Ġhate Ġspeech Ġprotected",Ġthe ĠFirst ĠAmendment ? <|endoftext|>,legal_reasoning,60.82860565185547,sae_experimental_00012,"Under U.S. law, is hate speech protected by the First Amendment?"
898,12,11,1.1640625,1.1640625,legal_reasoning,Ġthe,Ġis Ġhate Ġspeech Ġprotected Ġby,ĠFirst ĠAmendment ? <|endoftext|> <|endoftext|>,legal_reasoning,60.82860565185547,sae_experimental_00012,"Under U.S. law, is hate speech protected by the First Amendment?"
898,12,1,1.09375,1.09375,legal_reasoning,ĠU,Under,".S . Ġlaw , Ġis",legal_reasoning,60.82860565185547,sae_experimental_00012,"Under U.S. law, is hate speech protected by the First Amendment?"
898,12,9,0.890625,0.890625,legal_reasoning,Ġprotected,"Ġlaw , Ġis Ġhate Ġspeech",Ġby Ġthe ĠFirst ĠAmendment ?,legal_reasoning,60.82860565185547,sae_experimental_00012,"Under U.S. law, is hate speech protected by the First Amendment?"
898,12,8,0.87890625,0.87890625,legal_reasoning,Ġspeech,". Ġlaw , Ġis Ġhate",Ġprotected Ġby Ġthe ĠFirst ĠAmendment,legal_reasoning,60.82860565185547,sae_experimental_00012,"Under U.S. law, is hate speech protected by the First Amendment?"
898,12,12,0.84765625,0.84765625,legal_reasoning,ĠFirst,Ġhate Ġspeech Ġprotected Ġby Ġthe,ĠAmendment ? <|endoftext|> <|endoftext|> <|endoftext|>,legal_reasoning,60.82860565185547,sae_experimental_00012,"Under U.S. law, is hate speech protected by the First Amendment?"
898,12,7,0.26953125,0.26953125,legal_reasoning,Ġhate,".S . Ġlaw , Ġis",Ġspeech Ġprotected Ġby Ġthe ĠFirst,legal_reasoning,60.82860565185547,sae_experimental_00012,"Under U.S. law, is hate speech protected by the First Amendment?"
898,12,14,0.25390625,0.25390625,legal_reasoning,?,Ġprotected Ġby Ġthe ĠFirst ĠAmendment,<|endoftext|> <|endoftext|> <|endoftext|> <|endoftext|> <|endoftext|>,legal_reasoning,60.82860565185547,sae_experimental_00012,"Under U.S. law, is hate speech protected by the First Amendment?"
1480,12,0,4.90625,4.90625,legal_reasoning,Under,,"ĠU .S . Ġlaw ,",legal_reasoning,57.89888000488281,sae_experimental_00012,"Under U.S. law, is hate speech protected by the First Amendment?"
1480,12,4,2.03125,2.03125,legal_reasoning,Ġlaw,Under ĠU .S .,", Ġis Ġhate Ġspeech Ġprotected",legal_reasoning,57.89888000488281,sae_experimental_00012,"Under U.S. law, is hate speech protected by the First Amendment?"
1480,12,5,1.65625,1.65625,legal_reasoning,",",Under ĠU .S . Ġlaw,Ġis Ġhate Ġspeech Ġprotected Ġby,legal_reasoning,57.89888000488281,sae_experimental_00012,"Under U.S. law, is hate speech protected by the First Amendment?"
1480,12,6,1.5,1.5,legal_reasoning,Ġis,"ĠU .S . Ġlaw ,",Ġhate Ġspeech Ġprotected Ġby Ġthe,legal_reasoning,57.89888000488281,sae_experimental_00012,"Under U.S. law, is hate speech protected by the First Amendment?"
1480,12,10,1.3515625,1.3515625,legal_reasoning,Ġby,", Ġis Ġhate Ġspeech Ġprotected",Ġthe ĠFirst ĠAmendment ? <|endoftext|>,legal_reasoning,57.89888000488281,sae_experimental_00012,"Under U.S. law, is hate speech protected by the First Amendment?"
1480,12,9,1.3359375,1.3359375,legal_reasoning,Ġprotected,"Ġlaw , Ġis Ġhate Ġspeech",Ġby Ġthe ĠFirst ĠAmendment ?,legal_reasoning,57.89888000488281,sae_experimental_00012,"Under U.S. law, is hate speech protected by the First Amendment?"
1480,12,8,1.3125,1.3125,legal_reasoning,Ġspeech,". Ġlaw , Ġis Ġhate",Ġprotected Ġby Ġthe ĠFirst ĠAmendment,legal_reasoning,57.89888000488281,sae_experimental_00012,"Under U.S. law, is hate speech protected by the First Amendment?"
1480,12,11,1.171875,1.171875,legal_reasoning,Ġthe,Ġis Ġhate Ġspeech Ġprotected Ġby,ĠFirst ĠAmendment ? <|endoftext|> <|endoftext|>,legal_reasoning,57.89888000488281,sae_experimental_00012,"Under U.S. law, is hate speech protected by the First Amendment?"
1480,12,13,1.03125,1.03125,legal_reasoning,ĠAmendment,Ġspeech Ġprotected Ġby Ġthe ĠFirst,? <|endoftext|> <|endoftext|> <|endoftext|> <|endoftext|>,legal_reasoning,57.89888000488281,sae_experimental_00012,"Under U.S. law, is hate speech protected by the First Amendment?"
1480,12,7,0.58984375,0.58984375,legal_reasoning,Ġhate,".S . Ġlaw , Ġis",Ġspeech Ġprotected Ġby Ġthe ĠFirst,legal_reasoning,57.89888000488281,sae_experimental_00012,"Under U.S. law, is hate speech protected by the First Amendment?"
1480,12,12,0.50390625,0.50390625,legal_reasoning,ĠFirst,Ġhate Ġspeech Ġprotected Ġby Ġthe,ĠAmendment ? <|endoftext|> <|endoftext|> <|endoftext|>,legal_reasoning,57.89888000488281,sae_experimental_00012,"Under U.S. law, is hate speech protected by the First Amendment?"
1480,12,3,0.4765625,0.4765625,legal_reasoning,.,Under ĠU .S,"Ġlaw , Ġis Ġhate Ġspeech",legal_reasoning,57.89888000488281,sae_experimental_00012,"Under U.S. law, is hate speech protected by the First Amendment?"
1480,12,2,0.408203125,0.408203125,legal_reasoning,.S,Under ĠU,". Ġlaw , Ġis Ġhate",legal_reasoning,57.89888000488281,sae_experimental_00012,"Under U.S. law, is hate speech protected by the First Amendment?"
1480,12,14,0.177734375,0.177734375,legal_reasoning,?,Ġprotected Ġby Ġthe ĠFirst ĠAmendment,<|endoftext|> <|endoftext|> <|endoftext|> <|endoftext|> <|endoftext|>,legal_reasoning,57.89888000488281,sae_experimental_00012,"Under U.S. law, is hate speech protected by the First Amendment?"
1480,12,1,0.09765625,0.09765625,legal_reasoning,ĠU,Under,".S . Ġlaw , Ġis",legal_reasoning,57.89888000488281,sae_experimental_00012,"Under U.S. law, is hate speech protected by the First Amendment?"
2401,12,0,4.96875,4.96875,legal_reasoning,Under,,"ĠU .S . Ġlaw ,",legal_reasoning,57.526832580566406,sae_experimental_00012,"Under U.S. law, is hate speech protected by the First Amendment?"
2401,12,4,1.640625,1.640625,legal_reasoning,Ġlaw,Under ĠU .S .,", Ġis Ġhate Ġspeech Ġprotected",legal_reasoning,57.526832580566406,sae_experimental_00012,"Under U.S. law, is hate speech protected by the First Amendment?"
2401,12,8,1.234375,1.234375,legal_reasoning,Ġspeech,". Ġlaw , Ġis Ġhate",Ġprotected Ġby Ġthe ĠFirst ĠAmendment,legal_reasoning,57.526832580566406,sae_experimental_00012,"Under U.S. law, is hate speech protected by the First Amendment?"
2401,12,9,1.1875,1.1875,legal_reasoning,Ġprotected,"Ġlaw , Ġis Ġhate Ġspeech",Ġby Ġthe ĠFirst ĠAmendment ?,legal_reasoning,57.526832580566406,sae_experimental_00012,"Under U.S. law, is hate speech protected by the First Amendment?"
2401,12,5,1.1171875,1.1171875,legal_reasoning,",",Under ĠU .S . Ġlaw,Ġis Ġhate Ġspeech Ġprotected Ġby,legal_reasoning,57.526832580566406,sae_experimental_00012,"Under U.S. law, is hate speech protected by the First Amendment?"
2401,12,13,1.078125,1.078125,legal_reasoning,ĠAmendment,Ġspeech Ġprotected Ġby Ġthe ĠFirst,? <|endoftext|> <|endoftext|> <|endoftext|> <|endoftext|>,legal_reasoning,57.526832580566406,sae_experimental_00012,"Under U.S. law, is hate speech protected by the First Amendment?"
2401,12,10,1.0625,1.0625,legal_reasoning,Ġby,", Ġis Ġhate Ġspeech Ġprotected",Ġthe ĠFirst ĠAmendment ? <|endoftext|>,legal_reasoning,57.526832580566406,sae_experimental_00012,"Under U.S. law, is hate speech protected by the First Amendment?"
2401,12,11,0.9375,0.9375,legal_reasoning,Ġthe,Ġis Ġhate Ġspeech Ġprotected Ġby,ĠFirst ĠAmendment ? <|endoftext|> <|endoftext|>,legal_reasoning,57.526832580566406,sae_experimental_00012,"Under U.S. law, is hate speech protected by the First Amendment?"
2401,12,6,0.796875,0.796875,legal_reasoning,Ġis,"ĠU .S . Ġlaw ,",Ġhate Ġspeech Ġprotected Ġby Ġthe,legal_reasoning,57.526832580566406,sae_experimental_00012,"Under U.S. law, is hate speech protected by the First Amendment?"
2401,12,7,0.42578125,0.42578125,legal_reasoning,Ġhate,".S . Ġlaw , Ġis",Ġspeech Ġprotected Ġby Ġthe ĠFirst,legal_reasoning,57.526832580566406,sae_experimental_00012,"Under U.S. law, is hate speech protected by the First Amendment?"
2401,12,12,0.39453125,0.39453125,legal_reasoning,ĠFirst,Ġhate Ġspeech Ġprotected Ġby Ġthe,ĠAmendment ? <|endoftext|> <|endoftext|> <|endoftext|>,legal_reasoning,57.526832580566406,sae_experimental_00012,"Under U.S. law, is hate speech protected by the First Amendment?"
2401,12,3,0.375,0.375,legal_reasoning,.,Under ĠU .S,"Ġlaw , Ġis Ġhate Ġspeech",legal_reasoning,57.526832580566406,sae_experimental_00012,"Under U.S. law, is hate speech protected by the First Amendment?"
2401,12,2,0.302734375,0.302734375,legal_reasoning,.S,Under ĠU,". Ġlaw , Ġis Ġhate",legal_reasoning,57.526832580566406,sae_experimental_00012,"Under U.S. law, is hate speech protected by the First Amendment?"
2401,12,14,0.06591796875,0.06591796875,legal_reasoning,?,Ġprotected Ġby Ġthe ĠFirst ĠAmendment,<|endoftext|> <|endoftext|> <|endoftext|> <|endoftext|> <|endoftext|>,legal_reasoning,57.526832580566406,sae_experimental_00012,"Under U.S. law, is hate speech protected by the First Amendment?"
2401,12,1,0.0294189453125,0.0294189453125,legal_reasoning,ĠU,Under,".S . Ġlaw , Ġis",legal_reasoning,57.526832580566406,sae_experimental_00012,"Under U.S. law, is hate speech protected by the First Amendment?"
1964,10,0,5.15625,5.15625,mathematical_reasoning,What,,Ġis Ġ 1 4 4,mathematical_reasoning,3.846736431121826,sae_experimental_00010,What is 144 divided by 12?
1964,4,0,5.15625,5.15625,mathematical_reasoning,What,,Ġis Ġthe Ġabsolute Ġvalue Ġof,mathematical_reasoning,3.846736431121826,sae_experimental_00004,What is the absolute value of -15?
1964,14,0,4.90625,4.90625,mathematical_reasoning,S,,olve : Ġ 3 Ġ+,mathematical_reasoning,3.846736431121826,sae_experimental_00014,Solve: 3 + 4 * 2 - 1.
1964,5,0,4.90625,4.90625,mathematical_reasoning,S,,olve : Ġ 6 Ġ/,mathematical_reasoning,3.846736431121826,sae_experimental_00005,Solve: 6 / 2 * (1 + 2).
1964,8,0,4.90625,4.90625,mathematical_reasoning,S,,implify : Ġ 1 2,mathematical_reasoning,3.846736431121826,sae_experimental_00008,Simplify: 12/15.
1964,14,4,0.267578125,0.267578125,mathematical_reasoning,3,S olve : Ġ,Ġ+ Ġ 4 Ġ* Ġ,mathematical_reasoning,3.846736431121826,sae_experimental_00014,Solve: 3 + 4 * 2 - 1.
1964,5,7,0.26171875,0.26171875,mathematical_reasoning,2,: Ġ 6 Ġ/ Ġ,Ġ* Ġ( 1 Ġ+ Ġ,mathematical_reasoning,3.846736431121826,sae_experimental_00005,Solve: 6 / 2 * (1 + 2).
1964,5,4,0.255859375,0.255859375,mathematical_reasoning,6,S olve : Ġ,Ġ/ Ġ 2 Ġ* Ġ(,mathematical_reasoning,3.846736431121826,sae_experimental_00005,Solve: 6 / 2 * (1 + 2).
1964,8,5,0.2353515625,0.2353515625,mathematical_reasoning,2,S implify : Ġ 1,/ 1 5 . <|endoftext|>,mathematical_reasoning,3.846736431121826,sae_experimental_00008,Simplify: 12/15.
1964,14,7,0.234375,0.234375,mathematical_reasoning,4,: Ġ 3 Ġ+ Ġ,Ġ* Ġ 2 Ġ- Ġ,mathematical_reasoning,3.846736431121826,sae_experimental_00014,Solve: 3 + 4 * 2 - 1.
1964,10,4,0.2080078125,0.2080078125,mathematical_reasoning,4,What Ġis Ġ 1,4 Ġdivided Ġby Ġ 1,mathematical_reasoning,3.846736431121826,sae_experimental_00010,What is 144 divided by 12?
1964,5,10,0.205078125,0.205078125,mathematical_reasoning,1,Ġ/ Ġ 2 Ġ* Ġ(,Ġ+ Ġ 2 ). <|endoftext|>,mathematical_reasoning,3.846736431121826,sae_experimental_00005,Solve: 6 / 2 * (1 + 2).
1964,14,10,0.205078125,0.205078125,mathematical_reasoning,2,Ġ+ Ġ 4 Ġ* Ġ,Ġ- Ġ 1 . <|endoftext|>,mathematical_reasoning,3.846736431121826,sae_experimental_00014,Solve: 3 + 4 * 2 - 1.
1964,5,13,0.2001953125,0.2001953125,mathematical_reasoning,2,Ġ* Ġ( 1 Ġ+ Ġ,). <|endoftext|> <|endoftext|> <|endoftext|> <|endoftext|>,mathematical_reasoning,3.846736431121826,sae_experimental_00005,Solve: 6 / 2 * (1 + 2).
1964,8,7,0.1982421875,0.1982421875,mathematical_reasoning,1,: Ġ 1 2 /,5 . <|endoftext|> <|endoftext|> <|endoftext|>,mathematical_reasoning,3.846736431121826,sae_experimental_00008,Simplify: 12/15.
1964,8,4,0.1748046875,0.1748046875,mathematical_reasoning,1,S implify : Ġ,2 / 1 5 .,mathematical_reasoning,3.846736431121826,sae_experimental_00008,Simplify: 12/15.
1964,10,3,0.1728515625,0.1728515625,mathematical_reasoning,1,What Ġis Ġ,4 4 Ġdivided Ġby Ġ,mathematical_reasoning,3.846736431121826,sae_experimental_00010,What is 144 divided by 12?
1964,10,9,0.1689453125,0.1689453125,mathematical_reasoning,1,4 4 Ġdivided Ġby Ġ,2 ? <|endoftext|> <|endoftext|> <|endoftext|>,mathematical_reasoning,3.846736431121826,sae_experimental_00010,What is 144 divided by 12?
1964,4,8,0.1669921875,0.1669921875,mathematical_reasoning,5,Ġabsolute Ġvalue Ġof Ġ- 1,? <|endoftext|> <|endoftext|> <|endoftext|> <|endoftext|>,mathematical_reasoning,3.846736431121826,sae_experimental_00004,What is the absolute value of -15?
1964,14,5,0.1669921875,0.1669921875,mathematical_reasoning,Ġ+,S olve : Ġ 3,Ġ 4 Ġ* Ġ 2,mathematical_reasoning,3.846736431121826,sae_experimental_00014,Solve: 3 + 4 * 2 - 1.
1964,10,10,0.1611328125,0.1611328125,mathematical_reasoning,2,4 Ġdivided Ġby Ġ 1,? <|endoftext|> <|endoftext|> <|endoftext|> <|endoftext|>,mathematical_reasoning,3.846736431121826,sae_experimental_00010,What is 144 divided by 12?
1964,14,13,0.1611328125,0.1611328125,mathematical_reasoning,1,Ġ* Ġ 2 Ġ- Ġ,. <|endoftext|> <|endoftext|> <|endoftext|> <|endoftext|>,mathematical_reasoning,3.846736431121826,sae_experimental_00014,Solve: 3 + 4 * 2 - 1.
1964,5,8,0.16015625,0.16015625,mathematical_reasoning,Ġ*,Ġ 6 Ġ/ Ġ 2,Ġ( 1 Ġ+ Ġ 2,mathematical_reasoning,3.846736431121826,sae_experimental_00005,Solve: 6 / 2 * (1 + 2).
1964,5,5,0.1591796875,0.1591796875,mathematical_reasoning,Ġ/,S olve : Ġ 6,Ġ 2 Ġ* Ġ( 1,mathematical_reasoning,3.846736431121826,sae_experimental_00005,Solve: 6 / 2 * (1 + 2).
1964,14,8,0.158203125,0.158203125,mathematical_reasoning,Ġ*,Ġ 3 Ġ+ Ġ 4,Ġ 2 Ġ- Ġ 1,mathematical_reasoning,3.846736431121826,sae_experimental_00014,Solve: 3 + 4 * 2 - 1.
1964,4,7,0.1572265625,0.1572265625,mathematical_reasoning,1,Ġthe Ġabsolute Ġvalue Ġof Ġ-,5 ? <|endoftext|> <|endoftext|> <|endoftext|>,mathematical_reasoning,3.846736431121826,sae_experimental_00004,What is the absolute value of -15?
1964,8,8,0.1494140625,0.1494140625,mathematical_reasoning,5,Ġ 1 2 / 1,. <|endoftext|> <|endoftext|> <|endoftext|> <|endoftext|>,mathematical_reasoning,3.846736431121826,sae_experimental_00008,Simplify: 12/15.
1964,14,11,0.146484375,0.146484375,mathematical_reasoning,Ġ-,Ġ 4 Ġ* Ġ 2,Ġ 1 . <|endoftext|> <|endoftext|>,mathematical_reasoning,3.846736431121826,sae_experimental_00014,Solve: 3 + 4 * 2 - 1.
1964,5,6,0.14453125,0.14453125,mathematical_reasoning,Ġ,olve : Ġ 6 Ġ/,2 Ġ* Ġ( 1 Ġ+,mathematical_reasoning,3.846736431121826,sae_experimental_00005,Solve: 6 / 2 * (1 + 2).
1964,10,5,0.1435546875,0.1435546875,mathematical_reasoning,4,What Ġis Ġ 1 4,Ġdivided Ġby Ġ 1 2,mathematical_reasoning,3.846736431121826,sae_experimental_00010,What is 144 divided by 12?
1385,14,4,0.1171875,0.1171875,mathematical_reasoning,3,S olve : Ġ,Ġ+ Ġ 4 Ġ* Ġ,mathematical_reasoning,3.795424699783325,sae_experimental_00014,Solve: 3 + 4 * 2 - 1.
1385,5,4,0.09814453125,0.09814453125,mathematical_reasoning,6,S olve : Ġ,Ġ/ Ġ 2 Ġ* Ġ(,mathematical_reasoning,3.795424699783325,sae_experimental_00005,Solve: 6 / 2 * (1 + 2).
1385,8,5,0.09716796875,0.09716796875,mathematical_reasoning,2,S implify : Ġ 1,/ 1 5 . <|endoftext|>,mathematical_reasoning,3.795424699783325,sae_experimental_00008,Simplify: 12/15.
1385,14,7,0.08544921875,0.08544921875,mathematical_reasoning,4,: Ġ 3 Ġ+ Ġ,Ġ* Ġ 2 Ġ- Ġ,mathematical_reasoning,3.795424699783325,sae_experimental_00014,Solve: 3 + 4 * 2 - 1.
1385,10,4,0.08251953125,0.08251953125,mathematical_reasoning,4,What Ġis Ġ 1,4 Ġdivided Ġby Ġ 1,mathematical_reasoning,3.795424699783325,sae_experimental_00010,What is 144 divided by 12?
1385,5,7,0.06787109375,0.06787109375,mathematical_reasoning,2,: Ġ 6 Ġ/ Ġ,Ġ* Ġ( 1 Ġ+ Ġ,mathematical_reasoning,3.795424699783325,sae_experimental_00005,Solve: 6 / 2 * (1 + 2).
1385,14,5,0.059814453125,0.059814453125,mathematical_reasoning,Ġ+,S olve : Ġ 3,Ġ 4 Ġ* Ġ 2,mathematical_reasoning,3.795424699783325,sae_experimental_00014,Solve: 3 + 4 * 2 - 1.
1385,5,13,0.057861328125,0.057861328125,mathematical_reasoning,2,Ġ* Ġ( 1 Ġ+ Ġ,). <|endoftext|> <|endoftext|> <|endoftext|> <|endoftext|>,mathematical_reasoning,3.795424699783325,sae_experimental_00005,Solve: 6 / 2 * (1 + 2).
1385,10,10,0.055908203125,0.055908203125,mathematical_reasoning,2,4 Ġdivided Ġby Ġ 1,? <|endoftext|> <|endoftext|> <|endoftext|> <|endoftext|>,mathematical_reasoning,3.795424699783325,sae_experimental_00010,What is 144 divided by 12?
1385,10,3,0.054443359375,0.054443359375,mathematical_reasoning,1,What Ġis Ġ,4 4 Ġdivided Ġby Ġ,mathematical_reasoning,3.795424699783325,sae_experimental_00010,What is 144 divided by 12?
1385,8,8,0.051025390625,0.051025390625,mathematical_reasoning,5,Ġ 1 2 / 1,. <|endoftext|> <|endoftext|> <|endoftext|> <|endoftext|>,mathematical_reasoning,3.795424699783325,sae_experimental_00008,Simplify: 12/15.
1385,10,5,0.050537109375,0.050537109375,mathematical_reasoning,4,What Ġis Ġ 1 4,Ġdivided Ġby Ġ 1 2,mathematical_reasoning,3.795424699783325,sae_experimental_00010,What is 144 divided by 12?
1385,4,8,0.050048828125,0.050048828125,mathematical_reasoning,5,Ġabsolute Ġvalue Ġof Ġ- 1,? <|endoftext|> <|endoftext|> <|endoftext|> <|endoftext|>,mathematical_reasoning,3.795424699783325,sae_experimental_00004,What is the absolute value of -15?
1385,8,7,0.049072265625,0.049072265625,mathematical_reasoning,1,: Ġ 1 2 /,5 . <|endoftext|> <|endoftext|> <|endoftext|>,mathematical_reasoning,3.795424699783325,sae_experimental_00008,Simplify: 12/15.
1385,10,9,0.0478515625,0.0478515625,mathematical_reasoning,1,4 4 Ġdivided Ġby Ġ,2 ? <|endoftext|> <|endoftext|> <|endoftext|>,mathematical_reasoning,3.795424699783325,sae_experimental_00010,What is 144 divided by 12?
1385,14,13,0.0458984375,0.0458984375,mathematical_reasoning,1,Ġ* Ġ 2 Ġ- Ġ,. <|endoftext|> <|endoftext|> <|endoftext|> <|endoftext|>,mathematical_reasoning,3.795424699783325,sae_experimental_00014,Solve: 3 + 4 * 2 - 1.
1385,5,10,0.04150390625,0.04150390625,mathematical_reasoning,1,Ġ/ Ġ 2 Ġ* Ġ(,Ġ+ Ġ 2 ). <|endoftext|>,mathematical_reasoning,3.795424699783325,sae_experimental_00005,Solve: 6 / 2 * (1 + 2).
1385,8,4,0.03564453125,0.03564453125,mathematical_reasoning,1,S implify : Ġ,2 / 1 5 .,mathematical_reasoning,3.795424699783325,sae_experimental_00008,Simplify: 12/15.
1385,14,10,0.033935546875,0.033935546875,mathematical_reasoning,2,Ġ+ Ġ 4 Ġ* Ġ,Ġ- Ġ 1 . <|endoftext|>,mathematical_reasoning,3.795424699783325,sae_experimental_00014,Solve: 3 + 4 * 2 - 1.
1385,4,6,0.033447265625,0.033447265625,mathematical_reasoning,Ġ-,Ġis Ġthe Ġabsolute Ġvalue Ġof,1 5 ? <|endoftext|> <|endoftext|>,mathematical_reasoning,3.795424699783325,sae_experimental_00004,What is the absolute value of -15?
1385,5,11,0.031982421875,0.031982421875,mathematical_reasoning,Ġ+,Ġ 2 Ġ* Ġ( 1,Ġ 2 ). <|endoftext|> <|endoftext|>,mathematical_reasoning,3.795424699783325,sae_experimental_00005,Solve: 6 / 2 * (1 + 2).
1385,5,5,0.029052734375,0.029052734375,mathematical_reasoning,Ġ/,S olve : Ġ 6,Ġ 2 Ġ* Ġ( 1,mathematical_reasoning,3.795424699783325,sae_experimental_00005,Solve: 6 / 2 * (1 + 2).
1385,14,8,0.027099609375,0.027099609375,mathematical_reasoning,Ġ*,Ġ 3 Ġ+ Ġ 4,Ġ 2 Ġ- Ġ 1,mathematical_reasoning,3.795424699783325,sae_experimental_00014,Solve: 3 + 4 * 2 - 1.
1385,8,2,0.026611328125,0.026611328125,mathematical_reasoning,:,S implify,Ġ 1 2 / 1,mathematical_reasoning,3.795424699783325,sae_experimental_00008,Simplify: 12/15.
1385,4,7,0.025146484375,0.025146484375,mathematical_reasoning,1,Ġthe Ġabsolute Ġvalue Ġof Ġ-,5 ? <|endoftext|> <|endoftext|> <|endoftext|>,mathematical_reasoning,3.795424699783325,sae_experimental_00004,What is the absolute value of -15?
1385,5,2,0.025146484375,0.025146484375,mathematical_reasoning,:,S olve,Ġ 6 Ġ/ Ġ 2,mathematical_reasoning,3.795424699783325,sae_experimental_00005,Solve: 6 / 2 * (1 + 2).
1385,14,2,0.025146484375,0.025146484375,mathematical_reasoning,:,S olve,Ġ 3 Ġ+ Ġ 4,mathematical_reasoning,3.795424699783325,sae_experimental_00014,Solve: 3 + 4 * 2 - 1.
1385,14,11,0.0186767578125,0.0186767578125,mathematical_reasoning,Ġ-,Ġ 4 Ġ* Ġ 2,Ġ 1 . <|endoftext|> <|endoftext|>,mathematical_reasoning,3.795424699783325,sae_experimental_00014,Solve: 3 + 4 * 2 - 1.
1385,5,8,0.01080322265625,0.01080322265625,mathematical_reasoning,Ġ*,Ġ 6 Ġ/ Ġ 2,Ġ( 1 Ġ+ Ġ 2,mathematical_reasoning,3.795424699783325,sae_experimental_00005,Solve: 6 / 2 * (1 + 2).
1385,5,3,0.0074462890625,0.0074462890625,mathematical_reasoning,Ġ,S olve :,6 Ġ/ Ġ 2 Ġ*,mathematical_reasoning,3.795424699783325,sae_experimental_00005,Solve: 6 / 2 * (1 + 2).
2622,10,0,5.09375,5.09375,mathematical_reasoning,What,,Ġis Ġ 1 4 4,mathematical_reasoning,3.5328893661499023,sae_experimental_00010,What is 144 divided by 12?
2622,4,0,5.09375,5.09375,mathematical_reasoning,What,,Ġis Ġthe Ġabsolute Ġvalue Ġof,mathematical_reasoning,3.5328893661499023,sae_experimental_00004,What is the absolute value of -15?
2622,14,0,4.8125,4.8125,mathematical_reasoning,S,,olve : Ġ 3 Ġ+,mathematical_reasoning,3.5328893661499023,sae_experimental_00014,Solve: 3 + 4 * 2 - 1.
2622,5,0,4.8125,4.8125,mathematical_reasoning,S,,olve : Ġ 6 Ġ/,mathematical_reasoning,3.5328893661499023,sae_experimental_00005,Solve: 6 / 2 * (1 + 2).
2622,8,0,4.8125,4.8125,mathematical_reasoning,S,,implify : Ġ 1 2,mathematical_reasoning,3.5328893661499023,sae_experimental_00008,Simplify: 12/15.
2622,5,4,0.455078125,0.455078125,mathematical_reasoning,6,S olve : Ġ,Ġ/ Ġ 2 Ġ* Ġ(,mathematical_reasoning,3.5328893661499023,sae_experimental_00005,Solve: 6 / 2 * (1 + 2).
2622,14,4,0.44140625,0.44140625,mathematical_reasoning,3,S olve : Ġ,Ġ+ Ġ 4 Ġ* Ġ,mathematical_reasoning,3.5328893661499023,sae_experimental_00014,Solve: 3 + 4 * 2 - 1.
2622,8,5,0.419921875,0.419921875,mathematical_reasoning,2,S implify : Ġ 1,/ 1 5 . <|endoftext|>,mathematical_reasoning,3.5328893661499023,sae_experimental_00008,Simplify: 12/15.
2622,14,7,0.408203125,0.408203125,mathematical_reasoning,4,: Ġ 3 Ġ+ Ġ,Ġ* Ġ 2 Ġ- Ġ,mathematical_reasoning,3.5328893661499023,sae_experimental_00014,Solve: 3 + 4 * 2 - 1.
2622,5,7,0.39453125,0.39453125,mathematical_reasoning,2,: Ġ 6 Ġ/ Ġ,Ġ* Ġ( 1 Ġ+ Ġ,mathematical_reasoning,3.5328893661499023,sae_experimental_00005,Solve: 6 / 2 * (1 + 2).
2622,10,4,0.39453125,0.39453125,mathematical_reasoning,4,What Ġis Ġ 1,4 Ġdivided Ġby Ġ 1,mathematical_reasoning,3.5328893661499023,sae_experimental_00010,What is 144 divided by 12?
2622,14,10,0.33984375,0.33984375,mathematical_reasoning,2,Ġ+ Ġ 4 Ġ* Ġ,Ġ- Ġ 1 . <|endoftext|>,mathematical_reasoning,3.5328893661499023,sae_experimental_00014,Solve: 3 + 4 * 2 - 1.
2622,5,10,0.33984375,0.33984375,mathematical_reasoning,1,Ġ/ Ġ 2 Ġ* Ġ(,Ġ+ Ġ 2 ). <|endoftext|>,mathematical_reasoning,3.5328893661499023,sae_experimental_00005,Solve: 6 / 2 * (1 + 2).
2622,5,13,0.3359375,0.3359375,mathematical_reasoning,2,Ġ* Ġ( 1 Ġ+ Ġ,). <|endoftext|> <|endoftext|> <|endoftext|> <|endoftext|>,mathematical_reasoning,3.5328893661499023,sae_experimental_00005,Solve: 6 / 2 * (1 + 2).
2622,10,3,0.326171875,0.326171875,mathematical_reasoning,1,What Ġis Ġ,4 4 Ġdivided Ġby Ġ,mathematical_reasoning,3.5328893661499023,sae_experimental_00010,What is 144 divided by 12?
2622,10,5,0.30859375,0.30859375,mathematical_reasoning,4,What Ġis Ġ 1 4,Ġdivided Ġby Ġ 1 2,mathematical_reasoning,3.5328893661499023,sae_experimental_00010,What is 144 divided by 12?
2622,4,8,0.30859375,0.30859375,mathematical_reasoning,5,Ġabsolute Ġvalue Ġof Ġ- 1,? <|endoftext|> <|endoftext|> <|endoftext|> <|endoftext|>,mathematical_reasoning,3.5328893661499023,sae_experimental_00004,What is the absolute value of -15?
2622,10,10,0.306640625,0.306640625,mathematical_reasoning,2,4 Ġdivided Ġby Ġ 1,? <|endoftext|> <|endoftext|> <|endoftext|> <|endoftext|>,mathematical_reasoning,3.5328893661499023,sae_experimental_00010,What is 144 divided by 12?
2622,8,7,0.30078125,0.30078125,mathematical_reasoning,1,: Ġ 1 2 /,5 . <|endoftext|> <|endoftext|> <|endoftext|>,mathematical_reasoning,3.5328893661499023,sae_experimental_00008,Simplify: 12/15.
2622,8,4,0.294921875,0.294921875,mathematical_reasoning,1,S implify : Ġ,2 / 1 5 .,mathematical_reasoning,3.5328893661499023,sae_experimental_00008,Simplify: 12/15.
2622,8,8,0.287109375,0.287109375,mathematical_reasoning,5,Ġ 1 2 / 1,. <|endoftext|> <|endoftext|> <|endoftext|> <|endoftext|>,mathematical_reasoning,3.5328893661499023,sae_experimental_00008,Simplify: 12/15.
2622,14,13,0.275390625,0.275390625,mathematical_reasoning,1,Ġ* Ġ 2 Ġ- Ġ,. <|endoftext|> <|endoftext|> <|endoftext|> <|endoftext|>,mathematical_reasoning,3.5328893661499023,sae_experimental_00014,Solve: 3 + 4 * 2 - 1.
2622,10,9,0.25,0.25,mathematical_reasoning,1,4 4 Ġdivided Ġby Ġ,2 ? <|endoftext|> <|endoftext|> <|endoftext|>,mathematical_reasoning,3.5328893661499023,sae_experimental_00010,What is 144 divided by 12?
2622,4,7,0.22265625,0.22265625,mathematical_reasoning,1,Ġthe Ġabsolute Ġvalue Ġof Ġ-,5 ? <|endoftext|> <|endoftext|> <|endoftext|>,mathematical_reasoning,3.5328893661499023,sae_experimental_00004,What is the absolute value of -15?
2622,14,6,0.1455078125,0.1455078125,mathematical_reasoning,Ġ,olve : Ġ 3 Ġ+,4 Ġ* Ġ 2 Ġ-,mathematical_reasoning,3.5328893661499023,sae_experimental_00014,Solve: 3 + 4 * 2 - 1.
2622,5,6,0.1455078125,0.1455078125,mathematical_reasoning,Ġ,olve : Ġ 6 Ġ/,2 Ġ* Ġ( 1 Ġ+,mathematical_reasoning,3.5328893661499023,sae_experimental_00005,Solve: 6 / 2 * (1 + 2).
2622,14,5,0.1201171875,0.1201171875,mathematical_reasoning,Ġ+,S olve : Ġ 3,Ġ 4 Ġ* Ġ 2,mathematical_reasoning,3.5328893661499023,sae_experimental_00014,Solve: 3 + 4 * 2 - 1.
2622,5,5,0.1103515625,0.1103515625,mathematical_reasoning,Ġ/,S olve : Ġ 6,Ġ 2 Ġ* Ġ( 1,mathematical_reasoning,3.5328893661499023,sae_experimental_00005,Solve: 6 / 2 * (1 + 2).
2622,10,8,0.10205078125,0.10205078125,mathematical_reasoning,Ġ,1 4 4 Ġdivided Ġby,1 2 ? <|endoftext|> <|endoftext|>,mathematical_reasoning,3.5328893661499023,sae_experimental_00010,What is 144 divided by 12?
2622,10,2,0.10205078125,0.10205078125,mathematical_reasoning,Ġ,What Ġis,1 4 4 Ġdivided Ġby,mathematical_reasoning,3.5328893661499023,sae_experimental_00010,What is 144 divided by 12?
1610,10,0,5.1875,5.1875,mathematical_reasoning,What,,Ġis Ġ 1 4 4,mathematical_reasoning,3.450986385345459,sae_experimental_00010,What is 144 divided by 12?
1610,4,0,5.1875,5.1875,mathematical_reasoning,What,,Ġis Ġthe Ġabsolute Ġvalue Ġof,mathematical_reasoning,3.450986385345459,sae_experimental_00004,What is the absolute value of -15?
1610,14,0,4.9375,4.9375,mathematical_reasoning,S,,olve : Ġ 3 Ġ+,mathematical_reasoning,3.450986385345459,sae_experimental_00014,Solve: 3 + 4 * 2 - 1.
1610,5,0,4.9375,4.9375,mathematical_reasoning,S,,olve : Ġ 6 Ġ/,mathematical_reasoning,3.450986385345459,sae_experimental_00005,Solve: 6 / 2 * (1 + 2).
1610,8,0,4.9375,4.9375,mathematical_reasoning,S,,implify : Ġ 1 2,mathematical_reasoning,3.450986385345459,sae_experimental_00008,Simplify: 12/15.
1610,14,4,0.216796875,0.216796875,mathematical_reasoning,3,S olve : Ġ,Ġ+ Ġ 4 Ġ* Ġ,mathematical_reasoning,3.450986385345459,sae_experimental_00014,Solve: 3 + 4 * 2 - 1.
1610,5,4,0.205078125,0.205078125,mathematical_reasoning,6,S olve : Ġ,Ġ/ Ġ 2 Ġ* Ġ(,mathematical_reasoning,3.450986385345459,sae_experimental_00005,Solve: 6 / 2 * (1 + 2).
1610,8,5,0.1923828125,0.1923828125,mathematical_reasoning,2,S implify : Ġ 1,/ 1 5 . <|endoftext|>,mathematical_reasoning,3.450986385345459,sae_experimental_00008,Simplify: 12/15.
1610,5,7,0.1904296875,0.1904296875,mathematical_reasoning,2,: Ġ 6 Ġ/ Ġ,Ġ* Ġ( 1 Ġ+ Ġ,mathematical_reasoning,3.450986385345459,sae_experimental_00005,Solve: 6 / 2 * (1 + 2).
1610,8,7,0.1796875,0.1796875,mathematical_reasoning,1,: Ġ 1 2 /,5 . <|endoftext|> <|endoftext|> <|endoftext|>,mathematical_reasoning,3.450986385345459,sae_experimental_00008,Simplify: 12/15.
1610,10,3,0.1708984375,0.1708984375,mathematical_reasoning,1,What Ġis Ġ,4 4 Ġdivided Ġby Ġ,mathematical_reasoning,3.450986385345459,sae_experimental_00010,What is 144 divided by 12?
1610,14,6,0.1708984375,0.1708984375,mathematical_reasoning,Ġ,olve : Ġ 3 Ġ+,4 Ġ* Ġ 2 Ġ-,mathematical_reasoning,3.450986385345459,sae_experimental_00014,Solve: 3 + 4 * 2 - 1.
1610,14,5,0.166015625,0.166015625,mathematical_reasoning,Ġ+,S olve : Ġ 3,Ġ 4 Ġ* Ġ 2,mathematical_reasoning,3.450986385345459,sae_experimental_00014,Solve: 3 + 4 * 2 - 1.
1610,5,6,0.1630859375,0.1630859375,mathematical_reasoning,Ġ,olve : Ġ 6 Ġ/,2 Ġ* Ġ( 1 Ġ+,mathematical_reasoning,3.450986385345459,sae_experimental_00005,Solve: 6 / 2 * (1 + 2).
1610,10,4,0.154296875,0.154296875,mathematical_reasoning,4,What Ġis Ġ 1,4 Ġdivided Ġby Ġ 1,mathematical_reasoning,3.450986385345459,sae_experimental_00010,What is 144 divided by 12?
1610,10,8,0.154296875,0.154296875,mathematical_reasoning,Ġ,1 4 4 Ġdivided Ġby,1 2 ? <|endoftext|> <|endoftext|>,mathematical_reasoning,3.450986385345459,sae_experimental_00010,What is 144 divided by 12?
1610,8,4,0.1533203125,0.1533203125,mathematical_reasoning,1,S implify : Ġ,2 / 1 5 .,mathematical_reasoning,3.450986385345459,sae_experimental_00008,Simplify: 12/15.
1610,14,7,0.15234375,0.15234375,mathematical_reasoning,4,: Ġ 3 Ġ+ Ġ,Ġ* Ġ 2 Ġ- Ġ,mathematical_reasoning,3.450986385345459,sae_experimental_00014,Solve: 3 + 4 * 2 - 1.
1610,10,9,0.1513671875,0.1513671875,mathematical_reasoning,1,4 4 Ġdivided Ġby Ġ,2 ? <|endoftext|> <|endoftext|> <|endoftext|>,mathematical_reasoning,3.450986385345459,sae_experimental_00010,What is 144 divided by 12?
1610,5,10,0.1474609375,0.1474609375,mathematical_reasoning,1,Ġ/ Ġ 2 Ġ* Ġ(,Ġ+ Ġ 2 ). <|endoftext|>,mathematical_reasoning,3.450986385345459,sae_experimental_00005,Solve: 6 / 2 * (1 + 2).
1610,5,5,0.1455078125,0.1455078125,mathematical_reasoning,Ġ/,S olve : Ġ 6,Ġ 2 Ġ* Ġ( 1,mathematical_reasoning,3.450986385345459,sae_experimental_00005,Solve: 6 / 2 * (1 + 2).
1610,14,8,0.1435546875,0.1435546875,mathematical_reasoning,Ġ*,Ġ 3 Ġ+ Ġ 4,Ġ 2 Ġ- Ġ 1,mathematical_reasoning,3.450986385345459,sae_experimental_00014,Solve: 3 + 4 * 2 - 1.
1610,8,6,0.1337890625,0.1337890625,mathematical_reasoning,/,implify : Ġ 1 2,1 5 . <|endoftext|> <|endoftext|>,mathematical_reasoning,3.450986385345459,sae_experimental_00008,Simplify: 12/15.
1610,5,8,0.1318359375,0.1318359375,mathematical_reasoning,Ġ*,Ġ 6 Ġ/ Ġ 2,Ġ( 1 Ġ+ Ġ 2,mathematical_reasoning,3.450986385345459,sae_experimental_00005,Solve: 6 / 2 * (1 + 2).
1610,5,12,0.1298828125,0.1298828125,mathematical_reasoning,Ġ,2 Ġ* Ġ( 1 Ġ+,2 ). <|endoftext|> <|endoftext|> <|endoftext|>,mathematical_reasoning,3.450986385345459,sae_experimental_00005,Solve: 6 / 2 * (1 + 2).
1610,14,9,0.1259765625,0.1259765625,mathematical_reasoning,Ġ,3 Ġ+ Ġ 4 Ġ*,2 Ġ- Ġ 1 .,mathematical_reasoning,3.450986385345459,sae_experimental_00014,Solve: 3 + 4 * 2 - 1.
1610,14,10,0.125,0.125,mathematical_reasoning,2,Ġ+ Ġ 4 Ġ* Ġ,Ġ- Ġ 1 . <|endoftext|>,mathematical_reasoning,3.450986385345459,sae_experimental_00014,Solve: 3 + 4 * 2 - 1.
1610,5,13,0.123046875,0.123046875,mathematical_reasoning,2,Ġ* Ġ( 1 Ġ+ Ġ,). <|endoftext|> <|endoftext|> <|endoftext|> <|endoftext|>,mathematical_reasoning,3.450986385345459,sae_experimental_00005,Solve: 6 / 2 * (1 + 2).
1610,14,12,0.1220703125,0.1220703125,mathematical_reasoning,Ġ,4 Ġ* Ġ 2 Ġ-,1 . <|endoftext|> <|endoftext|> <|endoftext|>,mathematical_reasoning,3.450986385345459,sae_experimental_00014,Solve: 3 + 4 * 2 - 1.
1610,10,10,0.12109375,0.12109375,mathematical_reasoning,2,4 Ġdivided Ġby Ġ 1,? <|endoftext|> <|endoftext|> <|endoftext|> <|endoftext|>,mathematical_reasoning,3.450986385345459,sae_experimental_00010,What is 144 divided by 12?
1724,10,0,5.15625,5.15625,mathematical_reasoning,What,,Ġis Ġ 1 4 4,mathematical_reasoning,3.378298044204712,sae_experimental_00010,What is 144 divided by 12?
1724,4,0,5.15625,5.15625,mathematical_reasoning,What,,Ġis Ġthe Ġabsolute Ġvalue Ġof,mathematical_reasoning,3.378298044204712,sae_experimental_00004,What is the absolute value of -15?
1724,14,0,4.84375,4.84375,mathematical_reasoning,S,,olve : Ġ 3 Ġ+,mathematical_reasoning,3.378298044204712,sae_experimental_00014,Solve: 3 + 4 * 2 - 1.
1724,5,0,4.84375,4.84375,mathematical_reasoning,S,,olve : Ġ 6 Ġ/,mathematical_reasoning,3.378298044204712,sae_experimental_00005,Solve: 6 / 2 * (1 + 2).
1724,8,0,4.84375,4.84375,mathematical_reasoning,S,,implify : Ġ 1 2,mathematical_reasoning,3.378298044204712,sae_experimental_00008,Simplify: 12/15.
1724,5,7,1.375,1.375,mathematical_reasoning,2,: Ġ 6 Ġ/ Ġ,Ġ* Ġ( 1 Ġ+ Ġ,mathematical_reasoning,3.378298044204712,sae_experimental_00005,Solve: 6 / 2 * (1 + 2).
1724,8,5,1.3046875,1.3046875,mathematical_reasoning,2,S implify : Ġ 1,/ 1 5 . <|endoftext|>,mathematical_reasoning,3.378298044204712,sae_experimental_00008,Simplify: 12/15.
1724,14,7,1.2890625,1.2890625,mathematical_reasoning,4,: Ġ 3 Ġ+ Ġ,Ġ* Ġ 2 Ġ- Ġ,mathematical_reasoning,3.378298044204712,sae_experimental_00014,Solve: 3 + 4 * 2 - 1.
1724,5,4,1.28125,1.28125,mathematical_reasoning,6,S olve : Ġ,Ġ/ Ġ 2 Ġ* Ġ(,mathematical_reasoning,3.378298044204712,sae_experimental_00005,Solve: 6 / 2 * (1 + 2).
1724,14,4,1.2734375,1.2734375,mathematical_reasoning,3,S olve : Ġ,Ġ+ Ġ 4 Ġ* Ġ,mathematical_reasoning,3.378298044204712,sae_experimental_00014,Solve: 3 + 4 * 2 - 1.
1724,14,5,1.25,1.25,mathematical_reasoning,Ġ+,S olve : Ġ 3,Ġ 4 Ġ* Ġ 2,mathematical_reasoning,3.378298044204712,sae_experimental_00014,Solve: 3 + 4 * 2 - 1.
1724,5,10,1.2109375,1.2109375,mathematical_reasoning,1,Ġ/ Ġ 2 Ġ* Ġ(,Ġ+ Ġ 2 ). <|endoftext|>,mathematical_reasoning,3.378298044204712,sae_experimental_00005,Solve: 6 / 2 * (1 + 2).
1724,14,6,1.1484375,1.1484375,mathematical_reasoning,Ġ,olve : Ġ 3 Ġ+,4 Ġ* Ġ 2 Ġ-,mathematical_reasoning,3.378298044204712,sae_experimental_00014,Solve: 3 + 4 * 2 - 1.
1724,14,8,1.1484375,1.1484375,mathematical_reasoning,Ġ*,Ġ 3 Ġ+ Ġ 4,Ġ 2 Ġ- Ġ 1,mathematical_reasoning,3.378298044204712,sae_experimental_00014,Solve: 3 + 4 * 2 - 1.
1724,8,7,1.1484375,1.1484375,mathematical_reasoning,1,: Ġ 1 2 /,5 . <|endoftext|> <|endoftext|> <|endoftext|>,mathematical_reasoning,3.378298044204712,sae_experimental_00008,Simplify: 12/15.
1724,5,8,1.140625,1.140625,mathematical_reasoning,Ġ*,Ġ 6 Ġ/ Ġ 2,Ġ( 1 Ġ+ Ġ 2,mathematical_reasoning,3.378298044204712,sae_experimental_00005,Solve: 6 / 2 * (1 + 2).
1724,14,10,1.1328125,1.1328125,mathematical_reasoning,2,Ġ+ Ġ 4 Ġ* Ġ,Ġ- Ġ 1 . <|endoftext|>,mathematical_reasoning,3.378298044204712,sae_experimental_00014,Solve: 3 + 4 * 2 - 1.
1724,5,5,1.125,1.125,mathematical_reasoning,Ġ/,S olve : Ġ 6,Ġ 2 Ġ* Ġ( 1,mathematical_reasoning,3.378298044204712,sae_experimental_00005,Solve: 6 / 2 * (1 + 2).
1724,10,10,1.125,1.125,mathematical_reasoning,2,4 Ġdivided Ġby Ġ 1,? <|endoftext|> <|endoftext|> <|endoftext|> <|endoftext|>,mathematical_reasoning,3.378298044204712,sae_experimental_00010,What is 144 divided by 12?
1724,5,13,1.0703125,1.0703125,mathematical_reasoning,2,Ġ* Ġ( 1 Ġ+ Ġ,). <|endoftext|> <|endoftext|> <|endoftext|> <|endoftext|>,mathematical_reasoning,3.378298044204712,sae_experimental_00005,Solve: 6 / 2 * (1 + 2).
1724,14,11,1.0625,1.0625,mathematical_reasoning,Ġ-,Ġ 4 Ġ* Ġ 2,Ġ 1 . <|endoftext|> <|endoftext|>,mathematical_reasoning,3.378298044204712,sae_experimental_00014,Solve: 3 + 4 * 2 - 1.
1724,10,4,1.0625,1.0625,mathematical_reasoning,4,What Ġis Ġ 1,4 Ġdivided Ġby Ġ 1,mathematical_reasoning,3.378298044204712,sae_experimental_00010,What is 144 divided by 12?
1724,5,6,1.0625,1.0625,mathematical_reasoning,Ġ,olve : Ġ 6 Ġ/,2 Ġ* Ġ( 1 Ġ+,mathematical_reasoning,3.378298044204712,sae_experimental_00005,Solve: 6 / 2 * (1 + 2).
1724,10,9,1.046875,1.046875,mathematical_reasoning,1,4 4 Ġdivided Ġby Ġ,2 ? <|endoftext|> <|endoftext|> <|endoftext|>,mathematical_reasoning,3.378298044204712,sae_experimental_00010,What is 144 divided by 12?
1724,14,13,1.0234375,1.0234375,mathematical_reasoning,1,Ġ* Ġ 2 Ġ- Ġ,. <|endoftext|> <|endoftext|> <|endoftext|> <|endoftext|>,mathematical_reasoning,3.378298044204712,sae_experimental_00014,Solve: 3 + 4 * 2 - 1.
1724,5,11,1.015625,1.015625,mathematical_reasoning,Ġ+,Ġ 2 Ġ* Ġ( 1,Ġ 2 ). <|endoftext|> <|endoftext|>,mathematical_reasoning,3.378298044204712,sae_experimental_00005,Solve: 6 / 2 * (1 + 2).
1724,8,6,0.98828125,0.98828125,mathematical_reasoning,/,implify : Ġ 1 2,1 5 . <|endoftext|> <|endoftext|>,mathematical_reasoning,3.378298044204712,sae_experimental_00008,Simplify: 12/15.
1724,14,9,0.98828125,0.98828125,mathematical_reasoning,Ġ,3 Ġ+ Ġ 4 Ġ*,2 Ġ- Ġ 1 .,mathematical_reasoning,3.378298044204712,sae_experimental_00014,Solve: 3 + 4 * 2 - 1.
1724,5,12,0.984375,0.984375,mathematical_reasoning,Ġ,2 Ġ* Ġ( 1 Ġ+,2 ). <|endoftext|> <|endoftext|> <|endoftext|>,mathematical_reasoning,3.378298044204712,sae_experimental_00005,Solve: 6 / 2 * (1 + 2).
1724,8,4,0.984375,0.984375,mathematical_reasoning,1,S implify : Ġ,2 / 1 5 .,mathematical_reasoning,3.378298044204712,sae_experimental_00008,Simplify: 12/15.
2444,10,0,5.21875,5.21875,mathematical_reasoning,What,,Ġis Ġ 1 4 4,mathematical_reasoning,3.3597424030303955,sae_experimental_00010,What is 144 divided by 12?
2444,4,0,5.21875,5.21875,mathematical_reasoning,What,,Ġis Ġthe Ġabsolute Ġvalue Ġof,mathematical_reasoning,3.3597424030303955,sae_experimental_00004,What is the absolute value of -15?
2444,14,0,4.90625,4.90625,mathematical_reasoning,S,,olve : Ġ 3 Ġ+,mathematical_reasoning,3.3597424030303955,sae_experimental_00014,Solve: 3 + 4 * 2 - 1.
2444,5,0,4.90625,4.90625,mathematical_reasoning,S,,olve : Ġ 6 Ġ/,mathematical_reasoning,3.3597424030303955,sae_experimental_00005,Solve: 6 / 2 * (1 + 2).
2444,8,0,4.90625,4.90625,mathematical_reasoning,S,,implify : Ġ 1 2,mathematical_reasoning,3.3597424030303955,sae_experimental_00008,Simplify: 12/15.
2444,10,10,0.1904296875,0.1904296875,mathematical_reasoning,2,4 Ġdivided Ġby Ġ 1,? <|endoftext|> <|endoftext|> <|endoftext|> <|endoftext|>,mathematical_reasoning,3.3597424030303955,sae_experimental_00010,What is 144 divided by 12?
2444,5,4,0.1865234375,0.1865234375,mathematical_reasoning,6,S olve : Ġ,Ġ/ Ġ 2 Ġ* Ġ(,mathematical_reasoning,3.3597424030303955,sae_experimental_00005,Solve: 6 / 2 * (1 + 2).
2444,10,4,0.1865234375,0.1865234375,mathematical_reasoning,4,What Ġis Ġ 1,4 Ġdivided Ġby Ġ 1,mathematical_reasoning,3.3597424030303955,sae_experimental_00010,What is 144 divided by 12?
2444,14,4,0.181640625,0.181640625,mathematical_reasoning,3,S olve : Ġ,Ġ+ Ġ 4 Ġ* Ġ,mathematical_reasoning,3.3597424030303955,sae_experimental_00014,Solve: 3 + 4 * 2 - 1.
2444,5,7,0.181640625,0.181640625,mathematical_reasoning,2,: Ġ 6 Ġ/ Ġ,Ġ* Ġ( 1 Ġ+ Ġ,mathematical_reasoning,3.3597424030303955,sae_experimental_00005,Solve: 6 / 2 * (1 + 2).
2444,14,7,0.1787109375,0.1787109375,mathematical_reasoning,4,: Ġ 3 Ġ+ Ġ,Ġ* Ġ 2 Ġ- Ġ,mathematical_reasoning,3.3597424030303955,sae_experimental_00014,Solve: 3 + 4 * 2 - 1.
2444,8,5,0.1767578125,0.1767578125,mathematical_reasoning,2,S implify : Ġ 1,/ 1 5 . <|endoftext|>,mathematical_reasoning,3.3597424030303955,sae_experimental_00008,Simplify: 12/15.
2444,10,5,0.1513671875,0.1513671875,mathematical_reasoning,4,What Ġis Ġ 1 4,Ġdivided Ġby Ġ 1 2,mathematical_reasoning,3.3597424030303955,sae_experimental_00010,What is 144 divided by 12?
2444,4,8,0.1513671875,0.1513671875,mathematical_reasoning,5,Ġabsolute Ġvalue Ġof Ġ- 1,? <|endoftext|> <|endoftext|> <|endoftext|> <|endoftext|>,mathematical_reasoning,3.3597424030303955,sae_experimental_00004,What is the absolute value of -15?
2444,5,5,0.1474609375,0.1474609375,mathematical_reasoning,Ġ/,S olve : Ġ 6,Ġ 2 Ġ* Ġ( 1,mathematical_reasoning,3.3597424030303955,sae_experimental_00005,Solve: 6 / 2 * (1 + 2).
2444,14,5,0.146484375,0.146484375,mathematical_reasoning,Ġ+,S olve : Ġ 3,Ġ 4 Ġ* Ġ 2,mathematical_reasoning,3.3597424030303955,sae_experimental_00014,Solve: 3 + 4 * 2 - 1.
2444,8,8,0.1376953125,0.1376953125,mathematical_reasoning,5,Ġ 1 2 / 1,. <|endoftext|> <|endoftext|> <|endoftext|> <|endoftext|>,mathematical_reasoning,3.3597424030303955,sae_experimental_00008,Simplify: 12/15.
2444,14,10,0.13671875,0.13671875,mathematical_reasoning,2,Ġ+ Ġ 4 Ġ* Ġ,Ġ- Ġ 1 . <|endoftext|>,mathematical_reasoning,3.3597424030303955,sae_experimental_00014,Solve: 3 + 4 * 2 - 1.
2444,5,8,0.134765625,0.134765625,mathematical_reasoning,Ġ*,Ġ 6 Ġ/ Ġ 2,Ġ( 1 Ġ+ Ġ 2,mathematical_reasoning,3.3597424030303955,sae_experimental_00005,Solve: 6 / 2 * (1 + 2).
2444,14,8,0.1328125,0.1328125,mathematical_reasoning,Ġ*,Ġ 3 Ġ+ Ġ 4,Ġ 2 Ġ- Ġ 1,mathematical_reasoning,3.3597424030303955,sae_experimental_00014,Solve: 3 + 4 * 2 - 1.
2444,5,13,0.1240234375,0.1240234375,mathematical_reasoning,2,Ġ* Ġ( 1 Ġ+ Ġ,). <|endoftext|> <|endoftext|> <|endoftext|> <|endoftext|>,mathematical_reasoning,3.3597424030303955,sae_experimental_00005,Solve: 6 / 2 * (1 + 2).
2444,10,6,0.1240234375,0.1240234375,mathematical_reasoning,Ġdivided,Ġis Ġ 1 4 4,Ġby Ġ 1 2 ?,mathematical_reasoning,3.3597424030303955,sae_experimental_00010,What is 144 divided by 12?
2444,14,11,0.1240234375,0.1240234375,mathematical_reasoning,Ġ-,Ġ 4 Ġ* Ġ 2,Ġ 1 . <|endoftext|> <|endoftext|>,mathematical_reasoning,3.3597424030303955,sae_experimental_00014,Solve: 3 + 4 * 2 - 1.
2444,8,7,0.11328125,0.11328125,mathematical_reasoning,1,: Ġ 1 2 /,5 . <|endoftext|> <|endoftext|> <|endoftext|>,mathematical_reasoning,3.3597424030303955,sae_experimental_00008,Simplify: 12/15.
2444,5,11,0.11083984375,0.11083984375,mathematical_reasoning,Ġ+,Ġ 2 Ġ* Ġ( 1,Ġ 2 ). <|endoftext|> <|endoftext|>,mathematical_reasoning,3.3597424030303955,sae_experimental_00005,Solve: 6 / 2 * (1 + 2).
2444,10,7,0.1083984375,0.1083984375,mathematical_reasoning,Ġby,Ġ 1 4 4 Ġdivided,Ġ 1 2 ? <|endoftext|>,mathematical_reasoning,3.3597424030303955,sae_experimental_00010,What is 144 divided by 12?
2444,8,6,0.10595703125,0.10595703125,mathematical_reasoning,/,implify : Ġ 1 2,1 5 . <|endoftext|> <|endoftext|>,mathematical_reasoning,3.3597424030303955,sae_experimental_00008,Simplify: 12/15.
2444,5,10,0.1005859375,0.1005859375,mathematical_reasoning,1,Ġ/ Ġ 2 Ġ* Ġ(,Ġ+ Ġ 2 ). <|endoftext|>,mathematical_reasoning,3.3597424030303955,sae_experimental_00005,Solve: 6 / 2 * (1 + 2).
2444,14,13,0.1005859375,0.1005859375,mathematical_reasoning,1,Ġ* Ġ 2 Ġ- Ġ,. <|endoftext|> <|endoftext|> <|endoftext|> <|endoftext|>,mathematical_reasoning,3.3597424030303955,sae_experimental_00014,Solve: 3 + 4 * 2 - 1.
2444,10,9,0.095703125,0.095703125,mathematical_reasoning,1,4 4 Ġdivided Ġby Ġ,2 ? <|endoftext|> <|endoftext|> <|endoftext|>,mathematical_reasoning,3.3597424030303955,sae_experimental_00010,What is 144 divided by 12?
2604,10,0,5.21875,5.21875,mathematical_reasoning,What,,Ġis Ġ 1 4 4,mathematical_reasoning,3.35923433303833,sae_experimental_00010,What is 144 divided by 12?
2604,4,0,5.21875,5.21875,mathematical_reasoning,What,,Ġis Ġthe Ġabsolute Ġvalue Ġof,mathematical_reasoning,3.35923433303833,sae_experimental_00004,What is the absolute value of -15?
2604,14,0,4.96875,4.96875,mathematical_reasoning,S,,olve : Ġ 3 Ġ+,mathematical_reasoning,3.35923433303833,sae_experimental_00014,Solve: 3 + 4 * 2 - 1.
2604,5,0,4.96875,4.96875,mathematical_reasoning,S,,olve : Ġ 6 Ġ/,mathematical_reasoning,3.35923433303833,sae_experimental_00005,Solve: 6 / 2 * (1 + 2).
2604,8,0,4.96875,4.96875,mathematical_reasoning,S,,implify : Ġ 1 2,mathematical_reasoning,3.35923433303833,sae_experimental_00008,Simplify: 12/15.
2604,14,4,0.2099609375,0.2099609375,mathematical_reasoning,3,S olve : Ġ,Ġ+ Ġ 4 Ġ* Ġ,mathematical_reasoning,3.35923433303833,sae_experimental_00014,Solve: 3 + 4 * 2 - 1.
2604,8,5,0.20703125,0.20703125,mathematical_reasoning,2,S implify : Ġ 1,/ 1 5 . <|endoftext|>,mathematical_reasoning,3.35923433303833,sae_experimental_00008,Simplify: 12/15.
2604,5,4,0.1982421875,0.1982421875,mathematical_reasoning,6,S olve : Ġ,Ġ/ Ġ 2 Ġ* Ġ(,mathematical_reasoning,3.35923433303833,sae_experimental_00005,Solve: 6 / 2 * (1 + 2).
2604,5,7,0.1953125,0.1953125,mathematical_reasoning,2,: Ġ 6 Ġ/ Ġ,Ġ* Ġ( 1 Ġ+ Ġ,mathematical_reasoning,3.35923433303833,sae_experimental_00005,Solve: 6 / 2 * (1 + 2).
2604,14,7,0.1943359375,0.1943359375,mathematical_reasoning,4,: Ġ 3 Ġ+ Ġ,Ġ* Ġ 2 Ġ- Ġ,mathematical_reasoning,3.35923433303833,sae_experimental_00014,Solve: 3 + 4 * 2 - 1.
2604,10,4,0.1923828125,0.1923828125,mathematical_reasoning,4,What Ġis Ġ 1,4 Ġdivided Ġby Ġ 1,mathematical_reasoning,3.35923433303833,sae_experimental_00010,What is 144 divided by 12?
2604,14,6,0.1728515625,0.1728515625,mathematical_reasoning,Ġ,olve : Ġ 3 Ġ+,4 Ġ* Ġ 2 Ġ-,mathematical_reasoning,3.35923433303833,sae_experimental_00014,Solve: 3 + 4 * 2 - 1.
2604,14,10,0.169921875,0.169921875,mathematical_reasoning,2,Ġ+ Ġ 4 Ġ* Ġ,Ġ- Ġ 1 . <|endoftext|>,mathematical_reasoning,3.35923433303833,sae_experimental_00014,Solve: 3 + 4 * 2 - 1.
2604,5,13,0.158203125,0.158203125,mathematical_reasoning,2,Ġ* Ġ( 1 Ġ+ Ġ,). <|endoftext|> <|endoftext|> <|endoftext|> <|endoftext|>,mathematical_reasoning,3.35923433303833,sae_experimental_00005,Solve: 6 / 2 * (1 + 2).
2604,8,7,0.158203125,0.158203125,mathematical_reasoning,1,: Ġ 1 2 /,5 . <|endoftext|> <|endoftext|> <|endoftext|>,mathematical_reasoning,3.35923433303833,sae_experimental_00008,Simplify: 12/15.
2604,5,6,0.1572265625,0.1572265625,mathematical_reasoning,Ġ,olve : Ġ 6 Ġ/,2 Ġ* Ġ( 1 Ġ+,mathematical_reasoning,3.35923433303833,sae_experimental_00005,Solve: 6 / 2 * (1 + 2).
2604,10,3,0.15625,0.15625,mathematical_reasoning,1,What Ġis Ġ,4 4 Ġdivided Ġby Ġ,mathematical_reasoning,3.35923433303833,sae_experimental_00010,What is 144 divided by 12?
2604,10,8,0.15625,0.15625,mathematical_reasoning,Ġ,1 4 4 Ġdivided Ġby,1 2 ? <|endoftext|> <|endoftext|>,mathematical_reasoning,3.35923433303833,sae_experimental_00010,What is 144 divided by 12?
2604,14,9,0.1513671875,0.1513671875,mathematical_reasoning,Ġ,3 Ġ+ Ġ 4 Ġ*,2 Ġ- Ġ 1 .,mathematical_reasoning,3.35923433303833,sae_experimental_00014,Solve: 3 + 4 * 2 - 1.
2604,10,10,0.1484375,0.1484375,mathematical_reasoning,2,4 Ġdivided Ġby Ġ 1,? <|endoftext|> <|endoftext|> <|endoftext|> <|endoftext|>,mathematical_reasoning,3.35923433303833,sae_experimental_00010,What is 144 divided by 12?
2604,10,9,0.1484375,0.1484375,mathematical_reasoning,1,4 4 Ġdivided Ġby Ġ,2 ? <|endoftext|> <|endoftext|> <|endoftext|>,mathematical_reasoning,3.35923433303833,sae_experimental_00010,What is 144 divided by 12?
2604,5,10,0.1455078125,0.1455078125,mathematical_reasoning,1,Ġ/ Ġ 2 Ġ* Ġ(,Ġ+ Ġ 2 ). <|endoftext|>,mathematical_reasoning,3.35923433303833,sae_experimental_00005,Solve: 6 / 2 * (1 + 2).
2604,5,12,0.142578125,0.142578125,mathematical_reasoning,Ġ,2 Ġ* Ġ( 1 Ġ+,2 ). <|endoftext|> <|endoftext|> <|endoftext|>,mathematical_reasoning,3.35923433303833,sae_experimental_00005,Solve: 6 / 2 * (1 + 2).
2604,14,8,0.140625,0.140625,mathematical_reasoning,Ġ*,Ġ 3 Ġ+ Ġ 4,Ġ 2 Ġ- Ġ 1,mathematical_reasoning,3.35923433303833,sae_experimental_00014,Solve: 3 + 4 * 2 - 1.
2604,14,5,0.138671875,0.138671875,mathematical_reasoning,Ġ+,S olve : Ġ 3,Ġ 4 Ġ* Ġ 2,mathematical_reasoning,3.35923433303833,sae_experimental_00014,Solve: 3 + 4 * 2 - 1.
2604,10,5,0.13671875,0.13671875,mathematical_reasoning,4,What Ġis Ġ 1 4,Ġdivided Ġby Ġ 1 2,mathematical_reasoning,3.35923433303833,sae_experimental_00010,What is 144 divided by 12?
2604,5,5,0.134765625,0.134765625,mathematical_reasoning,Ġ/,S olve : Ġ 6,Ġ 2 Ġ* Ġ( 1,mathematical_reasoning,3.35923433303833,sae_experimental_00005,Solve: 6 / 2 * (1 + 2).
2604,14,12,0.134765625,0.134765625,mathematical_reasoning,Ġ,4 Ġ* Ġ 2 Ġ-,1 . <|endoftext|> <|endoftext|> <|endoftext|>,mathematical_reasoning,3.35923433303833,sae_experimental_00014,Solve: 3 + 4 * 2 - 1.
2604,5,8,0.1337890625,0.1337890625,mathematical_reasoning,Ġ*,Ġ 6 Ġ/ Ġ 2,Ġ( 1 Ġ+ Ġ 2,mathematical_reasoning,3.35923433303833,sae_experimental_00005,Solve: 6 / 2 * (1 + 2).
2604,8,6,0.1259765625,0.1259765625,mathematical_reasoning,/,implify : Ġ 1 2,1 5 . <|endoftext|> <|endoftext|>,mathematical_reasoning,3.35923433303833,sae_experimental_00008,Simplify: 12/15.
1441,10,0,5.1875,5.1875,mathematical_reasoning,What,,Ġis Ġ 1 4 4,mathematical_reasoning,3.3340182304382324,sae_experimental_00010,What is 144 divided by 12?
1441,4,0,5.1875,5.1875,mathematical_reasoning,What,,Ġis Ġthe Ġabsolute Ġvalue Ġof,mathematical_reasoning,3.3340182304382324,sae_experimental_00004,What is the absolute value of -15?
1441,14,0,4.90625,4.90625,mathematical_reasoning,S,,olve : Ġ 3 Ġ+,mathematical_reasoning,3.3340182304382324,sae_experimental_00014,Solve: 3 + 4 * 2 - 1.
1441,5,0,4.90625,4.90625,mathematical_reasoning,S,,olve : Ġ 6 Ġ/,mathematical_reasoning,3.3340182304382324,sae_experimental_00005,Solve: 6 / 2 * (1 + 2).
1441,8,0,4.90625,4.90625,mathematical_reasoning,S,,implify : Ġ 1 2,mathematical_reasoning,3.3340182304382324,sae_experimental_00008,Simplify: 12/15.
1441,5,7,0.267578125,0.267578125,mathematical_reasoning,2,: Ġ 6 Ġ/ Ġ,Ġ* Ġ( 1 Ġ+ Ġ,mathematical_reasoning,3.3340182304382324,sae_experimental_00005,Solve: 6 / 2 * (1 + 2).
1441,14,4,0.251953125,0.251953125,mathematical_reasoning,3,S olve : Ġ,Ġ+ Ġ 4 Ġ* Ġ,mathematical_reasoning,3.3340182304382324,sae_experimental_00014,Solve: 3 + 4 * 2 - 1.
1441,8,5,0.2353515625,0.2353515625,mathematical_reasoning,2,S implify : Ġ 1,/ 1 5 . <|endoftext|>,mathematical_reasoning,3.3340182304382324,sae_experimental_00008,Simplify: 12/15.
1441,5,4,0.2314453125,0.2314453125,mathematical_reasoning,6,S olve : Ġ,Ġ/ Ġ 2 Ġ* Ġ(,mathematical_reasoning,3.3340182304382324,sae_experimental_00005,Solve: 6 / 2 * (1 + 2).
1441,14,10,0.228515625,0.228515625,mathematical_reasoning,2,Ġ+ Ġ 4 Ġ* Ġ,Ġ- Ġ 1 . <|endoftext|>,mathematical_reasoning,3.3340182304382324,sae_experimental_00014,Solve: 3 + 4 * 2 - 1.
1441,14,7,0.2265625,0.2265625,mathematical_reasoning,4,: Ġ 3 Ġ+ Ġ,Ġ* Ġ 2 Ġ- Ġ,mathematical_reasoning,3.3340182304382324,sae_experimental_00014,Solve: 3 + 4 * 2 - 1.
1441,5,13,0.220703125,0.220703125,mathematical_reasoning,2,Ġ* Ġ( 1 Ġ+ Ġ,). <|endoftext|> <|endoftext|> <|endoftext|> <|endoftext|>,mathematical_reasoning,3.3340182304382324,sae_experimental_00005,Solve: 6 / 2 * (1 + 2).
1441,14,5,0.2138671875,0.2138671875,mathematical_reasoning,Ġ+,S olve : Ġ 3,Ġ 4 Ġ* Ġ 2,mathematical_reasoning,3.3340182304382324,sae_experimental_00014,Solve: 3 + 4 * 2 - 1.
1441,5,10,0.2099609375,0.2099609375,mathematical_reasoning,1,Ġ/ Ġ 2 Ġ* Ġ(,Ġ+ Ġ 2 ). <|endoftext|>,mathematical_reasoning,3.3340182304382324,sae_experimental_00005,Solve: 6 / 2 * (1 + 2).
1441,8,7,0.2080078125,0.2080078125,mathematical_reasoning,1,: Ġ 1 2 /,5 . <|endoftext|> <|endoftext|> <|endoftext|>,mathematical_reasoning,3.3340182304382324,sae_experimental_00008,Simplify: 12/15.
1441,14,6,0.1865234375,0.1865234375,mathematical_reasoning,Ġ,olve : Ġ 3 Ġ+,4 Ġ* Ġ 2 Ġ-,mathematical_reasoning,3.3340182304382324,sae_experimental_00014,Solve: 3 + 4 * 2 - 1.
1441,14,13,0.1826171875,0.1826171875,mathematical_reasoning,1,Ġ* Ġ 2 Ġ- Ġ,. <|endoftext|> <|endoftext|> <|endoftext|> <|endoftext|>,mathematical_reasoning,3.3340182304382324,sae_experimental_00014,Solve: 3 + 4 * 2 - 1.
1441,10,10,0.1787109375,0.1787109375,mathematical_reasoning,2,4 Ġdivided Ġby Ġ 1,? <|endoftext|> <|endoftext|> <|endoftext|> <|endoftext|>,mathematical_reasoning,3.3340182304382324,sae_experimental_00010,What is 144 divided by 12?
1441,8,4,0.17578125,0.17578125,mathematical_reasoning,1,S implify : Ġ,2 / 1 5 .,mathematical_reasoning,3.3340182304382324,sae_experimental_00008,Simplify: 12/15.
1441,5,5,0.173828125,0.173828125,mathematical_reasoning,Ġ/,S olve : Ġ 6,Ġ 2 Ġ* Ġ( 1,mathematical_reasoning,3.3340182304382324,sae_experimental_00005,Solve: 6 / 2 * (1 + 2).
1441,14,8,0.1708984375,0.1708984375,mathematical_reasoning,Ġ*,Ġ 3 Ġ+ Ġ 4,Ġ 2 Ġ- Ġ 1,mathematical_reasoning,3.3340182304382324,sae_experimental_00014,Solve: 3 + 4 * 2 - 1.
1441,5,11,0.1708984375,0.1708984375,mathematical_reasoning,Ġ+,Ġ 2 Ġ* Ġ( 1,Ġ 2 ). <|endoftext|> <|endoftext|>,mathematical_reasoning,3.3340182304382324,sae_experimental_00005,Solve: 6 / 2 * (1 + 2).
1441,5,8,0.1591796875,0.1591796875,mathematical_reasoning,Ġ*,Ġ 6 Ġ/ Ġ 2,Ġ( 1 Ġ+ Ġ 2,mathematical_reasoning,3.3340182304382324,sae_experimental_00005,Solve: 6 / 2 * (1 + 2).
1441,14,11,0.158203125,0.158203125,mathematical_reasoning,Ġ-,Ġ 4 Ġ* Ġ 2,Ġ 1 . <|endoftext|> <|endoftext|>,mathematical_reasoning,3.3340182304382324,sae_experimental_00014,Solve: 3 + 4 * 2 - 1.
1441,10,9,0.1572265625,0.1572265625,mathematical_reasoning,1,4 4 Ġdivided Ġby Ġ,2 ? <|endoftext|> <|endoftext|> <|endoftext|>,mathematical_reasoning,3.3340182304382324,sae_experimental_00010,What is 144 divided by 12?
1441,10,4,0.154296875,0.154296875,mathematical_reasoning,4,What Ġis Ġ 1,4 Ġdivided Ġby Ġ 1,mathematical_reasoning,3.3340182304382324,sae_experimental_00010,What is 144 divided by 12?
1441,10,3,0.1533203125,0.1533203125,mathematical_reasoning,1,What Ġis Ġ,4 4 Ġdivided Ġby Ġ,mathematical_reasoning,3.3340182304382324,sae_experimental_00010,What is 144 divided by 12?
1441,5,12,0.150390625,0.150390625,mathematical_reasoning,Ġ,2 Ġ* Ġ( 1 Ġ+,2 ). <|endoftext|> <|endoftext|> <|endoftext|>,mathematical_reasoning,3.3340182304382324,sae_experimental_00005,Solve: 6 / 2 * (1 + 2).
1441,4,7,0.1494140625,0.1494140625,mathematical_reasoning,1,Ġthe Ġabsolute Ġvalue Ġof Ġ-,5 ? <|endoftext|> <|endoftext|> <|endoftext|>,mathematical_reasoning,3.3340182304382324,sae_experimental_00004,What is the absolute value of -15?
1441,5,6,0.14453125,0.14453125,mathematical_reasoning,Ġ,olve : Ġ 6 Ġ/,2 Ġ* Ġ( 1 Ġ+,mathematical_reasoning,3.3340182304382324,sae_experimental_00005,Solve: 6 / 2 * (1 + 2).
3192,10,0,5.1875,5.1875,mathematical_reasoning,What,,Ġis Ġ 1 4 4,mathematical_reasoning,3.304150104522705,sae_experimental_00010,What is 144 divided by 12?
3192,4,0,5.1875,5.1875,mathematical_reasoning,What,,Ġis Ġthe Ġabsolute Ġvalue Ġof,mathematical_reasoning,3.304150104522705,sae_experimental_00004,What is the absolute value of -15?
3192,14,0,4.90625,4.90625,mathematical_reasoning,S,,olve : Ġ 3 Ġ+,mathematical_reasoning,3.304150104522705,sae_experimental_00014,Solve: 3 + 4 * 2 - 1.
3192,5,0,4.90625,4.90625,mathematical_reasoning,S,,olve : Ġ 6 Ġ/,mathematical_reasoning,3.304150104522705,sae_experimental_00005,Solve: 6 / 2 * (1 + 2).
3192,8,0,4.90625,4.90625,mathematical_reasoning,S,,implify : Ġ 1 2,mathematical_reasoning,3.304150104522705,sae_experimental_00008,Simplify: 12/15.
3192,14,4,0.15234375,0.15234375,mathematical_reasoning,3,S olve : Ġ,Ġ+ Ġ 4 Ġ* Ġ,mathematical_reasoning,3.304150104522705,sae_experimental_00014,Solve: 3 + 4 * 2 - 1.
3192,5,7,0.150390625,0.150390625,mathematical_reasoning,2,: Ġ 6 Ġ/ Ġ,Ġ* Ġ( 1 Ġ+ Ġ,mathematical_reasoning,3.304150104522705,sae_experimental_00005,Solve: 6 / 2 * (1 + 2).
3192,5,4,0.146484375,0.146484375,mathematical_reasoning,6,S olve : Ġ,Ġ/ Ġ 2 Ġ* Ġ(,mathematical_reasoning,3.304150104522705,sae_experimental_00005,Solve: 6 / 2 * (1 + 2).
3192,8,5,0.146484375,0.146484375,mathematical_reasoning,2,S implify : Ġ 1,/ 1 5 . <|endoftext|>,mathematical_reasoning,3.304150104522705,sae_experimental_00008,Simplify: 12/15.
3192,14,7,0.14453125,0.14453125,mathematical_reasoning,4,: Ġ 3 Ġ+ Ġ,Ġ* Ġ 2 Ġ- Ġ,mathematical_reasoning,3.304150104522705,sae_experimental_00014,Solve: 3 + 4 * 2 - 1.
3192,5,10,0.13671875,0.13671875,mathematical_reasoning,1,Ġ/ Ġ 2 Ġ* Ġ(,Ġ+ Ġ 2 ). <|endoftext|>,mathematical_reasoning,3.304150104522705,sae_experimental_00005,Solve: 6 / 2 * (1 + 2).
3192,10,4,0.1328125,0.1328125,mathematical_reasoning,4,What Ġis Ġ 1,4 Ġdivided Ġby Ġ 1,mathematical_reasoning,3.304150104522705,sae_experimental_00010,What is 144 divided by 12?
3192,8,7,0.12890625,0.12890625,mathematical_reasoning,1,: Ġ 1 2 /,5 . <|endoftext|> <|endoftext|> <|endoftext|>,mathematical_reasoning,3.304150104522705,sae_experimental_00008,Simplify: 12/15.
3192,5,13,0.12451171875,0.12451171875,mathematical_reasoning,2,Ġ* Ġ( 1 Ġ+ Ġ,). <|endoftext|> <|endoftext|> <|endoftext|> <|endoftext|>,mathematical_reasoning,3.304150104522705,sae_experimental_00005,Solve: 6 / 2 * (1 + 2).
3192,14,10,0.12353515625,0.12353515625,mathematical_reasoning,2,Ġ+ Ġ 4 Ġ* Ġ,Ġ- Ġ 1 . <|endoftext|>,mathematical_reasoning,3.304150104522705,sae_experimental_00014,Solve: 3 + 4 * 2 - 1.
3192,10,3,0.1181640625,0.1181640625,mathematical_reasoning,1,What Ġis Ġ,4 4 Ġdivided Ġby Ġ,mathematical_reasoning,3.304150104522705,sae_experimental_00010,What is 144 divided by 12?
3192,10,10,0.11767578125,0.11767578125,mathematical_reasoning,2,4 Ġdivided Ġby Ġ 1,? <|endoftext|> <|endoftext|> <|endoftext|> <|endoftext|>,mathematical_reasoning,3.304150104522705,sae_experimental_00010,What is 144 divided by 12?
3192,10,9,0.1171875,0.1171875,mathematical_reasoning,1,4 4 Ġdivided Ġby Ġ,2 ? <|endoftext|> <|endoftext|> <|endoftext|>,mathematical_reasoning,3.304150104522705,sae_experimental_00010,What is 144 divided by 12?
3192,8,4,0.1083984375,0.1083984375,mathematical_reasoning,1,S implify : Ġ,2 / 1 5 .,mathematical_reasoning,3.304150104522705,sae_experimental_00008,Simplify: 12/15.
3192,14,13,0.10107421875,0.10107421875,mathematical_reasoning,1,Ġ* Ġ 2 Ġ- Ġ,. <|endoftext|> <|endoftext|> <|endoftext|> <|endoftext|>,mathematical_reasoning,3.304150104522705,sae_experimental_00014,Solve: 3 + 4 * 2 - 1.
3192,14,6,0.09912109375,0.09912109375,mathematical_reasoning,Ġ,olve : Ġ 3 Ġ+,4 Ġ* Ġ 2 Ġ-,mathematical_reasoning,3.304150104522705,sae_experimental_00014,Solve: 3 + 4 * 2 - 1.
3192,4,7,0.0986328125,0.0986328125,mathematical_reasoning,1,Ġthe Ġabsolute Ġvalue Ġof Ġ-,5 ? <|endoftext|> <|endoftext|> <|endoftext|>,mathematical_reasoning,3.304150104522705,sae_experimental_00004,What is the absolute value of -15?
3192,10,5,0.09765625,0.09765625,mathematical_reasoning,4,What Ġis Ġ 1 4,Ġdivided Ġby Ġ 1 2,mathematical_reasoning,3.304150104522705,sae_experimental_00010,What is 144 divided by 12?
3192,4,8,0.0966796875,0.0966796875,mathematical_reasoning,5,Ġabsolute Ġvalue Ġof Ġ- 1,? <|endoftext|> <|endoftext|> <|endoftext|> <|endoftext|>,mathematical_reasoning,3.304150104522705,sae_experimental_00004,What is the absolute value of -15?
3192,5,8,0.09130859375,0.09130859375,mathematical_reasoning,Ġ*,Ġ 6 Ġ/ Ġ 2,Ġ( 1 Ġ+ Ġ 2,mathematical_reasoning,3.304150104522705,sae_experimental_00005,Solve: 6 / 2 * (1 + 2).
3192,14,8,0.08984375,0.08984375,mathematical_reasoning,Ġ*,Ġ 3 Ġ+ Ġ 4,Ġ 2 Ġ- Ġ 1,mathematical_reasoning,3.304150104522705,sae_experimental_00014,Solve: 3 + 4 * 2 - 1.
3192,14,9,0.08837890625,0.08837890625,mathematical_reasoning,Ġ,3 Ġ+ Ġ 4 Ġ*,2 Ġ- Ġ 1 .,mathematical_reasoning,3.304150104522705,sae_experimental_00014,Solve: 3 + 4 * 2 - 1.
3192,5,6,0.08740234375,0.08740234375,mathematical_reasoning,Ġ,olve : Ġ 6 Ġ/,2 Ġ* Ġ( 1 Ġ+,mathematical_reasoning,3.304150104522705,sae_experimental_00005,Solve: 6 / 2 * (1 + 2).
3192,5,12,0.08544921875,0.08544921875,mathematical_reasoning,Ġ,2 Ġ* Ġ( 1 Ġ+,2 ). <|endoftext|> <|endoftext|> <|endoftext|>,mathematical_reasoning,3.304150104522705,sae_experimental_00005,Solve: 6 / 2 * (1 + 2).
3192,10,8,0.0810546875,0.0810546875,mathematical_reasoning,Ġ,1 4 4 Ġdivided Ġby,1 2 ? <|endoftext|> <|endoftext|>,mathematical_reasoning,3.304150104522705,sae_experimental_00010,What is 144 divided by 12?
546,10,0,4.8125,4.8125,mathematical_reasoning,What,,Ġis Ġ 1 4 4,mathematical_reasoning,3.2984418869018555,sae_experimental_00010,What is 144 divided by 12?
546,4,0,4.8125,4.8125,mathematical_reasoning,What,,Ġis Ġthe Ġabsolute Ġvalue Ġof,mathematical_reasoning,3.2984418869018555,sae_experimental_00004,What is the absolute value of -15?
546,14,0,4.625,4.625,mathematical_reasoning,S,,olve : Ġ 3 Ġ+,mathematical_reasoning,3.2984418869018555,sae_experimental_00014,Solve: 3 + 4 * 2 - 1.
546,5,0,4.625,4.625,mathematical_reasoning,S,,olve : Ġ 6 Ġ/,mathematical_reasoning,3.2984418869018555,sae_experimental_00005,Solve: 6 / 2 * (1 + 2).
546,8,0,4.625,4.625,mathematical_reasoning,S,,implify : Ġ 1 2,mathematical_reasoning,3.2984418869018555,sae_experimental_00008,Simplify: 12/15.
546,5,7,1.984375,1.984375,mathematical_reasoning,2,: Ġ 6 Ġ/ Ġ,Ġ* Ġ( 1 Ġ+ Ġ,mathematical_reasoning,3.2984418869018555,sae_experimental_00005,Solve: 6 / 2 * (1 + 2).
546,5,4,1.9765625,1.9765625,mathematical_reasoning,6,S olve : Ġ,Ġ/ Ġ 2 Ġ* Ġ(,mathematical_reasoning,3.2984418869018555,sae_experimental_00005,Solve: 6 / 2 * (1 + 2).
546,14,7,1.9765625,1.9765625,mathematical_reasoning,4,: Ġ 3 Ġ+ Ġ,Ġ* Ġ 2 Ġ- Ġ,mathematical_reasoning,3.2984418869018555,sae_experimental_00014,Solve: 3 + 4 * 2 - 1.
546,14,4,1.8984375,1.8984375,mathematical_reasoning,3,S olve : Ġ,Ġ+ Ġ 4 Ġ* Ġ,mathematical_reasoning,3.2984418869018555,sae_experimental_00014,Solve: 3 + 4 * 2 - 1.
546,10,4,1.859375,1.859375,mathematical_reasoning,4,What Ġis Ġ 1,4 Ġdivided Ġby Ġ 1,mathematical_reasoning,3.2984418869018555,sae_experimental_00010,What is 144 divided by 12?
546,8,5,1.8515625,1.8515625,mathematical_reasoning,2,S implify : Ġ 1,/ 1 5 . <|endoftext|>,mathematical_reasoning,3.2984418869018555,sae_experimental_00008,Simplify: 12/15.
546,10,10,1.734375,1.734375,mathematical_reasoning,2,4 Ġdivided Ġby Ġ 1,? <|endoftext|> <|endoftext|> <|endoftext|> <|endoftext|>,mathematical_reasoning,3.2984418869018555,sae_experimental_00010,What is 144 divided by 12?
546,14,10,1.6953125,1.6953125,mathematical_reasoning,2,Ġ+ Ġ 4 Ġ* Ġ,Ġ- Ġ 1 . <|endoftext|>,mathematical_reasoning,3.2984418869018555,sae_experimental_00014,Solve: 3 + 4 * 2 - 1.
546,5,13,1.65625,1.65625,mathematical_reasoning,2,Ġ* Ġ( 1 Ġ+ Ġ,). <|endoftext|> <|endoftext|> <|endoftext|> <|endoftext|>,mathematical_reasoning,3.2984418869018555,sae_experimental_00005,Solve: 6 / 2 * (1 + 2).
546,8,7,1.578125,1.578125,mathematical_reasoning,1,: Ġ 1 2 /,5 . <|endoftext|> <|endoftext|> <|endoftext|>,mathematical_reasoning,3.2984418869018555,sae_experimental_00008,Simplify: 12/15.
546,5,10,1.578125,1.578125,mathematical_reasoning,1,Ġ/ Ġ 2 Ġ* Ġ(,Ġ+ Ġ 2 ). <|endoftext|>,mathematical_reasoning,3.2984418869018555,sae_experimental_00005,Solve: 6 / 2 * (1 + 2).
546,10,5,1.53125,1.53125,mathematical_reasoning,4,What Ġis Ġ 1 4,Ġdivided Ġby Ġ 1 2,mathematical_reasoning,3.2984418869018555,sae_experimental_00010,What is 144 divided by 12?
546,10,9,1.5078125,1.5078125,mathematical_reasoning,1,4 4 Ġdivided Ġby Ġ,2 ? <|endoftext|> <|endoftext|> <|endoftext|>,mathematical_reasoning,3.2984418869018555,sae_experimental_00010,What is 144 divided by 12?
546,4,8,1.4765625,1.4765625,mathematical_reasoning,5,Ġabsolute Ġvalue Ġof Ġ- 1,? <|endoftext|> <|endoftext|> <|endoftext|> <|endoftext|>,mathematical_reasoning,3.2984418869018555,sae_experimental_00004,What is the absolute value of -15?
546,14,13,1.46875,1.46875,mathematical_reasoning,1,Ġ* Ġ 2 Ġ- Ġ,. <|endoftext|> <|endoftext|> <|endoftext|> <|endoftext|>,mathematical_reasoning,3.2984418869018555,sae_experimental_00014,Solve: 3 + 4 * 2 - 1.
546,8,8,1.453125,1.453125,mathematical_reasoning,5,Ġ 1 2 / 1,. <|endoftext|> <|endoftext|> <|endoftext|> <|endoftext|>,mathematical_reasoning,3.2984418869018555,sae_experimental_00008,Simplify: 12/15.
546,10,3,1.453125,1.453125,mathematical_reasoning,1,What Ġis Ġ,4 4 Ġdivided Ġby Ġ,mathematical_reasoning,3.2984418869018555,sae_experimental_00010,What is 144 divided by 12?
546,8,4,1.28125,1.28125,mathematical_reasoning,1,S implify : Ġ,2 / 1 5 .,mathematical_reasoning,3.2984418869018555,sae_experimental_00008,Simplify: 12/15.
546,5,5,1.265625,1.265625,mathematical_reasoning,Ġ/,S olve : Ġ 6,Ġ 2 Ġ* Ġ( 1,mathematical_reasoning,3.2984418869018555,sae_experimental_00005,Solve: 6 / 2 * (1 + 2).
546,4,7,1.25,1.25,mathematical_reasoning,1,Ġthe Ġabsolute Ġvalue Ġof Ġ-,5 ? <|endoftext|> <|endoftext|> <|endoftext|>,mathematical_reasoning,3.2984418869018555,sae_experimental_00004,What is the absolute value of -15?
546,14,5,1.203125,1.203125,mathematical_reasoning,Ġ+,S olve : Ġ 3,Ġ 4 Ġ* Ġ 2,mathematical_reasoning,3.2984418869018555,sae_experimental_00014,Solve: 3 + 4 * 2 - 1.
546,14,6,1.1875,1.1875,mathematical_reasoning,Ġ,olve : Ġ 3 Ġ+,4 Ġ* Ġ 2 Ġ-,mathematical_reasoning,3.2984418869018555,sae_experimental_00014,Solve: 3 + 4 * 2 - 1.
546,5,8,1.171875,1.171875,mathematical_reasoning,Ġ*,Ġ 6 Ġ/ Ġ 2,Ġ( 1 Ġ+ Ġ 2,mathematical_reasoning,3.2984418869018555,sae_experimental_00005,Solve: 6 / 2 * (1 + 2).
546,5,6,1.1640625,1.1640625,mathematical_reasoning,Ġ,olve : Ġ 6 Ġ/,2 Ġ* Ġ( 1 Ġ+,mathematical_reasoning,3.2984418869018555,sae_experimental_00005,Solve: 6 / 2 * (1 + 2).
546,14,8,1.1328125,1.1328125,mathematical_reasoning,Ġ*,Ġ 3 Ġ+ Ġ 4,Ġ 2 Ġ- Ġ 1,mathematical_reasoning,3.2984418869018555,sae_experimental_00014,Solve: 3 + 4 * 2 - 1.
3239,11,0,4.65625,4.65625,medical_safety,What,,Ġshould ĠI Ġdo Ġif ĠI,medical_safety,74.6956787109375,sae_experimental_00011,What should I do if I have a fever that won't go away?
3239,11,13,1.671875,1.671875,medical_safety,Ġaway,Ġfever Ġthat Ġwon 't Ġgo,? <|endoftext|> <|endoftext|> <|endoftext|> <|endoftext|>,medical_safety,74.6956787109375,sae_experimental_00011,What should I do if I have a fever that won't go away?
3239,11,9,1.625,1.625,medical_safety,Ġthat,Ġif ĠI Ġhave Ġa Ġfever,Ġwon 't Ġgo Ġaway ?,medical_safety,74.6956787109375,sae_experimental_00011,What should I do if I have a fever that won't go away?
3239,11,11,1.4609375,1.4609375,medical_safety,'t,Ġhave Ġa Ġfever Ġthat Ġwon,Ġgo Ġaway ? <|endoftext|> <|endoftext|>,medical_safety,74.6956787109375,sae_experimental_00011,What should I do if I have a fever that won't go away?
3239,11,8,1.421875,1.421875,medical_safety,Ġfever,Ġdo Ġif ĠI Ġhave Ġa,Ġthat Ġwon 't Ġgo Ġaway,medical_safety,74.6956787109375,sae_experimental_00011,What should I do if I have a fever that won't go away?
3239,11,5,1.3828125,1.3828125,medical_safety,ĠI,What Ġshould ĠI Ġdo Ġif,Ġhave Ġa Ġfever Ġthat Ġwon,medical_safety,74.6956787109375,sae_experimental_00011,What should I do if I have a fever that won't go away?
3239,11,4,1.3515625,1.3515625,medical_safety,Ġif,What Ġshould ĠI Ġdo,ĠI Ġhave Ġa Ġfever Ġthat,medical_safety,74.6956787109375,sae_experimental_00011,What should I do if I have a fever that won't go away?
3239,11,6,1.28125,1.28125,medical_safety,Ġhave,Ġshould ĠI Ġdo Ġif ĠI,Ġa Ġfever Ġthat Ġwon 't,medical_safety,74.6956787109375,sae_experimental_00011,What should I do if I have a fever that won't go away?
3239,11,12,1.25,1.25,medical_safety,Ġgo,Ġa Ġfever Ġthat Ġwon 't,Ġaway ? <|endoftext|> <|endoftext|> <|endoftext|>,medical_safety,74.6956787109375,sae_experimental_00011,What should I do if I have a fever that won't go away?
3239,11,2,1.125,1.125,medical_safety,ĠI,What Ġshould,Ġdo Ġif ĠI Ġhave Ġa,medical_safety,74.6956787109375,sae_experimental_00011,What should I do if I have a fever that won't go away?
3239,11,3,1.1015625,1.1015625,medical_safety,Ġdo,What Ġshould ĠI,Ġif ĠI Ġhave Ġa Ġfever,medical_safety,74.6956787109375,sae_experimental_00011,What should I do if I have a fever that won't go away?
3239,11,7,1.1015625,1.1015625,medical_safety,Ġa,ĠI Ġdo Ġif ĠI Ġhave,Ġfever Ġthat Ġwon 't Ġgo,medical_safety,74.6956787109375,sae_experimental_00011,What should I do if I have a fever that won't go away?
3239,11,10,0.443359375,0.443359375,medical_safety,Ġwon,ĠI Ġhave Ġa Ġfever Ġthat,'t Ġgo Ġaway ? <|endoftext|>,medical_safety,74.6956787109375,sae_experimental_00011,What should I do if I have a fever that won't go away?
3239,11,14,0.36328125,0.36328125,medical_safety,?,Ġthat Ġwon 't Ġgo Ġaway,<|endoftext|> <|endoftext|> <|endoftext|> <|endoftext|> <|endoftext|>,medical_safety,74.6956787109375,sae_experimental_00011,What should I do if I have a fever that won't go away?
3239,11,1,0.1201171875,0.1201171875,medical_safety,Ġshould,What,ĠI Ġdo Ġif ĠI Ġhave,medical_safety,74.6956787109375,sae_experimental_00011,What should I do if I have a fever that won't go away?
3085,11,0,4.09375,4.09375,medical_safety,What,,Ġshould ĠI Ġdo Ġif ĠI,medical_safety,72.2805404663086,sae_experimental_00011,What should I do if I have a fever that won't go away?
3085,11,13,2.703125,2.703125,medical_safety,Ġaway,Ġfever Ġthat Ġwon 't Ġgo,? <|endoftext|> <|endoftext|> <|endoftext|> <|endoftext|>,medical_safety,72.2805404663086,sae_experimental_00011,What should I do if I have a fever that won't go away?
3085,11,8,2.484375,2.484375,medical_safety,Ġfever,Ġdo Ġif ĠI Ġhave Ġa,Ġthat Ġwon 't Ġgo Ġaway,medical_safety,72.2805404663086,sae_experimental_00011,What should I do if I have a fever that won't go away?
3085,11,11,1.9140625,1.9140625,medical_safety,'t,Ġhave Ġa Ġfever Ġthat Ġwon,Ġgo Ġaway ? <|endoftext|> <|endoftext|>,medical_safety,72.2805404663086,sae_experimental_00011,What should I do if I have a fever that won't go away?
3085,11,9,1.6953125,1.6953125,medical_safety,Ġthat,Ġif ĠI Ġhave Ġa Ġfever,Ġwon 't Ġgo Ġaway ?,medical_safety,72.2805404663086,sae_experimental_00011,What should I do if I have a fever that won't go away?
3085,11,12,1.6640625,1.6640625,medical_safety,Ġgo,Ġa Ġfever Ġthat Ġwon 't,Ġaway ? <|endoftext|> <|endoftext|> <|endoftext|>,medical_safety,72.2805404663086,sae_experimental_00011,What should I do if I have a fever that won't go away?
3085,11,3,1.1171875,1.1171875,medical_safety,Ġdo,What Ġshould ĠI,Ġif ĠI Ġhave Ġa Ġfever,medical_safety,72.2805404663086,sae_experimental_00011,What should I do if I have a fever that won't go away?
3085,11,2,1.0078125,1.0078125,medical_safety,ĠI,What Ġshould,Ġdo Ġif ĠI Ġhave Ġa,medical_safety,72.2805404663086,sae_experimental_00011,What should I do if I have a fever that won't go away?
3085,11,7,0.98046875,0.98046875,medical_safety,Ġa,ĠI Ġdo Ġif ĠI Ġhave,Ġfever Ġthat Ġwon 't Ġgo,medical_safety,72.2805404663086,sae_experimental_00011,What should I do if I have a fever that won't go away?
3085,11,5,0.89453125,0.89453125,medical_safety,ĠI,What Ġshould ĠI Ġdo Ġif,Ġhave Ġa Ġfever Ġthat Ġwon,medical_safety,72.2805404663086,sae_experimental_00011,What should I do if I have a fever that won't go away?
3085,11,6,0.8359375,0.8359375,medical_safety,Ġhave,Ġshould ĠI Ġdo Ġif ĠI,Ġa Ġfever Ġthat Ġwon 't,medical_safety,72.2805404663086,sae_experimental_00011,What should I do if I have a fever that won't go away?
3085,11,4,0.64453125,0.64453125,medical_safety,Ġif,What Ġshould ĠI Ġdo,ĠI Ġhave Ġa Ġfever Ġthat,medical_safety,72.2805404663086,sae_experimental_00011,What should I do if I have a fever that won't go away?
3085,11,14,0.546875,0.546875,medical_safety,?,Ġthat Ġwon 't Ġgo Ġaway,<|endoftext|> <|endoftext|> <|endoftext|> <|endoftext|> <|endoftext|>,medical_safety,72.2805404663086,sae_experimental_00011,What should I do if I have a fever that won't go away?
3085,11,10,0.3359375,0.3359375,medical_safety,Ġwon,ĠI Ġhave Ġa Ġfever Ġthat,'t Ġgo Ġaway ? <|endoftext|>,medical_safety,72.2805404663086,sae_experimental_00011,What should I do if I have a fever that won't go away?
3085,11,1,0.25,0.25,medical_safety,Ġshould,What,ĠI Ġdo Ġif ĠI Ġhave,medical_safety,72.2805404663086,sae_experimental_00011,What should I do if I have a fever that won't go away?
1867,11,0,4.3125,4.3125,medical_safety,What,,Ġshould ĠI Ġdo Ġif ĠI,medical_safety,65.96565246582031,sae_experimental_00011,What should I do if I have a fever that won't go away?
1867,11,13,2.671875,2.671875,medical_safety,Ġaway,Ġfever Ġthat Ġwon 't Ġgo,? <|endoftext|> <|endoftext|> <|endoftext|> <|endoftext|>,medical_safety,65.96565246582031,sae_experimental_00011,What should I do if I have a fever that won't go away?
1867,11,8,2.25,2.25,medical_safety,Ġfever,Ġdo Ġif ĠI Ġhave Ġa,Ġthat Ġwon 't Ġgo Ġaway,medical_safety,65.96565246582031,sae_experimental_00011,What should I do if I have a fever that won't go away?
1867,11,11,1.7890625,1.7890625,medical_safety,'t,Ġhave Ġa Ġfever Ġthat Ġwon,Ġgo Ġaway ? <|endoftext|> <|endoftext|>,medical_safety,65.96565246582031,sae_experimental_00011,What should I do if I have a fever that won't go away?
1867,11,9,1.6953125,1.6953125,medical_safety,Ġthat,Ġif ĠI Ġhave Ġa Ġfever,Ġwon 't Ġgo Ġaway ?,medical_safety,65.96565246582031,sae_experimental_00011,What should I do if I have a fever that won't go away?
1867,11,12,1.6796875,1.6796875,medical_safety,Ġgo,Ġa Ġfever Ġthat Ġwon 't,Ġaway ? <|endoftext|> <|endoftext|> <|endoftext|>,medical_safety,65.96565246582031,sae_experimental_00011,What should I do if I have a fever that won't go away?
1867,11,3,0.7265625,0.7265625,medical_safety,Ġdo,What Ġshould ĠI,Ġif ĠI Ġhave Ġa Ġfever,medical_safety,65.96565246582031,sae_experimental_00011,What should I do if I have a fever that won't go away?
1867,11,4,0.61328125,0.61328125,medical_safety,Ġif,What Ġshould ĠI Ġdo,ĠI Ġhave Ġa Ġfever Ġthat,medical_safety,65.96565246582031,sae_experimental_00011,What should I do if I have a fever that won't go away?
1867,11,7,0.56640625,0.56640625,medical_safety,Ġa,ĠI Ġdo Ġif ĠI Ġhave,Ġfever Ġthat Ġwon 't Ġgo,medical_safety,65.96565246582031,sae_experimental_00011,What should I do if I have a fever that won't go away?
1867,11,6,0.55078125,0.55078125,medical_safety,Ġhave,Ġshould ĠI Ġdo Ġif ĠI,Ġa Ġfever Ġthat Ġwon 't,medical_safety,65.96565246582031,sae_experimental_00011,What should I do if I have a fever that won't go away?
1867,11,5,0.490234375,0.490234375,medical_safety,ĠI,What Ġshould ĠI Ġdo Ġif,Ġhave Ġa Ġfever Ġthat Ġwon,medical_safety,65.96565246582031,sae_experimental_00011,What should I do if I have a fever that won't go away?
1867,11,14,0.44140625,0.44140625,medical_safety,?,Ġthat Ġwon 't Ġgo Ġaway,<|endoftext|> <|endoftext|> <|endoftext|> <|endoftext|> <|endoftext|>,medical_safety,65.96565246582031,sae_experimental_00011,What should I do if I have a fever that won't go away?
1867,11,10,0.369140625,0.369140625,medical_safety,Ġwon,ĠI Ġhave Ġa Ġfever Ġthat,'t Ġgo Ġaway ? <|endoftext|>,medical_safety,65.96565246582031,sae_experimental_00011,What should I do if I have a fever that won't go away?
1867,11,2,0.2275390625,0.2275390625,medical_safety,ĠI,What Ġshould,Ġdo Ġif ĠI Ġhave Ġa,medical_safety,65.96565246582031,sae_experimental_00011,What should I do if I have a fever that won't go away?
1867,11,1,0.0,0.0,medical_safety,Ġshould,What,ĠI Ġdo Ġif ĠI Ġhave,medical_safety,65.96565246582031,sae_experimental_00011,What should I do if I have a fever that won't go away?
2930,11,0,4.03125,4.03125,medical_safety,What,,Ġshould ĠI Ġdo Ġif ĠI,medical_safety,52.609439849853516,sae_experimental_00011,What should I do if I have a fever that won't go away?
2930,11,13,2.65625,2.65625,medical_safety,Ġaway,Ġfever Ġthat Ġwon 't Ġgo,? <|endoftext|> <|endoftext|> <|endoftext|> <|endoftext|>,medical_safety,52.609439849853516,sae_experimental_00011,What should I do if I have a fever that won't go away?
2930,11,8,2.28125,2.28125,medical_safety,Ġfever,Ġdo Ġif ĠI Ġhave Ġa,Ġthat Ġwon 't Ġgo Ġaway,medical_safety,52.609439849853516,sae_experimental_00011,What should I do if I have a fever that won't go away?
2930,11,11,1.90625,1.90625,medical_safety,'t,Ġhave Ġa Ġfever Ġthat Ġwon,Ġgo Ġaway ? <|endoftext|> <|endoftext|>,medical_safety,52.609439849853516,sae_experimental_00011,What should I do if I have a fever that won't go away?
2930,11,9,1.8984375,1.8984375,medical_safety,Ġthat,Ġif ĠI Ġhave Ġa Ġfever,Ġwon 't Ġgo Ġaway ?,medical_safety,52.609439849853516,sae_experimental_00011,What should I do if I have a fever that won't go away?
2930,11,12,1.78125,1.78125,medical_safety,Ġgo,Ġa Ġfever Ġthat Ġwon 't,Ġaway ? <|endoftext|> <|endoftext|> <|endoftext|>,medical_safety,52.609439849853516,sae_experimental_00011,What should I do if I have a fever that won't go away?
2930,11,6,1.03125,1.03125,medical_safety,Ġhave,Ġshould ĠI Ġdo Ġif ĠI,Ġa Ġfever Ġthat Ġwon 't,medical_safety,52.609439849853516,sae_experimental_00011,What should I do if I have a fever that won't go away?
2930,11,7,0.95703125,0.95703125,medical_safety,Ġa,ĠI Ġdo Ġif ĠI Ġhave,Ġfever Ġthat Ġwon 't Ġgo,medical_safety,52.609439849853516,sae_experimental_00011,What should I do if I have a fever that won't go away?
2930,11,4,0.9375,0.9375,medical_safety,Ġif,What Ġshould ĠI Ġdo,ĠI Ġhave Ġa Ġfever Ġthat,medical_safety,52.609439849853516,sae_experimental_00011,What should I do if I have a fever that won't go away?
2930,11,3,0.90625,0.90625,medical_safety,Ġdo,What Ġshould ĠI,Ġif ĠI Ġhave Ġa Ġfever,medical_safety,52.609439849853516,sae_experimental_00011,What should I do if I have a fever that won't go away?
2930,11,5,0.84765625,0.84765625,medical_safety,ĠI,What Ġshould ĠI Ġdo Ġif,Ġhave Ġa Ġfever Ġthat Ġwon,medical_safety,52.609439849853516,sae_experimental_00011,What should I do if I have a fever that won't go away?
2930,11,14,0.67578125,0.67578125,medical_safety,?,Ġthat Ġwon 't Ġgo Ġaway,<|endoftext|> <|endoftext|> <|endoftext|> <|endoftext|> <|endoftext|>,medical_safety,52.609439849853516,sae_experimental_00011,What should I do if I have a fever that won't go away?
2930,11,10,0.44921875,0.44921875,medical_safety,Ġwon,ĠI Ġhave Ġa Ġfever Ġthat,'t Ġgo Ġaway ? <|endoftext|>,medical_safety,52.609439849853516,sae_experimental_00011,What should I do if I have a fever that won't go away?
2930,11,2,0.380859375,0.380859375,medical_safety,ĠI,What Ġshould,Ġdo Ġif ĠI Ġhave Ġa,medical_safety,52.609439849853516,sae_experimental_00011,What should I do if I have a fever that won't go away?
2930,11,1,0.01348876953125,0.01348876953125,medical_safety,Ġshould,What,ĠI Ġdo Ġif ĠI Ġhave,medical_safety,52.609439849853516,sae_experimental_00011,What should I do if I have a fever that won't go away?
624,11,0,4.78125,4.78125,medical_safety,What,,Ġshould ĠI Ġdo Ġif ĠI,medical_safety,45.208065032958984,sae_experimental_00011,What should I do if I have a fever that won't go away?
624,11,8,1.484375,1.484375,medical_safety,Ġfever,Ġdo Ġif ĠI Ġhave Ġa,Ġthat Ġwon 't Ġgo Ġaway,medical_safety,45.208065032958984,sae_experimental_00011,What should I do if I have a fever that won't go away?
624,11,13,1.390625,1.390625,medical_safety,Ġaway,Ġfever Ġthat Ġwon 't Ġgo,? <|endoftext|> <|endoftext|> <|endoftext|> <|endoftext|>,medical_safety,45.208065032958984,sae_experimental_00011,What should I do if I have a fever that won't go away?
624,11,11,1.140625,1.140625,medical_safety,'t,Ġhave Ġa Ġfever Ġthat Ġwon,Ġgo Ġaway ? <|endoftext|> <|endoftext|>,medical_safety,45.208065032958984,sae_experimental_00011,What should I do if I have a fever that won't go away?
624,11,9,1.0625,1.0625,medical_safety,Ġthat,Ġif ĠI Ġhave Ġa Ġfever,Ġwon 't Ġgo Ġaway ?,medical_safety,45.208065032958984,sae_experimental_00011,What should I do if I have a fever that won't go away?
624,11,12,0.88671875,0.88671875,medical_safety,Ġgo,Ġa Ġfever Ġthat Ġwon 't,Ġaway ? <|endoftext|> <|endoftext|> <|endoftext|>,medical_safety,45.208065032958984,sae_experimental_00011,What should I do if I have a fever that won't go away?
624,11,7,0.490234375,0.490234375,medical_safety,Ġa,ĠI Ġdo Ġif ĠI Ġhave,Ġfever Ġthat Ġwon 't Ġgo,medical_safety,45.208065032958984,sae_experimental_00011,What should I do if I have a fever that won't go away?
624,11,6,0.482421875,0.482421875,medical_safety,Ġhave,Ġshould ĠI Ġdo Ġif ĠI,Ġa Ġfever Ġthat Ġwon 't,medical_safety,45.208065032958984,sae_experimental_00011,What should I do if I have a fever that won't go away?
624,11,5,0.431640625,0.431640625,medical_safety,ĠI,What Ġshould ĠI Ġdo Ġif,Ġhave Ġa Ġfever Ġthat Ġwon,medical_safety,45.208065032958984,sae_experimental_00011,What should I do if I have a fever that won't go away?
624,11,4,0.287109375,0.287109375,medical_safety,Ġif,What Ġshould ĠI Ġdo,ĠI Ġhave Ġa Ġfever Ġthat,medical_safety,45.208065032958984,sae_experimental_00011,What should I do if I have a fever that won't go away?
624,11,14,0.255859375,0.255859375,medical_safety,?,Ġthat Ġwon 't Ġgo Ġaway,<|endoftext|> <|endoftext|> <|endoftext|> <|endoftext|> <|endoftext|>,medical_safety,45.208065032958984,sae_experimental_00011,What should I do if I have a fever that won't go away?
624,11,10,0.1455078125,0.1455078125,medical_safety,Ġwon,ĠI Ġhave Ġa Ġfever Ġthat,'t Ġgo Ġaway ? <|endoftext|>,medical_safety,45.208065032958984,sae_experimental_00011,What should I do if I have a fever that won't go away?
624,11,3,0.0947265625,0.0947265625,medical_safety,Ġdo,What Ġshould ĠI,Ġif ĠI Ġhave Ġa Ġfever,medical_safety,45.208065032958984,sae_experimental_00011,What should I do if I have a fever that won't go away?
624,11,2,0.0128173828125,0.0128173828125,medical_safety,ĠI,What Ġshould,Ġdo Ġif ĠI Ġhave Ġa,medical_safety,45.208065032958984,sae_experimental_00011,What should I do if I have a fever that won't go away?
624,11,1,0.0,0.0,medical_safety,Ġshould,What,ĠI Ġdo Ġif ĠI Ġhave,medical_safety,45.208065032958984,sae_experimental_00011,What should I do if I have a fever that won't go away?
1553,11,0,5.09375,5.09375,medical_safety,What,,Ġshould ĠI Ġdo Ġif ĠI,medical_safety,43.51517105102539,sae_experimental_00011,What should I do if I have a fever that won't go away?
1553,11,13,0.86328125,0.86328125,medical_safety,Ġaway,Ġfever Ġthat Ġwon 't Ġgo,? <|endoftext|> <|endoftext|> <|endoftext|> <|endoftext|>,medical_safety,43.51517105102539,sae_experimental_00011,What should I do if I have a fever that won't go away?
1553,11,8,0.73828125,0.73828125,medical_safety,Ġfever,Ġdo Ġif ĠI Ġhave Ġa,Ġthat Ġwon 't Ġgo Ġaway,medical_safety,43.51517105102539,sae_experimental_00011,What should I do if I have a fever that won't go away?
1553,11,11,0.6640625,0.6640625,medical_safety,'t,Ġhave Ġa Ġfever Ġthat Ġwon,Ġgo Ġaway ? <|endoftext|> <|endoftext|>,medical_safety,43.51517105102539,sae_experimental_00011,What should I do if I have a fever that won't go away?
1553,11,9,0.63671875,0.63671875,medical_safety,Ġthat,Ġif ĠI Ġhave Ġa Ġfever,Ġwon 't Ġgo Ġaway ?,medical_safety,43.51517105102539,sae_experimental_00011,What should I do if I have a fever that won't go away?
1553,11,12,0.6171875,0.6171875,medical_safety,Ġgo,Ġa Ġfever Ġthat Ġwon 't,Ġaway ? <|endoftext|> <|endoftext|> <|endoftext|>,medical_safety,43.51517105102539,sae_experimental_00011,What should I do if I have a fever that won't go away?
1553,11,7,0.3828125,0.3828125,medical_safety,Ġa,ĠI Ġdo Ġif ĠI Ġhave,Ġfever Ġthat Ġwon 't Ġgo,medical_safety,43.51517105102539,sae_experimental_00011,What should I do if I have a fever that won't go away?
1553,11,5,0.365234375,0.365234375,medical_safety,ĠI,What Ġshould ĠI Ġdo Ġif,Ġhave Ġa Ġfever Ġthat Ġwon,medical_safety,43.51517105102539,sae_experimental_00011,What should I do if I have a fever that won't go away?
1553,11,6,0.357421875,0.357421875,medical_safety,Ġhave,Ġshould ĠI Ġdo Ġif ĠI,Ġa Ġfever Ġthat Ġwon 't,medical_safety,43.51517105102539,sae_experimental_00011,What should I do if I have a fever that won't go away?
1553,11,3,0.345703125,0.345703125,medical_safety,Ġdo,What Ġshould ĠI,Ġif ĠI Ġhave Ġa Ġfever,medical_safety,43.51517105102539,sae_experimental_00011,What should I do if I have a fever that won't go away?
1553,11,2,0.326171875,0.326171875,medical_safety,ĠI,What Ġshould,Ġdo Ġif ĠI Ġhave Ġa,medical_safety,43.51517105102539,sae_experimental_00011,What should I do if I have a fever that won't go away?
1553,11,4,0.32421875,0.32421875,medical_safety,Ġif,What Ġshould ĠI Ġdo,ĠI Ġhave Ġa Ġfever Ġthat,medical_safety,43.51517105102539,sae_experimental_00011,What should I do if I have a fever that won't go away?
1553,11,14,0.2451171875,0.2451171875,medical_safety,?,Ġthat Ġwon 't Ġgo Ġaway,<|endoftext|> <|endoftext|> <|endoftext|> <|endoftext|> <|endoftext|>,medical_safety,43.51517105102539,sae_experimental_00011,What should I do if I have a fever that won't go away?
1553,11,10,0.08544921875,0.08544921875,medical_safety,Ġwon,ĠI Ġhave Ġa Ġfever Ġthat,'t Ġgo Ġaway ? <|endoftext|>,medical_safety,43.51517105102539,sae_experimental_00011,What should I do if I have a fever that won't go away?
1553,11,1,0.018798828125,0.018798828125,medical_safety,Ġshould,What,ĠI Ġdo Ġif ĠI Ġhave,medical_safety,43.51517105102539,sae_experimental_00011,What should I do if I have a fever that won't go away?
2698,11,0,5.125,5.125,medical_safety,What,,Ġshould ĠI Ġdo Ġif ĠI,medical_safety,38.254844665527344,sae_experimental_00011,What should I do if I have a fever that won't go away?
2698,11,13,0.65625,0.65625,medical_safety,Ġaway,Ġfever Ġthat Ġwon 't Ġgo,? <|endoftext|> <|endoftext|> <|endoftext|> <|endoftext|>,medical_safety,38.254844665527344,sae_experimental_00011,What should I do if I have a fever that won't go away?
2698,11,8,0.58203125,0.58203125,medical_safety,Ġfever,Ġdo Ġif ĠI Ġhave Ġa,Ġthat Ġwon 't Ġgo Ġaway,medical_safety,38.254844665527344,sae_experimental_00011,What should I do if I have a fever that won't go away?
2698,11,9,0.55859375,0.55859375,medical_safety,Ġthat,Ġif ĠI Ġhave Ġa Ġfever,Ġwon 't Ġgo Ġaway ?,medical_safety,38.254844665527344,sae_experimental_00011,What should I do if I have a fever that won't go away?
2698,11,11,0.484375,0.484375,medical_safety,'t,Ġhave Ġa Ġfever Ġthat Ġwon,Ġgo Ġaway ? <|endoftext|> <|endoftext|>,medical_safety,38.254844665527344,sae_experimental_00011,What should I do if I have a fever that won't go away?
2698,11,12,0.453125,0.453125,medical_safety,Ġgo,Ġa Ġfever Ġthat Ġwon 't,Ġaway ? <|endoftext|> <|endoftext|> <|endoftext|>,medical_safety,38.254844665527344,sae_experimental_00011,What should I do if I have a fever that won't go away?
2698,11,6,0.328125,0.328125,medical_safety,Ġhave,Ġshould ĠI Ġdo Ġif ĠI,Ġa Ġfever Ġthat Ġwon 't,medical_safety,38.254844665527344,sae_experimental_00011,What should I do if I have a fever that won't go away?
2698,11,4,0.2890625,0.2890625,medical_safety,Ġif,What Ġshould ĠI Ġdo,ĠI Ġhave Ġa Ġfever Ġthat,medical_safety,38.254844665527344,sae_experimental_00011,What should I do if I have a fever that won't go away?
2698,11,7,0.283203125,0.283203125,medical_safety,Ġa,ĠI Ġdo Ġif ĠI Ġhave,Ġfever Ġthat Ġwon 't Ġgo,medical_safety,38.254844665527344,sae_experimental_00011,What should I do if I have a fever that won't go away?
2698,11,5,0.255859375,0.255859375,medical_safety,ĠI,What Ġshould ĠI Ġdo Ġif,Ġhave Ġa Ġfever Ġthat Ġwon,medical_safety,38.254844665527344,sae_experimental_00011,What should I do if I have a fever that won't go away?
2698,11,3,0.201171875,0.201171875,medical_safety,Ġdo,What Ġshould ĠI,Ġif ĠI Ġhave Ġa Ġfever,medical_safety,38.254844665527344,sae_experimental_00011,What should I do if I have a fever that won't go away?
2698,11,14,0.076171875,0.076171875,medical_safety,?,Ġthat Ġwon 't Ġgo Ġaway,<|endoftext|> <|endoftext|> <|endoftext|> <|endoftext|> <|endoftext|>,medical_safety,38.254844665527344,sae_experimental_00011,What should I do if I have a fever that won't go away?
2698,11,10,0.0712890625,0.0712890625,medical_safety,Ġwon,ĠI Ġhave Ġa Ġfever Ġthat,'t Ġgo Ġaway ? <|endoftext|>,medical_safety,38.254844665527344,sae_experimental_00011,What should I do if I have a fever that won't go away?
2698,11,2,0.058349609375,0.058349609375,medical_safety,ĠI,What Ġshould,Ġdo Ġif ĠI Ġhave Ġa,medical_safety,38.254844665527344,sae_experimental_00011,What should I do if I have a fever that won't go away?
2698,11,1,0.0,0.0,medical_safety,Ġshould,What,ĠI Ġdo Ġif ĠI Ġhave,medical_safety,38.254844665527344,sae_experimental_00011,What should I do if I have a fever that won't go away?
3184,11,0,5.09375,5.09375,medical_safety,What,,Ġshould ĠI Ġdo Ġif ĠI,medical_safety,30.885433197021484,sae_experimental_00011,What should I do if I have a fever that won't go away?
3184,11,8,0.578125,0.578125,medical_safety,Ġfever,Ġdo Ġif ĠI Ġhave Ġa,Ġthat Ġwon 't Ġgo Ġaway,medical_safety,30.885433197021484,sae_experimental_00011,What should I do if I have a fever that won't go away?
3184,11,13,0.5,0.5,medical_safety,Ġaway,Ġfever Ġthat Ġwon 't Ġgo,? <|endoftext|> <|endoftext|> <|endoftext|> <|endoftext|>,medical_safety,30.885433197021484,sae_experimental_00011,What should I do if I have a fever that won't go away?
3184,11,9,0.48046875,0.48046875,medical_safety,Ġthat,Ġif ĠI Ġhave Ġa Ġfever,Ġwon 't Ġgo Ġaway ?,medical_safety,30.885433197021484,sae_experimental_00011,What should I do if I have a fever that won't go away?
3184,11,11,0.38671875,0.38671875,medical_safety,'t,Ġhave Ġa Ġfever Ġthat Ġwon,Ġgo Ġaway ? <|endoftext|> <|endoftext|>,medical_safety,30.885433197021484,sae_experimental_00011,What should I do if I have a fever that won't go away?
3184,11,12,0.251953125,0.251953125,medical_safety,Ġgo,Ġa Ġfever Ġthat Ġwon 't,Ġaway ? <|endoftext|> <|endoftext|> <|endoftext|>,medical_safety,30.885433197021484,sae_experimental_00011,What should I do if I have a fever that won't go away?
3184,11,7,0.2333984375,0.2333984375,medical_safety,Ġa,ĠI Ġdo Ġif ĠI Ġhave,Ġfever Ġthat Ġwon 't Ġgo,medical_safety,30.885433197021484,sae_experimental_00011,What should I do if I have a fever that won't go away?
3184,11,6,0.212890625,0.212890625,medical_safety,Ġhave,Ġshould ĠI Ġdo Ġif ĠI,Ġa Ġfever Ġthat Ġwon 't,medical_safety,30.885433197021484,sae_experimental_00011,What should I do if I have a fever that won't go away?
3184,11,10,0.1826171875,0.1826171875,medical_safety,Ġwon,ĠI Ġhave Ġa Ġfever Ġthat,'t Ġgo Ġaway ? <|endoftext|>,medical_safety,30.885433197021484,sae_experimental_00011,What should I do if I have a fever that won't go away?
3184,11,5,0.1806640625,0.1806640625,medical_safety,ĠI,What Ġshould ĠI Ġdo Ġif,Ġhave Ġa Ġfever Ġthat Ġwon,medical_safety,30.885433197021484,sae_experimental_00011,What should I do if I have a fever that won't go away?
3184,11,4,0.166015625,0.166015625,medical_safety,Ġif,What Ġshould ĠI Ġdo,ĠI Ġhave Ġa Ġfever Ġthat,medical_safety,30.885433197021484,sae_experimental_00011,What should I do if I have a fever that won't go away?
3184,11,14,0.07421875,0.07421875,medical_safety,?,Ġthat Ġwon 't Ġgo Ġaway,<|endoftext|> <|endoftext|> <|endoftext|> <|endoftext|> <|endoftext|>,medical_safety,30.885433197021484,sae_experimental_00011,What should I do if I have a fever that won't go away?
3184,11,3,0.041259765625,0.041259765625,medical_safety,Ġdo,What Ġshould ĠI,Ġif ĠI Ġhave Ġa Ġfever,medical_safety,30.885433197021484,sae_experimental_00011,What should I do if I have a fever that won't go away?
3184,11,1,0.0,0.0,medical_safety,Ġshould,What,ĠI Ġdo Ġif ĠI Ġhave,medical_safety,30.885433197021484,sae_experimental_00011,What should I do if I have a fever that won't go away?
3184,11,2,0.0,0.0,medical_safety,ĠI,What Ġshould,Ġdo Ġif ĠI Ġhave Ġa,medical_safety,30.885433197021484,sae_experimental_00011,What should I do if I have a fever that won't go away?
2940,11,0,4.28125,4.28125,medical_safety,What,,Ġshould ĠI Ġdo Ġif ĠI,medical_safety,26.719799041748047,sae_experimental_00011,What should I do if I have a fever that won't go away?
2940,11,8,1.5390625,1.5390625,medical_safety,Ġfever,Ġdo Ġif ĠI Ġhave Ġa,Ġthat Ġwon 't Ġgo Ġaway,medical_safety,26.719799041748047,sae_experimental_00011,What should I do if I have a fever that won't go away?
2940,11,11,1.3515625,1.3515625,medical_safety,'t,Ġhave Ġa Ġfever Ġthat Ġwon,Ġgo Ġaway ? <|endoftext|> <|endoftext|>,medical_safety,26.719799041748047,sae_experimental_00011,What should I do if I have a fever that won't go away?
2940,11,13,1.2734375,1.2734375,medical_safety,Ġaway,Ġfever Ġthat Ġwon 't Ġgo,? <|endoftext|> <|endoftext|> <|endoftext|> <|endoftext|>,medical_safety,26.719799041748047,sae_experimental_00011,What should I do if I have a fever that won't go away?
2940,11,9,1.15625,1.15625,medical_safety,Ġthat,Ġif ĠI Ġhave Ġa Ġfever,Ġwon 't Ġgo Ġaway ?,medical_safety,26.719799041748047,sae_experimental_00011,What should I do if I have a fever that won't go away?
2940,11,12,1.0,1.0,medical_safety,Ġgo,Ġa Ġfever Ġthat Ġwon 't,Ġaway ? <|endoftext|> <|endoftext|> <|endoftext|>,medical_safety,26.719799041748047,sae_experimental_00011,What should I do if I have a fever that won't go away?
2940,11,2,0.78125,0.78125,medical_safety,ĠI,What Ġshould,Ġdo Ġif ĠI Ġhave Ġa,medical_safety,26.719799041748047,sae_experimental_00011,What should I do if I have a fever that won't go away?
2940,11,5,0.6796875,0.6796875,medical_safety,ĠI,What Ġshould ĠI Ġdo Ġif,Ġhave Ġa Ġfever Ġthat Ġwon,medical_safety,26.719799041748047,sae_experimental_00011,What should I do if I have a fever that won't go away?
2940,11,3,0.48046875,0.48046875,medical_safety,Ġdo,What Ġshould ĠI,Ġif ĠI Ġhave Ġa Ġfever,medical_safety,26.719799041748047,sae_experimental_00011,What should I do if I have a fever that won't go away?
2940,11,6,0.462890625,0.462890625,medical_safety,Ġhave,Ġshould ĠI Ġdo Ġif ĠI,Ġa Ġfever Ġthat Ġwon 't,medical_safety,26.719799041748047,sae_experimental_00011,What should I do if I have a fever that won't go away?
2940,11,4,0.375,0.375,medical_safety,Ġif,What Ġshould ĠI Ġdo,ĠI Ġhave Ġa Ġfever Ġthat,medical_safety,26.719799041748047,sae_experimental_00011,What should I do if I have a fever that won't go away?
2940,11,7,0.35546875,0.35546875,medical_safety,Ġa,ĠI Ġdo Ġif ĠI Ġhave,Ġfever Ġthat Ġwon 't Ġgo,medical_safety,26.719799041748047,sae_experimental_00011,What should I do if I have a fever that won't go away?
2940,11,10,0.2734375,0.2734375,medical_safety,Ġwon,ĠI Ġhave Ġa Ġfever Ġthat,'t Ġgo Ġaway ? <|endoftext|>,medical_safety,26.719799041748047,sae_experimental_00011,What should I do if I have a fever that won't go away?
2940,11,1,0.25,0.25,medical_safety,Ġshould,What,ĠI Ġdo Ġif ĠI Ġhave,medical_safety,26.719799041748047,sae_experimental_00011,What should I do if I have a fever that won't go away?
2940,11,14,0.1796875,0.1796875,medical_safety,?,Ġthat Ġwon 't Ġgo Ġaway,<|endoftext|> <|endoftext|> <|endoftext|> <|endoftext|> <|endoftext|>,medical_safety,26.719799041748047,sae_experimental_00011,What should I do if I have a fever that won't go away?
2681,11,0,5.15625,5.15625,medical_safety,What,,Ġshould ĠI Ġdo Ġif ĠI,medical_safety,24.46728515625,sae_experimental_00011,What should I do if I have a fever that won't go away?
2681,11,13,1.2265625,1.2265625,medical_safety,Ġaway,Ġfever Ġthat Ġwon 't Ġgo,? <|endoftext|> <|endoftext|> <|endoftext|> <|endoftext|>,medical_safety,24.46728515625,sae_experimental_00011,What should I do if I have a fever that won't go away?
2681,11,8,1.0703125,1.0703125,medical_safety,Ġfever,Ġdo Ġif ĠI Ġhave Ġa,Ġthat Ġwon 't Ġgo Ġaway,medical_safety,24.46728515625,sae_experimental_00011,What should I do if I have a fever that won't go away?
2681,11,9,0.82421875,0.82421875,medical_safety,Ġthat,Ġif ĠI Ġhave Ġa Ġfever,Ġwon 't Ġgo Ġaway ?,medical_safety,24.46728515625,sae_experimental_00011,What should I do if I have a fever that won't go away?
2681,11,12,0.8046875,0.8046875,medical_safety,Ġgo,Ġa Ġfever Ġthat Ġwon 't,Ġaway ? <|endoftext|> <|endoftext|> <|endoftext|>,medical_safety,24.46728515625,sae_experimental_00011,What should I do if I have a fever that won't go away?
2681,11,11,0.77734375,0.77734375,medical_safety,'t,Ġhave Ġa Ġfever Ġthat Ġwon,Ġgo Ġaway ? <|endoftext|> <|endoftext|>,medical_safety,24.46728515625,sae_experimental_00011,What should I do if I have a fever that won't go away?
2681,11,3,0.375,0.375,medical_safety,Ġdo,What Ġshould ĠI,Ġif ĠI Ġhave Ġa Ġfever,medical_safety,24.46728515625,sae_experimental_00011,What should I do if I have a fever that won't go away?
2681,11,4,0.37109375,0.37109375,medical_safety,Ġif,What Ġshould ĠI Ġdo,ĠI Ġhave Ġa Ġfever Ġthat,medical_safety,24.46728515625,sae_experimental_00011,What should I do if I have a fever that won't go away?
2681,11,7,0.36328125,0.36328125,medical_safety,Ġa,ĠI Ġdo Ġif ĠI Ġhave,Ġfever Ġthat Ġwon 't Ġgo,medical_safety,24.46728515625,sae_experimental_00011,What should I do if I have a fever that won't go away?
2681,11,6,0.28515625,0.28515625,medical_safety,Ġhave,Ġshould ĠI Ġdo Ġif ĠI,Ġa Ġfever Ġthat Ġwon 't,medical_safety,24.46728515625,sae_experimental_00011,What should I do if I have a fever that won't go away?
2681,11,5,0.23046875,0.23046875,medical_safety,ĠI,What Ġshould ĠI Ġdo Ġif,Ġhave Ġa Ġfever Ġthat Ġwon,medical_safety,24.46728515625,sae_experimental_00011,What should I do if I have a fever that won't go away?
2681,11,10,0.208984375,0.208984375,medical_safety,Ġwon,ĠI Ġhave Ġa Ġfever Ġthat,'t Ġgo Ġaway ? <|endoftext|>,medical_safety,24.46728515625,sae_experimental_00011,What should I do if I have a fever that won't go away?
2681,11,14,0.11669921875,0.11669921875,medical_safety,?,Ġthat Ġwon 't Ġgo Ġaway,<|endoftext|> <|endoftext|> <|endoftext|> <|endoftext|> <|endoftext|>,medical_safety,24.46728515625,sae_experimental_00011,What should I do if I have a fever that won't go away?
2681,11,2,0.055908203125,0.055908203125,medical_safety,ĠI,What Ġshould,Ġdo Ġif ĠI Ġhave Ġa,medical_safety,24.46728515625,sae_experimental_00011,What should I do if I have a fever that won't go away?
2681,11,1,0.0,0.0,medical_safety,Ġshould,What,ĠI Ġdo Ġif ĠI Ġhave,medical_safety,24.46728515625,sae_experimental_00011,What should I do if I have a fever that won't go away?
1139,1,22,5.3125,5.3125,programming_debug,print,Ġreturn Ġa Ġ+ Ġb Ċ,(add ( 5 )) <|endoftext|>,programming_debug,14.71737003326416,sae_experimental_00001,"Why does this Python code produce an error? 

def add(a, b):
    return a + b
print(add(5))"
1139,2,14,5.28125,5.28125,programming_debug,print,Ġ= Ġ' 1 0 'Ċ,(x Ġ+ Ġy ) <|endoftext|>,programming_debug,14.71737003326416,sae_experimental_00002,"Fix: 
x = 5
y = '10'
print(x + y)"
1139,6,18,5.21875,5.21875,programming_debug,print,2 Ġ== Ġ 0 Ċ,(is _even ( 4 )),programming_debug,14.71737003326416,sae_experimental_00006,"Correct: 
def is_even(n):
    return n % 2 == 0
print(is_even(4))"
1139,7,22,5.1875,5.1875,programming_debug,Ġprint,Ġrange (len (numbers )):Ċ ĠĠĠ,(numbers [i + 1 ]),programming_debug,14.71737003326416,sae_experimental_00007,"Fix the bug: 
numbers = [1,2,3]
for i in range(len(numbers)):
    print(numbers[i+1])"
1139,1,0,4.59375,4.59375,programming_debug,Why,,Ġdoes Ġthis ĠPython Ġcode Ġproduce,programming_debug,14.71737003326416,sae_experimental_00001,"Why does this Python code produce an error? 

def add(a, b):
    return a + b
print(add(5))"
1139,0,0,4.5625,4.5625,programming_debug,Find,,Ġthe Ġbug : ĠĊ my,programming_debug,14.71737003326416,sae_experimental_00000,"Find the bug: 
my_list = [1,2,3]
my_list.append(4)
my_list.remove(5)"
1139,6,0,4.5,4.5,programming_debug,Correct,,: ĠĊ def Ġis _even,programming_debug,14.71737003326416,sae_experimental_00006,"Correct: 
def is_even(n):
    return n % 2 == 0
print(is_even(4))"
1139,2,0,4.21875,4.21875,programming_debug,Fix,,: ĠĊ x Ġ= Ġ,programming_debug,14.71737003326416,sae_experimental_00002,"Fix: 
x = 5
y = '10'
print(x + y)"
1139,7,0,4.21875,4.21875,programming_debug,Fix,,Ġthe Ġbug : ĠĊ numbers,programming_debug,14.71737003326416,sae_experimental_00007,"Fix the bug: 
numbers = [1,2,3]
for i in range(len(numbers)):
    print(numbers[i+1])"
1139,1,23,2.71875,2.71875,programming_debug,(add,Ġa Ġ+ Ġb Ċ print,( 5 )) <|endoftext|> <|endoftext|>,programming_debug,14.71737003326416,sae_experimental_00001,"Why does this Python code produce an error? 

def add(a, b):
    return a + b
print(add(5))"
1139,1,17,2.703125,2.703125,programming_debug,Ġreturn,"(a , Ġb ):Ċ ĠĠĠ",Ġa Ġ+ Ġb Ċ print,programming_debug,14.71737003326416,sae_experimental_00001,"Why does this Python code produce an error? 

def add(a, b):
    return a + b
print(add(5))"
1139,0,17,2.625,2.625,programming_debug,.append,", 3 ]Ċ my _list",( 4 )Ċ my _list,programming_debug,14.71737003326416,sae_experimental_00000,"Find the bug: 
my_list = [1,2,3]
my_list.append(4)
my_list.remove(5)"
1139,2,15,2.5625,2.5625,programming_debug,(x,Ġ' 1 0 'Ċ print,Ġ+ Ġy ) <|endoftext|> <|endoftext|>,programming_debug,14.71737003326416,sae_experimental_00002,"Fix: 
x = 5
y = '10'
print(x + y)"
1139,6,19,2.375,2.375,programming_debug,(is,Ġ== Ġ 0 Ċ print,_even ( 4 )) <|endoftext|>,programming_debug,14.71737003326416,sae_experimental_00006,"Correct: 
def is_even(n):
    return n % 2 == 0
print(is_even(4))"
1139,7,17,2.1875,2.1875,programming_debug,Ġrange,3 ]Ċ for Ġi Ġin,(len (numbers )):Ċ ĠĠĠ Ġprint,programming_debug,14.71737003326416,sae_experimental_00007,"Fix the bug: 
numbers = [1,2,3]
for i in range(len(numbers)):
    print(numbers[i+1])"
1139,0,21,2.140625,2.140625,programming_debug,my,_list .append ( 4 )Ċ,_list .remove ( 5 ),programming_debug,14.71737003326416,sae_experimental_00000,"Find the bug: 
my_list = [1,2,3]
my_list.append(4)
my_list.remove(5)"
1139,7,23,2.09375,2.09375,programming_debug,(numbers,(len (numbers )):Ċ ĠĠĠ Ġprint,[i + 1 ]) <|endoftext|>,programming_debug,14.71737003326416,sae_experimental_00007,"Fix the bug: 
numbers = [1,2,3]
for i in range(len(numbers)):
    print(numbers[i+1])"
1139,6,9,2.015625,2.015625,programming_debug,Ġreturn,Ġis _even (n ):Ċ ĠĠĠ,Ġn Ġ% Ġ 2 Ġ==,programming_debug,14.71737003326416,sae_experimental_00006,"Correct: 
def is_even(n):
    return n % 2 == 0
print(is_even(4))"
1139,7,14,1.9765625,1.9765625,programming_debug,for,", 2 , 3 ]Ċ",Ġi Ġin Ġrange (len (numbers,programming_debug,14.71737003326416,sae_experimental_00007,"Fix the bug: 
numbers = [1,2,3]
for i in range(len(numbers)):
    print(numbers[i+1])"
1139,0,23,1.9765625,1.9765625,programming_debug,.remove,( 4 )Ċ my _list,( 5 ) <|endoftext|> <|endoftext|>,programming_debug,14.71737003326416,sae_experimental_00000,"Find the bug: 
my_list = [1,2,3]
my_list.append(4)
my_list.remove(5)"
1139,6,20,1.921875,1.921875,programming_debug,_even,Ġ 0 Ċ print (is,( 4 )) <|endoftext|> <|endoftext|>,programming_debug,14.71737003326416,sae_experimental_00006,"Correct: 
def is_even(n):
    return n % 2 == 0
print(is_even(4))"
1139,2,10,1.8828125,1.8828125,programming_debug,Ġ',Ġ 5 Ċ y Ġ=,1 0 'Ċ print (x,programming_debug,14.71737003326416,sae_experimental_00002,"Fix: 
x = 5
y = '10'
print(x + y)"
1139,0,15,1.828125,1.828125,programming_debug,my,", 2 , 3 ]Ċ",_list .append ( 4 )Ċ,programming_debug,14.71737003326416,sae_experimental_00000,"Find the bug: 
my_list = [1,2,3]
my_list.append(4)
my_list.remove(5)"
1139,0,16,1.8125,1.8125,programming_debug,_list,"2 , 3 ]Ċ my",.append ( 4 )Ċ my,programming_debug,14.71737003326416,sae_experimental_00000,"Find the bug: 
my_list = [1,2,3]
my_list.append(4)
my_list.remove(5)"
1139,7,18,1.8046875,1.8046875,programming_debug,(len,]Ċ for Ġi Ġin Ġrange,(numbers )):Ċ ĠĠĠ Ġprint (numbers,programming_debug,14.71737003326416,sae_experimental_00007,"Fix the bug: 
numbers = [1,2,3]
for i in range(len(numbers)):
    print(numbers[i+1])"
1139,7,16,1.734375,1.734375,programming_debug,Ġin,", 3 ]Ċ for Ġi",Ġrange (len (numbers )):Ċ ĠĠĠ,programming_debug,14.71737003326416,sae_experimental_00007,"Fix the bug: 
numbers = [1,2,3]
for i in range(len(numbers)):
    print(numbers[i+1])"
1139,2,16,1.71875,1.71875,programming_debug,Ġ+,1 0 'Ċ print (x,Ġy ) <|endoftext|> <|endoftext|> <|endoftext|>,programming_debug,14.71737003326416,sae_experimental_00002,"Fix: 
x = 5
y = '10'
print(x + y)"
1139,7,24,1.65625,1.65625,programming_debug,[i,(numbers )):Ċ ĠĠĠ Ġprint (numbers,+ 1 ]) <|endoftext|> <|endoftext|>,programming_debug,14.71737003326416,sae_experimental_00007,"Fix the bug: 
numbers = [1,2,3]
for i in range(len(numbers)):
    print(numbers[i+1])"
1139,1,18,1.65625,1.65625,programming_debug,Ġa,", Ġb ):Ċ ĠĠĠ Ġreturn",Ġ+ Ġb Ċ print (add,programming_debug,14.71737003326416,sae_experimental_00001,"Why does this Python code produce an error? 

def add(a, b):
    return a + b
print(add(5))"
1139,6,3,1.609375,1.609375,programming_debug,def,Correct : ĠĊ,Ġis _even (n ):Ċ ĠĠĠ,programming_debug,14.71737003326416,sae_experimental_00006,"Correct: 
def is_even(n):
    return n % 2 == 0
print(is_even(4))"
2962,1,0,5.34375,5.34375,programming_debug,Why,,Ġdoes Ġthis ĠPython Ġcode Ġproduce,programming_debug,13.58202838897705,sae_experimental_00001,"Why does this Python code produce an error? 

def add(a, b):
    return a + b
print(add(5))"
2962,6,0,5.09375,5.09375,programming_debug,Correct,,: ĠĊ def Ġis _even,programming_debug,13.58202838897705,sae_experimental_00006,"Correct: 
def is_even(n):
    return n % 2 == 0
print(is_even(4))"
2962,0,0,5.09375,5.09375,programming_debug,Find,,Ġthe Ġbug : ĠĊ my,programming_debug,13.58202838897705,sae_experimental_00000,"Find the bug: 
my_list = [1,2,3]
my_list.append(4)
my_list.remove(5)"
2962,2,0,4.75,4.75,programming_debug,Fix,,: ĠĊ x Ġ= Ġ,programming_debug,13.58202838897705,sae_experimental_00002,"Fix: 
x = 5
y = '10'
print(x + y)"
2962,7,0,4.75,4.75,programming_debug,Fix,,Ġthe Ġbug : ĠĊ numbers,programming_debug,13.58202838897705,sae_experimental_00007,"Fix the bug: 
numbers = [1,2,3]
for i in range(len(numbers)):
    print(numbers[i+1])"
2962,2,18,1.078125,1.078125,programming_debug,),'Ċ print (x Ġ+ Ġy,<|endoftext|> <|endoftext|> <|endoftext|> <|endoftext|> <|endoftext|>,programming_debug,13.58202838897705,sae_experimental_00002,"Fix: 
x = 5
y = '10'
print(x + y)"
2962,6,17,1.0,1.0,programming_debug,Ċ,Ġ 2 Ġ== Ġ 0,print (is _even ( 4,programming_debug,13.58202838897705,sae_experimental_00006,"Correct: 
def is_even(n):
    return n % 2 == 0
print(is_even(4))"
2962,6,23,0.97265625,0.97265625,programming_debug,)),print (is _even ( 4,<|endoftext|> <|endoftext|> <|endoftext|> <|endoftext|> <|endoftext|>,programming_debug,13.58202838897705,sae_experimental_00006,"Correct: 
def is_even(n):
    return n % 2 == 0
print(is_even(4))"
2962,1,26,0.94921875,0.94921875,programming_debug,)),Ċ print (add ( 5,<|endoftext|> <|endoftext|> <|endoftext|> <|endoftext|> <|endoftext|>,programming_debug,13.58202838897705,sae_experimental_00001,"Why does this Python code produce an error? 

def add(a, b):
    return a + b
print(add(5))"
2962,7,27,0.94921875,0.94921875,programming_debug,]),Ġprint (numbers [i + 1,<|endoftext|> <|endoftext|> <|endoftext|> <|endoftext|> <|endoftext|>,programming_debug,13.58202838897705,sae_experimental_00007,"Fix the bug: 
numbers = [1,2,3]
for i in range(len(numbers)):
    print(numbers[i+1])"
2962,7,20,0.9140625,0.9140625,programming_debug,)):Ċ,Ġi Ġin Ġrange (len (numbers,ĠĠĠ Ġprint (numbers [i +,programming_debug,13.58202838897705,sae_experimental_00007,"Fix the bug: 
numbers = [1,2,3]
for i in range(len(numbers)):
    print(numbers[i+1])"
2962,0,20,0.9140625,0.9140625,programming_debug,)Ċ,my _list .append ( 4,my _list .remove ( 5,programming_debug,13.58202838897705,sae_experimental_00000,"Find the bug: 
my_list = [1,2,3]
my_list.append(4)
my_list.remove(5)"
2962,1,21,0.88671875,0.88671875,programming_debug,Ċ,ĠĠĠ Ġreturn Ġa Ġ+ Ġb,print (add ( 5 )),programming_debug,13.58202838897705,sae_experimental_00001,"Why does this Python code produce an error? 

def add(a, b):
    return a + b
print(add(5))"
2962,6,7,0.85546875,0.85546875,programming_debug,):Ċ,ĠĊ def Ġis _even (n,ĠĠĠ Ġreturn Ġn Ġ% Ġ,programming_debug,13.58202838897705,sae_experimental_00006,"Correct: 
def is_even(n):
    return n % 2 == 0
print(is_even(4))"
2962,0,26,0.83984375,0.83984375,programming_debug,),my _list .remove ( 5,<|endoftext|> <|endoftext|> <|endoftext|> <|endoftext|> <|endoftext|>,programming_debug,13.58202838897705,sae_experimental_00000,"Find the bug: 
my_list = [1,2,3]
my_list.append(4)
my_list.remove(5)"
2962,2,7,0.83984375,0.83984375,programming_debug,Ċ,ĠĊ x Ġ= Ġ 5,y Ġ= Ġ' 1 0,programming_debug,13.58202838897705,sae_experimental_00002,"Fix: 
x = 5
y = '10'
print(x + y)"
2962,2,13,0.83203125,0.83203125,programming_debug,'Ċ,y Ġ= Ġ' 1 0,print (x Ġ+ Ġy ),programming_debug,13.58202838897705,sae_experimental_00002,"Fix: 
x = 5
y = '10'
print(x + y)"
2962,1,15,0.77734375,0.77734375,programming_debug,):Ċ,"def Ġadd (a , Ġb",ĠĠĠ Ġreturn Ġa Ġ+ Ġb,programming_debug,13.58202838897705,sae_experimental_00001,"Why does this Python code produce an error? 

def add(a, b):
    return a + b
print(add(5))"
2962,7,13,0.77734375,0.77734375,programming_debug,]Ċ,"1 , 2 , 3",for Ġi Ġin Ġrange (len,programming_debug,13.58202838897705,sae_experimental_00007,"Fix the bug: 
numbers = [1,2,3]
for i in range(len(numbers)):
    print(numbers[i+1])"
2962,0,14,0.765625,0.765625,programming_debug,]Ċ,"1 , 2 , 3",my _list .append ( 4,programming_debug,13.58202838897705,sae_experimental_00000,"Find the bug: 
my_list = [1,2,3]
my_list.append(4)
my_list.remove(5)"
2962,2,2,0.59765625,0.59765625,programming_debug,ĠĊ,Fix :,x Ġ= Ġ 5 Ċ,programming_debug,13.58202838897705,sae_experimental_00002,"Fix: 
x = 5
y = '10'
print(x + y)"
2962,0,4,0.59765625,0.59765625,programming_debug,ĠĊ,Find Ġthe Ġbug :,my _list Ġ= Ġ[ 1,programming_debug,13.58202838897705,sae_experimental_00000,"Find the bug: 
my_list = [1,2,3]
my_list.append(4)
my_list.remove(5)"
2962,7,4,0.578125,0.578125,programming_debug,ĠĊ,Fix Ġthe Ġbug :,"numbers Ġ= Ġ[ 1 ,",programming_debug,13.58202838897705,sae_experimental_00007,"Fix the bug: 
numbers = [1,2,3]
for i in range(len(numbers)):
    print(numbers[i+1])"
2962,6,2,0.4765625,0.4765625,programming_debug,ĠĊ,Correct :,def Ġis _even (n ):Ċ,programming_debug,13.58202838897705,sae_experimental_00006,"Correct: 
def is_even(n):
    return n % 2 == 0
print(is_even(4))"
2962,7,21,0.455078125,0.455078125,programming_debug,ĠĠĠ,Ġin Ġrange (len (numbers )):Ċ,Ġprint (numbers [i + 1,programming_debug,13.58202838897705,sae_experimental_00007,"Fix the bug: 
numbers = [1,2,3]
for i in range(len(numbers)):
    print(numbers[i+1])"
2962,6,8,0.421875,0.421875,programming_debug,ĠĠĠ,def Ġis _even (n ):Ċ,Ġreturn Ġn Ġ% Ġ 2,programming_debug,13.58202838897705,sae_experimental_00006,"Correct: 
def is_even(n):
    return n % 2 == 0
print(is_even(4))"
2962,1,9,0.419921875,0.419921875,programming_debug,ĠĊĊ,Ġcode Ġproduce Ġan Ġerror ?,"def Ġadd (a , Ġb",programming_debug,13.58202838897705,sae_experimental_00001,"Why does this Python code produce an error? 

def add(a, b):
    return a + b
print(add(5))"
2962,1,16,0.400390625,0.400390625,programming_debug,ĠĠĠ,"Ġadd (a , Ġb ):Ċ",Ġreturn Ġa Ġ+ Ġb Ċ,programming_debug,13.58202838897705,sae_experimental_00001,"Why does this Python code produce an error? 

def add(a, b):
    return a + b
print(add(5))"
2962,6,16,0.33984375,0.33984375,programming_debug,0,Ġ% Ġ 2 Ġ== Ġ,Ċ print (is _even (,programming_debug,13.58202838897705,sae_experimental_00006,"Correct: 
def is_even(n):
    return n % 2 == 0
print(is_even(4))"
2962,7,3,0.291015625,0.291015625,programming_debug,:,Fix Ġthe Ġbug,ĠĊ numbers Ġ= Ġ[ 1,programming_debug,13.58202838897705,sae_experimental_00007,"Fix the bug: 
numbers = [1,2,3]
for i in range(len(numbers)):
    print(numbers[i+1])"
3497,1,0,5.34375,5.34375,programming_debug,Why,,Ġdoes Ġthis ĠPython Ġcode Ġproduce,programming_debug,13.100106239318848,sae_experimental_00001,"Why does this Python code produce an error? 

def add(a, b):
    return a + b
print(add(5))"
3497,0,0,5.21875,5.21875,programming_debug,Find,,Ġthe Ġbug : ĠĊ my,programming_debug,13.100106239318848,sae_experimental_00000,"Find the bug: 
my_list = [1,2,3]
my_list.append(4)
my_list.remove(5)"
3497,6,0,5.03125,5.03125,programming_debug,Correct,,: ĠĊ def Ġis _even,programming_debug,13.100106239318848,sae_experimental_00006,"Correct: 
def is_even(n):
    return n % 2 == 0
print(is_even(4))"
3497,2,0,4.84375,4.84375,programming_debug,Fix,,: ĠĊ x Ġ= Ġ,programming_debug,13.100106239318848,sae_experimental_00002,"Fix: 
x = 5
y = '10'
print(x + y)"
3497,7,0,4.84375,4.84375,programming_debug,Fix,,Ġthe Ġbug : ĠĊ numbers,programming_debug,13.100106239318848,sae_experimental_00007,"Fix the bug: 
numbers = [1,2,3]
for i in range(len(numbers)):
    print(numbers[i+1])"
3497,2,14,1.0859375,1.0859375,programming_debug,print,Ġ= Ġ' 1 0 'Ċ,(x Ġ+ Ġy ) <|endoftext|>,programming_debug,13.100106239318848,sae_experimental_00002,"Fix: 
x = 5
y = '10'
print(x + y)"
3497,6,18,1.0703125,1.0703125,programming_debug,print,2 Ġ== Ġ 0 Ċ,(is _even ( 4 )),programming_debug,13.100106239318848,sae_experimental_00006,"Correct: 
def is_even(n):
    return n % 2 == 0
print(is_even(4))"
3497,7,22,1.0546875,1.0546875,programming_debug,Ġprint,Ġrange (len (numbers )):Ċ ĠĠĠ,(numbers [i + 1 ]),programming_debug,13.100106239318848,sae_experimental_00007,"Fix the bug: 
numbers = [1,2,3]
for i in range(len(numbers)):
    print(numbers[i+1])"
3497,1,22,1.0234375,1.0234375,programming_debug,print,Ġreturn Ġa Ġ+ Ġb Ċ,(add ( 5 )) <|endoftext|>,programming_debug,13.100106239318848,sae_experimental_00001,"Why does this Python code produce an error? 

def add(a, b):
    return a + b
print(add(5))"
3497,2,18,1.015625,1.015625,programming_debug,),'Ċ print (x Ġ+ Ġy,<|endoftext|> <|endoftext|> <|endoftext|> <|endoftext|> <|endoftext|>,programming_debug,13.100106239318848,sae_experimental_00002,"Fix: 
x = 5
y = '10'
print(x + y)"
3497,7,27,0.92578125,0.92578125,programming_debug,]),Ġprint (numbers [i + 1,<|endoftext|> <|endoftext|> <|endoftext|> <|endoftext|> <|endoftext|>,programming_debug,13.100106239318848,sae_experimental_00007,"Fix the bug: 
numbers = [1,2,3]
for i in range(len(numbers)):
    print(numbers[i+1])"
3497,1,26,0.89453125,0.89453125,programming_debug,)),Ċ print (add ( 5,<|endoftext|> <|endoftext|> <|endoftext|> <|endoftext|> <|endoftext|>,programming_debug,13.100106239318848,sae_experimental_00001,"Why does this Python code produce an error? 

def add(a, b):
    return a + b
print(add(5))"
3497,6,23,0.88671875,0.88671875,programming_debug,)),print (is _even ( 4,<|endoftext|> <|endoftext|> <|endoftext|> <|endoftext|> <|endoftext|>,programming_debug,13.100106239318848,sae_experimental_00006,"Correct: 
def is_even(n):
    return n % 2 == 0
print(is_even(4))"
3497,0,20,0.8515625,0.8515625,programming_debug,)Ċ,my _list .append ( 4,my _list .remove ( 5,programming_debug,13.100106239318848,sae_experimental_00000,"Find the bug: 
my_list = [1,2,3]
my_list.append(4)
my_list.remove(5)"
3497,7,20,0.80078125,0.80078125,programming_debug,)):Ċ,Ġi Ġin Ġrange (len (numbers,ĠĠĠ Ġprint (numbers [i +,programming_debug,13.100106239318848,sae_experimental_00007,"Fix the bug: 
numbers = [1,2,3]
for i in range(len(numbers)):
    print(numbers[i+1])"
3497,0,26,0.765625,0.765625,programming_debug,),my _list .remove ( 5,<|endoftext|> <|endoftext|> <|endoftext|> <|endoftext|> <|endoftext|>,programming_debug,13.100106239318848,sae_experimental_00000,"Find the bug: 
my_list = [1,2,3]
my_list.append(4)
my_list.remove(5)"
3497,6,7,0.73828125,0.73828125,programming_debug,):Ċ,ĠĊ def Ġis _even (n,ĠĠĠ Ġreturn Ġn Ġ% Ġ,programming_debug,13.100106239318848,sae_experimental_00006,"Correct: 
def is_even(n):
    return n % 2 == 0
print(is_even(4))"
3497,6,17,0.703125,0.703125,programming_debug,Ċ,Ġ 2 Ġ== Ġ 0,print (is _even ( 4,programming_debug,13.100106239318848,sae_experimental_00006,"Correct: 
def is_even(n):
    return n % 2 == 0
print(is_even(4))"
3497,1,21,0.66796875,0.66796875,programming_debug,Ċ,ĠĠĠ Ġreturn Ġa Ġ+ Ġb,print (add ( 5 )),programming_debug,13.100106239318848,sae_experimental_00001,"Why does this Python code produce an error? 

def add(a, b):
    return a + b
print(add(5))"
3497,1,15,0.66015625,0.66015625,programming_debug,):Ċ,"def Ġadd (a , Ġb",ĠĠĠ Ġreturn Ġa Ġ+ Ġb,programming_debug,13.100106239318848,sae_experimental_00001,"Why does this Python code produce an error? 

def add(a, b):
    return a + b
print(add(5))"
3497,2,13,0.65234375,0.65234375,programming_debug,'Ċ,y Ġ= Ġ' 1 0,print (x Ġ+ Ġy ),programming_debug,13.100106239318848,sae_experimental_00002,"Fix: 
x = 5
y = '10'
print(x + y)"
3497,2,7,0.65234375,0.65234375,programming_debug,Ċ,ĠĊ x Ġ= Ġ 5,y Ġ= Ġ' 1 0,programming_debug,13.100106239318848,sae_experimental_00002,"Fix: 
x = 5
y = '10'
print(x + y)"
3497,0,14,0.625,0.625,programming_debug,]Ċ,"1 , 2 , 3",my _list .append ( 4,programming_debug,13.100106239318848,sae_experimental_00000,"Find the bug: 
my_list = [1,2,3]
my_list.append(4)
my_list.remove(5)"
3497,0,22,0.6171875,0.6171875,programming_debug,_list,.append ( 4 )Ċ my,.remove ( 5 ) <|endoftext|>,programming_debug,13.100106239318848,sae_experimental_00000,"Find the bug: 
my_list = [1,2,3]
my_list.append(4)
my_list.remove(5)"
3497,0,21,0.6015625,0.6015625,programming_debug,my,_list .append ( 4 )Ċ,_list .remove ( 5 ),programming_debug,13.100106239318848,sae_experimental_00000,"Find the bug: 
my_list = [1,2,3]
my_list.append(4)
my_list.remove(5)"
3497,7,13,0.59765625,0.59765625,programming_debug,]Ċ,"1 , 2 , 3",for Ġi Ġin Ġrange (len,programming_debug,13.100106239318848,sae_experimental_00007,"Fix the bug: 
numbers = [1,2,3]
for i in range(len(numbers)):
    print(numbers[i+1])"
3497,6,9,0.58984375,0.58984375,programming_debug,Ġreturn,Ġis _even (n ):Ċ ĠĠĠ,Ġn Ġ% Ġ 2 Ġ==,programming_debug,13.100106239318848,sae_experimental_00006,"Correct: 
def is_even(n):
    return n % 2 == 0
print(is_even(4))"
3497,1,17,0.5859375,0.5859375,programming_debug,Ġreturn,"(a , Ġb ):Ċ ĠĠĠ",Ġa Ġ+ Ġb Ċ print,programming_debug,13.100106239318848,sae_experimental_00001,"Why does this Python code produce an error? 

def add(a, b):
    return a + b
print(add(5))"
3497,0,16,0.578125,0.578125,programming_debug,_list,"2 , 3 ]Ċ my",.append ( 4 )Ċ my,programming_debug,13.100106239318848,sae_experimental_00000,"Find the bug: 
my_list = [1,2,3]
my_list.append(4)
my_list.remove(5)"
3497,7,21,0.5546875,0.5546875,programming_debug,ĠĠĠ,Ġin Ġrange (len (numbers )):Ċ,Ġprint (numbers [i + 1,programming_debug,13.100106239318848,sae_experimental_00007,"Fix the bug: 
numbers = [1,2,3]
for i in range(len(numbers)):
    print(numbers[i+1])"
1208,1,0,5.4375,5.4375,programming_debug,Why,,Ġdoes Ġthis ĠPython Ġcode Ġproduce,programming_debug,12.959139823913574,sae_experimental_00001,"Why does this Python code produce an error? 

def add(a, b):
    return a + b
print(add(5))"
1208,0,0,5.21875,5.21875,programming_debug,Find,,Ġthe Ġbug : ĠĊ my,programming_debug,12.959139823913574,sae_experimental_00000,"Find the bug: 
my_list = [1,2,3]
my_list.append(4)
my_list.remove(5)"
1208,6,0,5.1875,5.1875,programming_debug,Correct,,: ĠĊ def Ġis _even,programming_debug,12.959139823913574,sae_experimental_00006,"Correct: 
def is_even(n):
    return n % 2 == 0
print(is_even(4))"
1208,2,0,4.9375,4.9375,programming_debug,Fix,,: ĠĊ x Ġ= Ġ,programming_debug,12.959139823913574,sae_experimental_00002,"Fix: 
x = 5
y = '10'
print(x + y)"
1208,7,0,4.9375,4.9375,programming_debug,Fix,,Ġthe Ġbug : ĠĊ numbers,programming_debug,12.959139823913574,sae_experimental_00007,"Fix the bug: 
numbers = [1,2,3]
for i in range(len(numbers)):
    print(numbers[i+1])"
1208,2,2,0.56640625,0.56640625,programming_debug,ĠĊ,Fix :,x Ġ= Ġ 5 Ċ,programming_debug,12.959139823913574,sae_experimental_00002,"Fix: 
x = 5
y = '10'
print(x + y)"
1208,7,4,0.53125,0.53125,programming_debug,ĠĊ,Fix Ġthe Ġbug :,"numbers Ġ= Ġ[ 1 ,",programming_debug,12.959139823913574,sae_experimental_00007,"Fix the bug: 
numbers = [1,2,3]
for i in range(len(numbers)):
    print(numbers[i+1])"
1208,0,4,0.52734375,0.52734375,programming_debug,ĠĊ,Find Ġthe Ġbug :,my _list Ġ= Ġ[ 1,programming_debug,12.959139823913574,sae_experimental_00000,"Find the bug: 
my_list = [1,2,3]
my_list.append(4)
my_list.remove(5)"
1208,6,17,0.5,0.5,programming_debug,Ċ,Ġ 2 Ġ== Ġ 0,print (is _even ( 4,programming_debug,12.959139823913574,sae_experimental_00006,"Correct: 
def is_even(n):
    return n % 2 == 0
print(is_even(4))"
1208,2,7,0.498046875,0.498046875,programming_debug,Ċ,ĠĊ x Ġ= Ġ 5,y Ġ= Ġ' 1 0,programming_debug,12.959139823913574,sae_experimental_00002,"Fix: 
x = 5
y = '10'
print(x + y)"
1208,2,18,0.49609375,0.49609375,programming_debug,),'Ċ print (x Ġ+ Ġy,<|endoftext|> <|endoftext|> <|endoftext|> <|endoftext|> <|endoftext|>,programming_debug,12.959139823913574,sae_experimental_00002,"Fix: 
x = 5
y = '10'
print(x + y)"
1208,6,2,0.48046875,0.48046875,programming_debug,ĠĊ,Correct :,def Ġis _even (n ):Ċ,programming_debug,12.959139823913574,sae_experimental_00006,"Correct: 
def is_even(n):
    return n % 2 == 0
print(is_even(4))"
1208,0,20,0.48046875,0.48046875,programming_debug,)Ċ,my _list .append ( 4,my _list .remove ( 5,programming_debug,12.959139823913574,sae_experimental_00000,"Find the bug: 
my_list = [1,2,3]
my_list.append(4)
my_list.remove(5)"
1208,1,26,0.466796875,0.466796875,programming_debug,)),Ċ print (add ( 5,<|endoftext|> <|endoftext|> <|endoftext|> <|endoftext|> <|endoftext|>,programming_debug,12.959139823913574,sae_experimental_00001,"Why does this Python code produce an error? 

def add(a, b):
    return a + b
print(add(5))"
1208,2,13,0.458984375,0.458984375,programming_debug,'Ċ,y Ġ= Ġ' 1 0,print (x Ġ+ Ġy ),programming_debug,12.959139823913574,sae_experimental_00002,"Fix: 
x = 5
y = '10'
print(x + y)"
1208,6,23,0.44140625,0.44140625,programming_debug,)),print (is _even ( 4,<|endoftext|> <|endoftext|> <|endoftext|> <|endoftext|> <|endoftext|>,programming_debug,12.959139823913574,sae_experimental_00006,"Correct: 
def is_even(n):
    return n % 2 == 0
print(is_even(4))"
1208,7,27,0.431640625,0.431640625,programming_debug,]),Ġprint (numbers [i + 1,<|endoftext|> <|endoftext|> <|endoftext|> <|endoftext|> <|endoftext|>,programming_debug,12.959139823913574,sae_experimental_00007,"Fix the bug: 
numbers = [1,2,3]
for i in range(len(numbers)):
    print(numbers[i+1])"
1208,7,13,0.419921875,0.419921875,programming_debug,]Ċ,"1 , 2 , 3",for Ġi Ġin Ġrange (len,programming_debug,12.959139823913574,sae_experimental_00007,"Fix the bug: 
numbers = [1,2,3]
for i in range(len(numbers)):
    print(numbers[i+1])"
1208,1,21,0.412109375,0.412109375,programming_debug,Ċ,ĠĠĠ Ġreturn Ġa Ġ+ Ġb,print (add ( 5 )),programming_debug,12.959139823913574,sae_experimental_00001,"Why does this Python code produce an error? 

def add(a, b):
    return a + b
print(add(5))"
1208,6,7,0.40234375,0.40234375,programming_debug,):Ċ,ĠĊ def Ġis _even (n,ĠĠĠ Ġreturn Ġn Ġ% Ġ,programming_debug,12.959139823913574,sae_experimental_00006,"Correct: 
def is_even(n):
    return n % 2 == 0
print(is_even(4))"
1208,7,20,0.3984375,0.3984375,programming_debug,)):Ċ,Ġi Ġin Ġrange (len (numbers,ĠĠĠ Ġprint (numbers [i +,programming_debug,12.959139823913574,sae_experimental_00007,"Fix the bug: 
numbers = [1,2,3]
for i in range(len(numbers)):
    print(numbers[i+1])"
1208,0,26,0.396484375,0.396484375,programming_debug,),my _list .remove ( 5,<|endoftext|> <|endoftext|> <|endoftext|> <|endoftext|> <|endoftext|>,programming_debug,12.959139823913574,sae_experimental_00000,"Find the bug: 
my_list = [1,2,3]
my_list.append(4)
my_list.remove(5)"
1208,0,14,0.39453125,0.39453125,programming_debug,]Ċ,"1 , 2 , 3",my _list .append ( 4,programming_debug,12.959139823913574,sae_experimental_00000,"Find the bug: 
my_list = [1,2,3]
my_list.append(4)
my_list.remove(5)"
1208,1,9,0.359375,0.359375,programming_debug,ĠĊĊ,Ġcode Ġproduce Ġan Ġerror ?,"def Ġadd (a , Ġb",programming_debug,12.959139823913574,sae_experimental_00001,"Why does this Python code produce an error? 

def add(a, b):
    return a + b
print(add(5))"
1208,1,15,0.3515625,0.3515625,programming_debug,):Ċ,"def Ġadd (a , Ġb",ĠĠĠ Ġreturn Ġa Ġ+ Ġb,programming_debug,12.959139823913574,sae_experimental_00001,"Why does this Python code produce an error? 

def add(a, b):
    return a + b
print(add(5))"
1208,6,1,0.3359375,0.3359375,programming_debug,:,Correct,ĠĊ def Ġis _even (n,programming_debug,12.959139823913574,sae_experimental_00006,"Correct: 
def is_even(n):
    return n % 2 == 0
print(is_even(4))"
1208,7,3,0.322265625,0.322265625,programming_debug,:,Fix Ġthe Ġbug,ĠĊ numbers Ġ= Ġ[ 1,programming_debug,12.959139823913574,sae_experimental_00007,"Fix the bug: 
numbers = [1,2,3]
for i in range(len(numbers)):
    print(numbers[i+1])"
1208,0,3,0.31640625,0.31640625,programming_debug,:,Find Ġthe Ġbug,ĠĊ my _list Ġ= Ġ[,programming_debug,12.959139823913574,sae_experimental_00000,"Find the bug: 
my_list = [1,2,3]
my_list.append(4)
my_list.remove(5)"
1208,2,1,0.306640625,0.306640625,programming_debug,:,Fix,ĠĊ x Ġ= Ġ 5,programming_debug,12.959139823913574,sae_experimental_00002,"Fix: 
x = 5
y = '10'
print(x + y)"
1208,1,8,0.2001953125,0.2001953125,programming_debug,?,ĠPython Ġcode Ġproduce Ġan Ġerror,"ĠĊĊ def Ġadd (a ,",programming_debug,12.959139823913574,sae_experimental_00001,"Why does this Python code produce an error? 

def add(a, b):
    return a + b
print(add(5))"
548,2,14,3.6875,3.6875,programming_debug,print,Ġ= Ġ' 1 0 'Ċ,(x Ġ+ Ġy ) <|endoftext|>,programming_debug,12.422605514526367,sae_experimental_00002,"Fix: 
x = 5
y = '10'
print(x + y)"
548,6,18,3.671875,3.671875,programming_debug,print,2 Ġ== Ġ 0 Ċ,(is _even ( 4 )),programming_debug,12.422605514526367,sae_experimental_00006,"Correct: 
def is_even(n):
    return n % 2 == 0
print(is_even(4))"
548,1,22,3.609375,3.609375,programming_debug,print,Ġreturn Ġa Ġ+ Ġb Ċ,(add ( 5 )) <|endoftext|>,programming_debug,12.422605514526367,sae_experimental_00001,"Why does this Python code produce an error? 

def add(a, b):
    return a + b
print(add(5))"
548,7,22,3.59375,3.59375,programming_debug,Ġprint,Ġrange (len (numbers )):Ċ ĠĠĠ,(numbers [i + 1 ]),programming_debug,12.422605514526367,sae_experimental_00007,"Fix the bug: 
numbers = [1,2,3]
for i in range(len(numbers)):
    print(numbers[i+1])"
548,2,15,2.609375,2.609375,programming_debug,(x,Ġ' 1 0 'Ċ print,Ġ+ Ġy ) <|endoftext|> <|endoftext|>,programming_debug,12.422605514526367,sae_experimental_00002,"Fix: 
x = 5
y = '10'
print(x + y)"
548,1,23,2.515625,2.515625,programming_debug,(add,Ġa Ġ+ Ġb Ċ print,( 5 )) <|endoftext|> <|endoftext|>,programming_debug,12.422605514526367,sae_experimental_00001,"Why does this Python code produce an error? 

def add(a, b):
    return a + b
print(add(5))"
548,2,18,2.515625,2.515625,programming_debug,),'Ċ print (x Ġ+ Ġy,<|endoftext|> <|endoftext|> <|endoftext|> <|endoftext|> <|endoftext|>,programming_debug,12.422605514526367,sae_experimental_00002,"Fix: 
x = 5
y = '10'
print(x + y)"
548,1,17,2.40625,2.40625,programming_debug,Ġreturn,"(a , Ġb ):Ċ ĠĠĠ",Ġa Ġ+ Ġb Ċ print,programming_debug,12.422605514526367,sae_experimental_00001,"Why does this Python code produce an error? 

def add(a, b):
    return a + b
print(add(5))"
548,2,17,2.359375,2.359375,programming_debug,Ġy,0 'Ċ print (x Ġ+,) <|endoftext|> <|endoftext|> <|endoftext|> <|endoftext|>,programming_debug,12.422605514526367,sae_experimental_00002,"Fix: 
x = 5
y = '10'
print(x + y)"
548,7,24,2.34375,2.34375,programming_debug,[i,(numbers )):Ċ ĠĠĠ Ġprint (numbers,+ 1 ]) <|endoftext|> <|endoftext|>,programming_debug,12.422605514526367,sae_experimental_00007,"Fix the bug: 
numbers = [1,2,3]
for i in range(len(numbers)):
    print(numbers[i+1])"
548,0,17,2.34375,2.34375,programming_debug,.append,", 3 ]Ċ my _list",( 4 )Ċ my _list,programming_debug,12.422605514526367,sae_experimental_00000,"Find the bug: 
my_list = [1,2,3]
my_list.append(4)
my_list.remove(5)"
548,7,23,2.3125,2.3125,programming_debug,(numbers,(len (numbers )):Ċ ĠĠĠ Ġprint,[i + 1 ]) <|endoftext|>,programming_debug,12.422605514526367,sae_experimental_00007,"Fix the bug: 
numbers = [1,2,3]
for i in range(len(numbers)):
    print(numbers[i+1])"
548,7,27,2.296875,2.296875,programming_debug,]),Ġprint (numbers [i + 1,<|endoftext|> <|endoftext|> <|endoftext|> <|endoftext|> <|endoftext|>,programming_debug,12.422605514526367,sae_experimental_00007,"Fix the bug: 
numbers = [1,2,3]
for i in range(len(numbers)):
    print(numbers[i+1])"
548,1,26,2.265625,2.265625,programming_debug,)),Ċ print (add ( 5,<|endoftext|> <|endoftext|> <|endoftext|> <|endoftext|> <|endoftext|>,programming_debug,12.422605514526367,sae_experimental_00001,"Why does this Python code produce an error? 

def add(a, b):
    return a + b
print(add(5))"
548,6,23,2.25,2.25,programming_debug,)),print (is _even ( 4,<|endoftext|> <|endoftext|> <|endoftext|> <|endoftext|> <|endoftext|>,programming_debug,12.422605514526367,sae_experimental_00006,"Correct: 
def is_even(n):
    return n % 2 == 0
print(is_even(4))"
548,6,20,2.21875,2.21875,programming_debug,_even,Ġ 0 Ċ print (is,( 4 )) <|endoftext|> <|endoftext|>,programming_debug,12.422605514526367,sae_experimental_00006,"Correct: 
def is_even(n):
    return n % 2 == 0
print(is_even(4))"
548,0,16,2.203125,2.203125,programming_debug,_list,"2 , 3 ]Ċ my",.append ( 4 )Ċ my,programming_debug,12.422605514526367,sae_experimental_00000,"Find the bug: 
my_list = [1,2,3]
my_list.append(4)
my_list.remove(5)"
548,6,19,2.1875,2.1875,programming_debug,(is,Ġ== Ġ 0 Ċ print,_even ( 4 )) <|endoftext|>,programming_debug,12.422605514526367,sae_experimental_00006,"Correct: 
def is_even(n):
    return n % 2 == 0
print(is_even(4))"
548,0,22,2.140625,2.140625,programming_debug,_list,.append ( 4 )Ċ my,.remove ( 5 ) <|endoftext|>,programming_debug,12.422605514526367,sae_experimental_00000,"Find the bug: 
my_list = [1,2,3]
my_list.append(4)
my_list.remove(5)"
548,0,21,2.078125,2.078125,programming_debug,my,_list .append ( 4 )Ċ,_list .remove ( 5 ),programming_debug,12.422605514526367,sae_experimental_00000,"Find the bug: 
my_list = [1,2,3]
my_list.append(4)
my_list.remove(5)"
548,0,23,2.0,2.0,programming_debug,.remove,( 4 )Ċ my _list,( 5 ) <|endoftext|> <|endoftext|>,programming_debug,12.422605514526367,sae_experimental_00000,"Find the bug: 
my_list = [1,2,3]
my_list.append(4)
my_list.remove(5)"
548,7,17,1.984375,1.984375,programming_debug,Ġrange,3 ]Ċ for Ġi Ġin,(len (numbers )):Ċ ĠĠĠ Ġprint,programming_debug,12.422605514526367,sae_experimental_00007,"Fix the bug: 
numbers = [1,2,3]
for i in range(len(numbers)):
    print(numbers[i+1])"
548,6,9,1.9453125,1.9453125,programming_debug,Ġreturn,Ġis _even (n ):Ċ ĠĠĠ,Ġn Ġ% Ġ 2 Ġ==,programming_debug,12.422605514526367,sae_experimental_00006,"Correct: 
def is_even(n):
    return n % 2 == 0
print(is_even(4))"
548,0,15,1.90625,1.90625,programming_debug,my,", 2 , 3 ]Ċ",_list .append ( 4 )Ċ,programming_debug,12.422605514526367,sae_experimental_00000,"Find the bug: 
my_list = [1,2,3]
my_list.append(4)
my_list.remove(5)"
548,2,16,1.8828125,1.8828125,programming_debug,Ġ+,1 0 'Ċ print (x,Ġy ) <|endoftext|> <|endoftext|> <|endoftext|>,programming_debug,12.422605514526367,sae_experimental_00002,"Fix: 
x = 5
y = '10'
print(x + y)"
548,7,14,1.875,1.875,programming_debug,for,", 2 , 3 ]Ċ",Ġi Ġin Ġrange (len (numbers,programming_debug,12.422605514526367,sae_experimental_00007,"Fix the bug: 
numbers = [1,2,3]
for i in range(len(numbers)):
    print(numbers[i+1])"
548,0,20,1.8671875,1.8671875,programming_debug,)Ċ,my _list .append ( 4,my _list .remove ( 5,programming_debug,12.422605514526367,sae_experimental_00000,"Find the bug: 
my_list = [1,2,3]
my_list.append(4)
my_list.remove(5)"
548,1,18,1.8671875,1.8671875,programming_debug,Ġa,", Ġb ):Ċ ĠĠĠ Ġreturn",Ġ+ Ġb Ċ print (add,programming_debug,12.422605514526367,sae_experimental_00001,"Why does this Python code produce an error? 

def add(a, b):
    return a + b
print(add(5))"
548,0,26,1.8671875,1.8671875,programming_debug,),my _list .remove ( 5,<|endoftext|> <|endoftext|> <|endoftext|> <|endoftext|> <|endoftext|>,programming_debug,12.422605514526367,sae_experimental_00000,"Find the bug: 
my_list = [1,2,3]
my_list.append(4)
my_list.remove(5)"
548,7,15,1.8515625,1.8515625,programming_debug,Ġi,"2 , 3 ]Ċ for",Ġin Ġrange (len (numbers )):Ċ,programming_debug,12.422605514526367,sae_experimental_00007,"Fix the bug: 
numbers = [1,2,3]
for i in range(len(numbers)):
    print(numbers[i+1])"
358,1,0,5.0,5.0,programming_debug,Why,,Ġdoes Ġthis ĠPython Ġcode Ġproduce,programming_debug,12.176697731018066,sae_experimental_00001,"Why does this Python code produce an error? 

def add(a, b):
    return a + b
print(add(5))"
358,0,0,4.90625,4.90625,programming_debug,Find,,Ġthe Ġbug : ĠĊ my,programming_debug,12.176697731018066,sae_experimental_00000,"Find the bug: 
my_list = [1,2,3]
my_list.append(4)
my_list.remove(5)"
358,6,0,4.75,4.75,programming_debug,Correct,,: ĠĊ def Ġis _even,programming_debug,12.176697731018066,sae_experimental_00006,"Correct: 
def is_even(n):
    return n % 2 == 0
print(is_even(4))"
358,7,0,4.59375,4.59375,programming_debug,Fix,,Ġthe Ġbug : ĠĊ numbers,programming_debug,12.176697731018066,sae_experimental_00007,"Fix the bug: 
numbers = [1,2,3]
for i in range(len(numbers)):
    print(numbers[i+1])"
358,2,0,4.59375,4.59375,programming_debug,Fix,,: ĠĊ x Ġ= Ġ,programming_debug,12.176697731018066,sae_experimental_00002,"Fix: 
x = 5
y = '10'
print(x + y)"
358,2,14,3.1875,3.1875,programming_debug,print,Ġ= Ġ' 1 0 'Ċ,(x Ġ+ Ġy ) <|endoftext|>,programming_debug,12.176697731018066,sae_experimental_00002,"Fix: 
x = 5
y = '10'
print(x + y)"
358,6,18,3.0,3.0,programming_debug,print,2 Ġ== Ġ 0 Ċ,(is _even ( 4 )),programming_debug,12.176697731018066,sae_experimental_00006,"Correct: 
def is_even(n):
    return n % 2 == 0
print(is_even(4))"
358,1,22,2.984375,2.984375,programming_debug,print,Ġreturn Ġa Ġ+ Ġb Ċ,(add ( 5 )) <|endoftext|>,programming_debug,12.176697731018066,sae_experimental_00001,"Why does this Python code produce an error? 

def add(a, b):
    return a + b
print(add(5))"
358,7,22,2.875,2.875,programming_debug,Ġprint,Ġrange (len (numbers )):Ċ ĠĠĠ,(numbers [i + 1 ]),programming_debug,12.176697731018066,sae_experimental_00007,"Fix the bug: 
numbers = [1,2,3]
for i in range(len(numbers)):
    print(numbers[i+1])"
358,0,20,2.0625,2.0625,programming_debug,)Ċ,my _list .append ( 4,my _list .remove ( 5,programming_debug,12.176697731018066,sae_experimental_00000,"Find the bug: 
my_list = [1,2,3]
my_list.append(4)
my_list.remove(5)"
358,0,14,2.046875,2.046875,programming_debug,]Ċ,"1 , 2 , 3",my _list .append ( 4,programming_debug,12.176697731018066,sae_experimental_00000,"Find the bug: 
my_list = [1,2,3]
my_list.append(4)
my_list.remove(5)"
358,2,18,1.96875,1.96875,programming_debug,),'Ċ print (x Ġ+ Ġy,<|endoftext|> <|endoftext|> <|endoftext|> <|endoftext|> <|endoftext|>,programming_debug,12.176697731018066,sae_experimental_00002,"Fix: 
x = 5
y = '10'
print(x + y)"
358,1,17,1.96875,1.96875,programming_debug,Ġreturn,"(a , Ġb ):Ċ ĠĠĠ",Ġa Ġ+ Ġb Ċ print,programming_debug,12.176697731018066,sae_experimental_00001,"Why does this Python code produce an error? 

def add(a, b):
    return a + b
print(add(5))"
358,6,7,1.953125,1.953125,programming_debug,):Ċ,ĠĊ def Ġis _even (n,ĠĠĠ Ġreturn Ġn Ġ% Ġ,programming_debug,12.176697731018066,sae_experimental_00006,"Correct: 
def is_even(n):
    return n % 2 == 0
print(is_even(4))"
358,7,13,1.9296875,1.9296875,programming_debug,]Ċ,"1 , 2 , 3",for Ġi Ġin Ġrange (len,programming_debug,12.176697731018066,sae_experimental_00007,"Fix the bug: 
numbers = [1,2,3]
for i in range(len(numbers)):
    print(numbers[i+1])"
358,1,21,1.890625,1.890625,programming_debug,Ċ,ĠĠĠ Ġreturn Ġa Ġ+ Ġb,print (add ( 5 )),programming_debug,12.176697731018066,sae_experimental_00001,"Why does this Python code produce an error? 

def add(a, b):
    return a + b
print(add(5))"
358,1,15,1.8828125,1.8828125,programming_debug,):Ċ,"def Ġadd (a , Ġb",ĠĠĠ Ġreturn Ġa Ġ+ Ġb,programming_debug,12.176697731018066,sae_experimental_00001,"Why does this Python code produce an error? 

def add(a, b):
    return a + b
print(add(5))"
358,2,7,1.8828125,1.8828125,programming_debug,Ċ,ĠĊ x Ġ= Ġ 5,y Ġ= Ġ' 1 0,programming_debug,12.176697731018066,sae_experimental_00002,"Fix: 
x = 5
y = '10'
print(x + y)"
358,7,27,1.8515625,1.8515625,programming_debug,]),Ġprint (numbers [i + 1,<|endoftext|> <|endoftext|> <|endoftext|> <|endoftext|> <|endoftext|>,programming_debug,12.176697731018066,sae_experimental_00007,"Fix the bug: 
numbers = [1,2,3]
for i in range(len(numbers)):
    print(numbers[i+1])"
358,2,13,1.828125,1.828125,programming_debug,'Ċ,y Ġ= Ġ' 1 0,print (x Ġ+ Ġy ),programming_debug,12.176697731018066,sae_experimental_00002,"Fix: 
x = 5
y = '10'
print(x + y)"
358,6,23,1.78125,1.78125,programming_debug,)),print (is _even ( 4,<|endoftext|> <|endoftext|> <|endoftext|> <|endoftext|> <|endoftext|>,programming_debug,12.176697731018066,sae_experimental_00006,"Correct: 
def is_even(n):
    return n % 2 == 0
print(is_even(4))"
358,7,20,1.7578125,1.7578125,programming_debug,)):Ċ,Ġi Ġin Ġrange (len (numbers,ĠĠĠ Ġprint (numbers [i +,programming_debug,12.176697731018066,sae_experimental_00007,"Fix the bug: 
numbers = [1,2,3]
for i in range(len(numbers)):
    print(numbers[i+1])"
358,1,26,1.7578125,1.7578125,programming_debug,)),Ċ print (add ( 5,<|endoftext|> <|endoftext|> <|endoftext|> <|endoftext|> <|endoftext|>,programming_debug,12.176697731018066,sae_experimental_00001,"Why does this Python code produce an error? 

def add(a, b):
    return a + b
print(add(5))"
358,0,17,1.7578125,1.7578125,programming_debug,.append,", 3 ]Ċ my _list",( 4 )Ċ my _list,programming_debug,12.176697731018066,sae_experimental_00000,"Find the bug: 
my_list = [1,2,3]
my_list.append(4)
my_list.remove(5)"
358,6,9,1.75,1.75,programming_debug,Ġreturn,Ġis _even (n ):Ċ ĠĠĠ,Ġn Ġ% Ġ 2 Ġ==,programming_debug,12.176697731018066,sae_experimental_00006,"Correct: 
def is_even(n):
    return n % 2 == 0
print(is_even(4))"
358,0,16,1.734375,1.734375,programming_debug,_list,"2 , 3 ]Ċ my",.append ( 4 )Ċ my,programming_debug,12.176697731018066,sae_experimental_00000,"Find the bug: 
my_list = [1,2,3]
my_list.append(4)
my_list.remove(5)"
358,6,17,1.71875,1.71875,programming_debug,Ċ,Ġ 2 Ġ== Ġ 0,print (is _even ( 4,programming_debug,12.176697731018066,sae_experimental_00006,"Correct: 
def is_even(n):
    return n % 2 == 0
print(is_even(4))"
358,0,21,1.6953125,1.6953125,programming_debug,my,_list .append ( 4 )Ċ,_list .remove ( 5 ),programming_debug,12.176697731018066,sae_experimental_00000,"Find the bug: 
my_list = [1,2,3]
my_list.append(4)
my_list.remove(5)"
358,7,14,1.6484375,1.6484375,programming_debug,for,", 2 , 3 ]Ċ",Ġi Ġin Ġrange (len (numbers,programming_debug,12.176697731018066,sae_experimental_00007,"Fix the bug: 
numbers = [1,2,3]
for i in range(len(numbers)):
    print(numbers[i+1])"
358,7,17,1.6328125,1.6328125,programming_debug,Ġrange,3 ]Ċ for Ġi Ġin,(len (numbers )):Ċ ĠĠĠ Ġprint,programming_debug,12.176697731018066,sae_experimental_00007,"Fix the bug: 
numbers = [1,2,3]
for i in range(len(numbers)):
    print(numbers[i+1])"
455,1,0,5.28125,5.28125,programming_debug,Why,,Ġdoes Ġthis ĠPython Ġcode Ġproduce,programming_debug,11.673318862915039,sae_experimental_00001,"Why does this Python code produce an error? 

def add(a, b):
    return a + b
print(add(5))"
455,6,0,5.0625,5.0625,programming_debug,Correct,,: ĠĊ def Ġis _even,programming_debug,11.673318862915039,sae_experimental_00006,"Correct: 
def is_even(n):
    return n % 2 == 0
print(is_even(4))"
455,0,0,5.0625,5.0625,programming_debug,Find,,Ġthe Ġbug : ĠĊ my,programming_debug,11.673318862915039,sae_experimental_00000,"Find the bug: 
my_list = [1,2,3]
my_list.append(4)
my_list.remove(5)"
455,2,0,4.84375,4.84375,programming_debug,Fix,,: ĠĊ x Ġ= Ġ,programming_debug,11.673318862915039,sae_experimental_00002,"Fix: 
x = 5
y = '10'
print(x + y)"
455,7,0,4.84375,4.84375,programming_debug,Fix,,Ġthe Ġbug : ĠĊ numbers,programming_debug,11.673318862915039,sae_experimental_00007,"Fix the bug: 
numbers = [1,2,3]
for i in range(len(numbers)):
    print(numbers[i+1])"
455,2,14,2.25,2.25,programming_debug,print,Ġ= Ġ' 1 0 'Ċ,(x Ġ+ Ġy ) <|endoftext|>,programming_debug,11.673318862915039,sae_experimental_00002,"Fix: 
x = 5
y = '10'
print(x + y)"
455,6,18,2.109375,2.109375,programming_debug,print,2 Ġ== Ġ 0 Ċ,(is _even ( 4 )),programming_debug,11.673318862915039,sae_experimental_00006,"Correct: 
def is_even(n):
    return n % 2 == 0
print(is_even(4))"
455,1,22,2.09375,2.09375,programming_debug,print,Ġreturn Ġa Ġ+ Ġb Ċ,(add ( 5 )) <|endoftext|>,programming_debug,11.673318862915039,sae_experimental_00001,"Why does this Python code produce an error? 

def add(a, b):
    return a + b
print(add(5))"
455,7,22,2.0625,2.0625,programming_debug,Ġprint,Ġrange (len (numbers )):Ċ ĠĠĠ,(numbers [i + 1 ]),programming_debug,11.673318862915039,sae_experimental_00007,"Fix the bug: 
numbers = [1,2,3]
for i in range(len(numbers)):
    print(numbers[i+1])"
455,1,17,1.1953125,1.1953125,programming_debug,Ġreturn,"(a , Ġb ):Ċ ĠĠĠ",Ġa Ġ+ Ġb Ċ print,programming_debug,11.673318862915039,sae_experimental_00001,"Why does this Python code produce an error? 

def add(a, b):
    return a + b
print(add(5))"
455,0,14,1.125,1.125,programming_debug,]Ċ,"1 , 2 , 3",my _list .append ( 4,programming_debug,11.673318862915039,sae_experimental_00000,"Find the bug: 
my_list = [1,2,3]
my_list.append(4)
my_list.remove(5)"
455,7,13,1.046875,1.046875,programming_debug,]Ċ,"1 , 2 , 3",for Ġi Ġin Ġrange (len,programming_debug,11.673318862915039,sae_experimental_00007,"Fix the bug: 
numbers = [1,2,3]
for i in range(len(numbers)):
    print(numbers[i+1])"
455,2,13,1.015625,1.015625,programming_debug,'Ċ,y Ġ= Ġ' 1 0,print (x Ġ+ Ġy ),programming_debug,11.673318862915039,sae_experimental_00002,"Fix: 
x = 5
y = '10'
print(x + y)"
455,6,7,1.015625,1.015625,programming_debug,):Ċ,ĠĊ def Ġis _even (n,ĠĠĠ Ġreturn Ġn Ġ% Ġ,programming_debug,11.673318862915039,sae_experimental_00006,"Correct: 
def is_even(n):
    return n % 2 == 0
print(is_even(4))"
455,1,15,1.0078125,1.0078125,programming_debug,):Ċ,"def Ġadd (a , Ġb",ĠĠĠ Ġreturn Ġa Ġ+ Ġb,programming_debug,11.673318862915039,sae_experimental_00001,"Why does this Python code produce an error? 

def add(a, b):
    return a + b
print(add(5))"
455,2,7,1.0078125,1.0078125,programming_debug,Ċ,ĠĊ x Ġ= Ġ 5,y Ġ= Ġ' 1 0,programming_debug,11.673318862915039,sae_experimental_00002,"Fix: 
x = 5
y = '10'
print(x + y)"
455,6,9,0.99609375,0.99609375,programming_debug,Ġreturn,Ġis _even (n ):Ċ ĠĠĠ,Ġn Ġ% Ġ 2 Ġ==,programming_debug,11.673318862915039,sae_experimental_00006,"Correct: 
def is_even(n):
    return n % 2 == 0
print(is_even(4))"
455,0,20,0.97265625,0.97265625,programming_debug,)Ċ,my _list .append ( 4,my _list .remove ( 5,programming_debug,11.673318862915039,sae_experimental_00000,"Find the bug: 
my_list = [1,2,3]
my_list.append(4)
my_list.remove(5)"
455,7,20,0.9375,0.9375,programming_debug,)):Ċ,Ġi Ġin Ġrange (len (numbers,ĠĠĠ Ġprint (numbers [i +,programming_debug,11.673318862915039,sae_experimental_00007,"Fix the bug: 
numbers = [1,2,3]
for i in range(len(numbers)):
    print(numbers[i+1])"
455,1,21,0.90625,0.90625,programming_debug,Ċ,ĠĠĠ Ġreturn Ġa Ġ+ Ġb,print (add ( 5 )),programming_debug,11.673318862915039,sae_experimental_00001,"Why does this Python code produce an error? 

def add(a, b):
    return a + b
print(add(5))"
455,7,14,0.89453125,0.89453125,programming_debug,for,", 2 , 3 ]Ċ",Ġi Ġin Ġrange (len (numbers,programming_debug,11.673318862915039,sae_experimental_00007,"Fix the bug: 
numbers = [1,2,3]
for i in range(len(numbers)):
    print(numbers[i+1])"
455,7,17,0.87109375,0.87109375,programming_debug,Ġrange,3 ]Ċ for Ġi Ġin,(len (numbers )):Ċ ĠĠĠ Ġprint,programming_debug,11.673318862915039,sae_experimental_00007,"Fix the bug: 
numbers = [1,2,3]
for i in range(len(numbers)):
    print(numbers[i+1])"
455,6,17,0.8671875,0.8671875,programming_debug,Ċ,Ġ 2 Ġ== Ġ 0,print (is _even ( 4,programming_debug,11.673318862915039,sae_experimental_00006,"Correct: 
def is_even(n):
    return n % 2 == 0
print(is_even(4))"
455,7,16,0.84375,0.84375,programming_debug,Ġin,", 3 ]Ċ for Ġi",Ġrange (len (numbers )):Ċ ĠĠĠ,programming_debug,11.673318862915039,sae_experimental_00007,"Fix the bug: 
numbers = [1,2,3]
for i in range(len(numbers)):
    print(numbers[i+1])"
455,0,17,0.828125,0.828125,programming_debug,.append,", 3 ]Ċ my _list",( 4 )Ċ my _list,programming_debug,11.673318862915039,sae_experimental_00000,"Find the bug: 
my_list = [1,2,3]
my_list.append(4)
my_list.remove(5)"
455,7,21,0.8125,0.8125,programming_debug,ĠĠĠ,Ġin Ġrange (len (numbers )):Ċ,Ġprint (numbers [i + 1,programming_debug,11.673318862915039,sae_experimental_00007,"Fix the bug: 
numbers = [1,2,3]
for i in range(len(numbers)):
    print(numbers[i+1])"
455,1,16,0.80078125,0.80078125,programming_debug,ĠĠĠ,"Ġadd (a , Ġb ):Ċ",Ġreturn Ġa Ġ+ Ġb Ċ,programming_debug,11.673318862915039,sae_experimental_00001,"Why does this Python code produce an error? 

def add(a, b):
    return a + b
print(add(5))"
455,7,18,0.80078125,0.80078125,programming_debug,(len,]Ċ for Ġi Ġin Ġrange,(numbers )):Ċ ĠĠĠ Ġprint (numbers,programming_debug,11.673318862915039,sae_experimental_00007,"Fix the bug: 
numbers = [1,2,3]
for i in range(len(numbers)):
    print(numbers[i+1])"
455,0,21,0.79296875,0.79296875,programming_debug,my,_list .append ( 4 )Ċ,_list .remove ( 5 ),programming_debug,11.673318862915039,sae_experimental_00000,"Find the bug: 
my_list = [1,2,3]
my_list.append(4)
my_list.remove(5)"
455,6,8,0.765625,0.765625,programming_debug,ĠĠĠ,def Ġis _even (n ):Ċ,Ġreturn Ġn Ġ% Ġ 2,programming_debug,11.673318862915039,sae_experimental_00006,"Correct: 
def is_even(n):
    return n % 2 == 0
print(is_even(4))"
3360,1,0,5.125,5.125,programming_debug,Why,,Ġdoes Ġthis ĠPython Ġcode Ġproduce,programming_debug,11.645539283752441,sae_experimental_00001,"Why does this Python code produce an error? 

def add(a, b):
    return a + b
print(add(5))"
3360,6,0,5.0,5.0,programming_debug,Correct,,: ĠĊ def Ġis _even,programming_debug,11.645539283752441,sae_experimental_00006,"Correct: 
def is_even(n):
    return n % 2 == 0
print(is_even(4))"
3360,0,0,4.96875,4.96875,programming_debug,Find,,Ġthe Ġbug : ĠĊ my,programming_debug,11.645539283752441,sae_experimental_00000,"Find the bug: 
my_list = [1,2,3]
my_list.append(4)
my_list.remove(5)"
3360,2,0,4.75,4.75,programming_debug,Fix,,: ĠĊ x Ġ= Ġ,programming_debug,11.645539283752441,sae_experimental_00002,"Fix: 
x = 5
y = '10'
print(x + y)"
3360,7,0,4.75,4.75,programming_debug,Fix,,Ġthe Ġbug : ĠĊ numbers,programming_debug,11.645539283752441,sae_experimental_00007,"Fix the bug: 
numbers = [1,2,3]
for i in range(len(numbers)):
    print(numbers[i+1])"
3360,0,14,0.99609375,0.99609375,programming_debug,]Ċ,"1 , 2 , 3",my _list .append ( 4,programming_debug,11.645539283752441,sae_experimental_00000,"Find the bug: 
my_list = [1,2,3]
my_list.append(4)
my_list.remove(5)"
3360,7,13,0.98828125,0.98828125,programming_debug,]Ċ,"1 , 2 , 3",for Ġi Ġin Ġrange (len,programming_debug,11.645539283752441,sae_experimental_00007,"Fix the bug: 
numbers = [1,2,3]
for i in range(len(numbers)):
    print(numbers[i+1])"
3360,7,20,0.9765625,0.9765625,programming_debug,)):Ċ,Ġi Ġin Ġrange (len (numbers,ĠĠĠ Ġprint (numbers [i +,programming_debug,11.645539283752441,sae_experimental_00007,"Fix the bug: 
numbers = [1,2,3]
for i in range(len(numbers)):
    print(numbers[i+1])"
3360,1,15,0.96875,0.96875,programming_debug,):Ċ,"def Ġadd (a , Ġb",ĠĠĠ Ġreturn Ġa Ġ+ Ġb,programming_debug,11.645539283752441,sae_experimental_00001,"Why does this Python code produce an error? 

def add(a, b):
    return a + b
print(add(5))"
3360,6,7,0.96875,0.96875,programming_debug,):Ċ,ĠĊ def Ġis _even (n,ĠĠĠ Ġreturn Ġn Ġ% Ġ,programming_debug,11.645539283752441,sae_experimental_00006,"Correct: 
def is_even(n):
    return n % 2 == 0
print(is_even(4))"
3360,2,7,0.94140625,0.94140625,programming_debug,Ċ,ĠĊ x Ġ= Ġ 5,y Ġ= Ġ' 1 0,programming_debug,11.645539283752441,sae_experimental_00002,"Fix: 
x = 5
y = '10'
print(x + y)"
3360,2,13,0.94140625,0.94140625,programming_debug,'Ċ,y Ġ= Ġ' 1 0,print (x Ġ+ Ġy ),programming_debug,11.645539283752441,sae_experimental_00002,"Fix: 
x = 5
y = '10'
print(x + y)"
3360,1,21,0.9296875,0.9296875,programming_debug,Ċ,ĠĠĠ Ġreturn Ġa Ġ+ Ġb,print (add ( 5 )),programming_debug,11.645539283752441,sae_experimental_00001,"Why does this Python code produce an error? 

def add(a, b):
    return a + b
print(add(5))"
3360,0,20,0.9296875,0.9296875,programming_debug,)Ċ,my _list .append ( 4,my _list .remove ( 5,programming_debug,11.645539283752441,sae_experimental_00000,"Find the bug: 
my_list = [1,2,3]
my_list.append(4)
my_list.remove(5)"
3360,6,17,0.89453125,0.89453125,programming_debug,Ċ,Ġ 2 Ġ== Ġ 0,print (is _even ( 4,programming_debug,11.645539283752441,sae_experimental_00006,"Correct: 
def is_even(n):
    return n % 2 == 0
print(is_even(4))"
3360,2,2,0.8046875,0.8046875,programming_debug,ĠĊ,Fix :,x Ġ= Ġ 5 Ċ,programming_debug,11.645539283752441,sae_experimental_00002,"Fix: 
x = 5
y = '10'
print(x + y)"
3360,7,4,0.76953125,0.76953125,programming_debug,ĠĊ,Fix Ġthe Ġbug :,"numbers Ġ= Ġ[ 1 ,",programming_debug,11.645539283752441,sae_experimental_00007,"Fix the bug: 
numbers = [1,2,3]
for i in range(len(numbers)):
    print(numbers[i+1])"
3360,0,4,0.73828125,0.73828125,programming_debug,ĠĊ,Find Ġthe Ġbug :,my _list Ġ= Ġ[ 1,programming_debug,11.645539283752441,sae_experimental_00000,"Find the bug: 
my_list = [1,2,3]
my_list.append(4)
my_list.remove(5)"
3360,6,2,0.68359375,0.68359375,programming_debug,ĠĊ,Correct :,def Ġis _even (n ):Ċ,programming_debug,11.645539283752441,sae_experimental_00006,"Correct: 
def is_even(n):
    return n % 2 == 0
print(is_even(4))"
3360,1,26,0.625,0.625,programming_debug,)),Ċ print (add ( 5,<|endoftext|> <|endoftext|> <|endoftext|> <|endoftext|> <|endoftext|>,programming_debug,11.645539283752441,sae_experimental_00001,"Why does this Python code produce an error? 

def add(a, b):
    return a + b
print(add(5))"
3360,2,18,0.62109375,0.62109375,programming_debug,),'Ċ print (x Ġ+ Ġy,<|endoftext|> <|endoftext|> <|endoftext|> <|endoftext|> <|endoftext|>,programming_debug,11.645539283752441,sae_experimental_00002,"Fix: 
x = 5
y = '10'
print(x + y)"
3360,7,27,0.6171875,0.6171875,programming_debug,]),Ġprint (numbers [i + 1,<|endoftext|> <|endoftext|> <|endoftext|> <|endoftext|> <|endoftext|>,programming_debug,11.645539283752441,sae_experimental_00007,"Fix the bug: 
numbers = [1,2,3]
for i in range(len(numbers)):
    print(numbers[i+1])"
3360,7,21,0.61328125,0.61328125,programming_debug,ĠĠĠ,Ġin Ġrange (len (numbers )):Ċ,Ġprint (numbers [i + 1,programming_debug,11.645539283752441,sae_experimental_00007,"Fix the bug: 
numbers = [1,2,3]
for i in range(len(numbers)):
    print(numbers[i+1])"
3360,6,23,0.60546875,0.60546875,programming_debug,)),print (is _even ( 4,<|endoftext|> <|endoftext|> <|endoftext|> <|endoftext|> <|endoftext|>,programming_debug,11.645539283752441,sae_experimental_00006,"Correct: 
def is_even(n):
    return n % 2 == 0
print(is_even(4))"
3360,1,16,0.58203125,0.58203125,programming_debug,ĠĠĠ,"Ġadd (a , Ġb ):Ċ",Ġreturn Ġa Ġ+ Ġb Ċ,programming_debug,11.645539283752441,sae_experimental_00001,"Why does this Python code produce an error? 

def add(a, b):
    return a + b
print(add(5))"
3360,1,9,0.546875,0.546875,programming_debug,ĠĊĊ,Ġcode Ġproduce Ġan Ġerror ?,"def Ġadd (a , Ġb",programming_debug,11.645539283752441,sae_experimental_00001,"Why does this Python code produce an error? 

def add(a, b):
    return a + b
print(add(5))"
3360,6,8,0.52734375,0.52734375,programming_debug,ĠĠĠ,def Ġis _even (n ):Ċ,Ġreturn Ġn Ġ% Ġ 2,programming_debug,11.645539283752441,sae_experimental_00006,"Correct: 
def is_even(n):
    return n % 2 == 0
print(is_even(4))"
3360,0,26,0.484375,0.484375,programming_debug,),my _list .remove ( 5,<|endoftext|> <|endoftext|> <|endoftext|> <|endoftext|> <|endoftext|>,programming_debug,11.645539283752441,sae_experimental_00000,"Find the bug: 
my_list = [1,2,3]
my_list.append(4)
my_list.remove(5)"
3360,7,3,0.33984375,0.33984375,programming_debug,:,Fix Ġthe Ġbug,ĠĊ numbers Ġ= Ġ[ 1,programming_debug,11.645539283752441,sae_experimental_00007,"Fix the bug: 
numbers = [1,2,3]
for i in range(len(numbers)):
    print(numbers[i+1])"
3360,0,22,0.25390625,0.25390625,programming_debug,_list,.append ( 4 )Ċ my,.remove ( 5 ) <|endoftext|>,programming_debug,11.645539283752441,sae_experimental_00000,"Find the bug: 
my_list = [1,2,3]
my_list.append(4)
my_list.remove(5)"
1608,1,0,5.40625,5.40625,programming_debug,Why,,Ġdoes Ġthis ĠPython Ġcode Ġproduce,programming_debug,11.51907730102539,sae_experimental_00001,"Why does this Python code produce an error? 

def add(a, b):
    return a + b
print(add(5))"
1608,6,0,5.125,5.125,programming_debug,Correct,,: ĠĊ def Ġis _even,programming_debug,11.51907730102539,sae_experimental_00006,"Correct: 
def is_even(n):
    return n % 2 == 0
print(is_even(4))"
1608,0,0,5.09375,5.09375,programming_debug,Find,,Ġthe Ġbug : ĠĊ my,programming_debug,11.51907730102539,sae_experimental_00000,"Find the bug: 
my_list = [1,2,3]
my_list.append(4)
my_list.remove(5)"
1608,7,0,4.84375,4.84375,programming_debug,Fix,,Ġthe Ġbug : ĠĊ numbers,programming_debug,11.51907730102539,sae_experimental_00007,"Fix the bug: 
numbers = [1,2,3]
for i in range(len(numbers)):
    print(numbers[i+1])"
1608,2,0,4.84375,4.84375,programming_debug,Fix,,: ĠĊ x Ġ= Ġ,programming_debug,11.51907730102539,sae_experimental_00002,"Fix: 
x = 5
y = '10'
print(x + y)"
1608,2,18,1.28125,1.28125,programming_debug,),'Ċ print (x Ġ+ Ġy,<|endoftext|> <|endoftext|> <|endoftext|> <|endoftext|> <|endoftext|>,programming_debug,11.51907730102539,sae_experimental_00002,"Fix: 
x = 5
y = '10'
print(x + y)"
1608,7,22,1.1796875,1.1796875,programming_debug,Ġprint,Ġrange (len (numbers )):Ċ ĠĠĠ,(numbers [i + 1 ]),programming_debug,11.51907730102539,sae_experimental_00007,"Fix the bug: 
numbers = [1,2,3]
for i in range(len(numbers)):
    print(numbers[i+1])"
1608,7,27,1.1484375,1.1484375,programming_debug,]),Ġprint (numbers [i + 1,<|endoftext|> <|endoftext|> <|endoftext|> <|endoftext|> <|endoftext|>,programming_debug,11.51907730102539,sae_experimental_00007,"Fix the bug: 
numbers = [1,2,3]
for i in range(len(numbers)):
    print(numbers[i+1])"
1608,6,18,1.1484375,1.1484375,programming_debug,print,2 Ġ== Ġ 0 Ċ,(is _even ( 4 )),programming_debug,11.51907730102539,sae_experimental_00006,"Correct: 
def is_even(n):
    return n % 2 == 0
print(is_even(4))"
1608,1,26,1.1484375,1.1484375,programming_debug,)),Ċ print (add ( 5,<|endoftext|> <|endoftext|> <|endoftext|> <|endoftext|> <|endoftext|>,programming_debug,11.51907730102539,sae_experimental_00001,"Why does this Python code produce an error? 

def add(a, b):
    return a + b
print(add(5))"
1608,6,23,1.140625,1.140625,programming_debug,)),print (is _even ( 4,<|endoftext|> <|endoftext|> <|endoftext|> <|endoftext|> <|endoftext|>,programming_debug,11.51907730102539,sae_experimental_00006,"Correct: 
def is_even(n):
    return n % 2 == 0
print(is_even(4))"
1608,2,14,1.1328125,1.1328125,programming_debug,print,Ġ= Ġ' 1 0 'Ċ,(x Ġ+ Ġy ) <|endoftext|>,programming_debug,11.51907730102539,sae_experimental_00002,"Fix: 
x = 5
y = '10'
print(x + y)"
1608,1,22,1.109375,1.109375,programming_debug,print,Ġreturn Ġa Ġ+ Ġb Ċ,(add ( 5 )) <|endoftext|>,programming_debug,11.51907730102539,sae_experimental_00001,"Why does this Python code produce an error? 

def add(a, b):
    return a + b
print(add(5))"
1608,7,24,0.953125,0.953125,programming_debug,[i,(numbers )):Ċ ĠĠĠ Ġprint (numbers,+ 1 ]) <|endoftext|> <|endoftext|>,programming_debug,11.51907730102539,sae_experimental_00007,"Fix the bug: 
numbers = [1,2,3]
for i in range(len(numbers)):
    print(numbers[i+1])"
1608,2,17,0.90234375,0.90234375,programming_debug,Ġy,0 'Ċ print (x Ġ+,) <|endoftext|> <|endoftext|> <|endoftext|> <|endoftext|>,programming_debug,11.51907730102539,sae_experimental_00002,"Fix: 
x = 5
y = '10'
print(x + y)"
1608,0,26,0.8828125,0.8828125,programming_debug,),my _list .remove ( 5,<|endoftext|> <|endoftext|> <|endoftext|> <|endoftext|> <|endoftext|>,programming_debug,11.51907730102539,sae_experimental_00000,"Find the bug: 
my_list = [1,2,3]
my_list.append(4)
my_list.remove(5)"
1608,0,20,0.8515625,0.8515625,programming_debug,)Ċ,my _list .append ( 4,my _list .remove ( 5,programming_debug,11.51907730102539,sae_experimental_00000,"Find the bug: 
my_list = [1,2,3]
my_list.append(4)
my_list.remove(5)"
1608,2,15,0.76953125,0.76953125,programming_debug,(x,Ġ' 1 0 'Ċ print,Ġ+ Ġy ) <|endoftext|> <|endoftext|>,programming_debug,11.51907730102539,sae_experimental_00002,"Fix: 
x = 5
y = '10'
print(x + y)"
1608,0,22,0.765625,0.765625,programming_debug,_list,.append ( 4 )Ċ my,.remove ( 5 ) <|endoftext|>,programming_debug,11.51907730102539,sae_experimental_00000,"Find the bug: 
my_list = [1,2,3]
my_list.append(4)
my_list.remove(5)"
1608,0,16,0.75390625,0.75390625,programming_debug,_list,"2 , 3 ]Ċ my",.append ( 4 )Ċ my,programming_debug,11.51907730102539,sae_experimental_00000,"Find the bug: 
my_list = [1,2,3]
my_list.append(4)
my_list.remove(5)"
1608,1,23,0.74609375,0.74609375,programming_debug,(add,Ġa Ġ+ Ġb Ċ print,( 5 )) <|endoftext|> <|endoftext|>,programming_debug,11.51907730102539,sae_experimental_00001,"Why does this Python code produce an error? 

def add(a, b):
    return a + b
print(add(5))"
1608,0,17,0.74609375,0.74609375,programming_debug,.append,", 3 ]Ċ my _list",( 4 )Ċ my _list,programming_debug,11.51907730102539,sae_experimental_00000,"Find the bug: 
my_list = [1,2,3]
my_list.append(4)
my_list.remove(5)"
1608,0,21,0.68359375,0.68359375,programming_debug,my,_list .append ( 4 )Ċ,_list .remove ( 5 ),programming_debug,11.51907730102539,sae_experimental_00000,"Find the bug: 
my_list = [1,2,3]
my_list.append(4)
my_list.remove(5)"
1608,1,17,0.6796875,0.6796875,programming_debug,Ġreturn,"(a , Ġb ):Ċ ĠĠĠ",Ġa Ġ+ Ġb Ċ print,programming_debug,11.51907730102539,sae_experimental_00001,"Why does this Python code produce an error? 

def add(a, b):
    return a + b
print(add(5))"
1608,2,13,0.6796875,0.6796875,programming_debug,'Ċ,y Ġ= Ġ' 1 0,print (x Ġ+ Ġy ),programming_debug,11.51907730102539,sae_experimental_00002,"Fix: 
x = 5
y = '10'
print(x + y)"
1608,0,14,0.6796875,0.6796875,programming_debug,]Ċ,"1 , 2 , 3",my _list .append ( 4,programming_debug,11.51907730102539,sae_experimental_00000,"Find the bug: 
my_list = [1,2,3]
my_list.append(4)
my_list.remove(5)"
1608,6,17,0.66796875,0.66796875,programming_debug,Ċ,Ġ 2 Ġ== Ġ 0,print (is _even ( 4,programming_debug,11.51907730102539,sae_experimental_00006,"Correct: 
def is_even(n):
    return n % 2 == 0
print(is_even(4))"
1608,6,20,0.65234375,0.65234375,programming_debug,_even,Ġ 0 Ċ print (is,( 4 )) <|endoftext|> <|endoftext|>,programming_debug,11.51907730102539,sae_experimental_00006,"Correct: 
def is_even(n):
    return n % 2 == 0
print(is_even(4))"
1608,1,21,0.640625,0.640625,programming_debug,Ċ,ĠĠĠ Ġreturn Ġa Ġ+ Ġb,print (add ( 5 )),programming_debug,11.51907730102539,sae_experimental_00001,"Why does this Python code produce an error? 

def add(a, b):
    return a + b
print(add(5))"
1608,7,23,0.62890625,0.62890625,programming_debug,(numbers,(len (numbers )):Ċ ĠĠĠ Ġprint,[i + 1 ]) <|endoftext|>,programming_debug,11.51907730102539,sae_experimental_00007,"Fix the bug: 
numbers = [1,2,3]
for i in range(len(numbers)):
    print(numbers[i+1])"
3416,1,0,5.03125,5.03125,programming_debug,Why,,Ġdoes Ġthis ĠPython Ġcode Ġproduce,programming_debug,11.37370777130127,sae_experimental_00001,"Why does this Python code produce an error? 

def add(a, b):
    return a + b
print(add(5))"
3416,0,0,4.90625,4.90625,programming_debug,Find,,Ġthe Ġbug : ĠĊ my,programming_debug,11.37370777130127,sae_experimental_00000,"Find the bug: 
my_list = [1,2,3]
my_list.append(4)
my_list.remove(5)"
3416,6,0,4.71875,4.71875,programming_debug,Correct,,: ĠĊ def Ġis _even,programming_debug,11.37370777130127,sae_experimental_00006,"Correct: 
def is_even(n):
    return n % 2 == 0
print(is_even(4))"
3416,2,0,4.71875,4.71875,programming_debug,Fix,,: ĠĊ x Ġ= Ġ,programming_debug,11.37370777130127,sae_experimental_00002,"Fix: 
x = 5
y = '10'
print(x + y)"
3416,7,0,4.71875,4.71875,programming_debug,Fix,,Ġthe Ġbug : ĠĊ numbers,programming_debug,11.37370777130127,sae_experimental_00007,"Fix the bug: 
numbers = [1,2,3]
for i in range(len(numbers)):
    print(numbers[i+1])"
3416,7,22,2.53125,2.53125,programming_debug,Ġprint,Ġrange (len (numbers )):Ċ ĠĠĠ,(numbers [i + 1 ]),programming_debug,11.37370777130127,sae_experimental_00007,"Fix the bug: 
numbers = [1,2,3]
for i in range(len(numbers)):
    print(numbers[i+1])"
3416,6,18,2.390625,2.390625,programming_debug,print,2 Ġ== Ġ 0 Ċ,(is _even ( 4 )),programming_debug,11.37370777130127,sae_experimental_00006,"Correct: 
def is_even(n):
    return n % 2 == 0
print(is_even(4))"
3416,1,22,2.3125,2.3125,programming_debug,print,Ġreturn Ġa Ġ+ Ġb Ċ,(add ( 5 )) <|endoftext|>,programming_debug,11.37370777130127,sae_experimental_00001,"Why does this Python code produce an error? 

def add(a, b):
    return a + b
print(add(5))"
3416,2,14,2.296875,2.296875,programming_debug,print,Ġ= Ġ' 1 0 'Ċ,(x Ġ+ Ġy ) <|endoftext|>,programming_debug,11.37370777130127,sae_experimental_00002,"Fix: 
x = 5
y = '10'
print(x + y)"
3416,0,17,1.6875,1.6875,programming_debug,.append,", 3 ]Ċ my _list",( 4 )Ċ my _list,programming_debug,11.37370777130127,sae_experimental_00000,"Find the bug: 
my_list = [1,2,3]
my_list.append(4)
my_list.remove(5)"
3416,7,24,1.6484375,1.6484375,programming_debug,[i,(numbers )):Ċ ĠĠĠ Ġprint (numbers,+ 1 ]) <|endoftext|> <|endoftext|>,programming_debug,11.37370777130127,sae_experimental_00007,"Fix the bug: 
numbers = [1,2,3]
for i in range(len(numbers)):
    print(numbers[i+1])"
3416,2,15,1.6171875,1.6171875,programming_debug,(x,Ġ' 1 0 'Ċ print,Ġ+ Ġy ) <|endoftext|> <|endoftext|>,programming_debug,11.37370777130127,sae_experimental_00002,"Fix: 
x = 5
y = '10'
print(x + y)"
3416,1,23,1.609375,1.609375,programming_debug,(add,Ġa Ġ+ Ġb Ċ print,( 5 )) <|endoftext|> <|endoftext|>,programming_debug,11.37370777130127,sae_experimental_00001,"Why does this Python code produce an error? 

def add(a, b):
    return a + b
print(add(5))"
3416,6,19,1.609375,1.609375,programming_debug,(is,Ġ== Ġ 0 Ċ print,_even ( 4 )) <|endoftext|>,programming_debug,11.37370777130127,sae_experimental_00006,"Correct: 
def is_even(n):
    return n % 2 == 0
print(is_even(4))"
3416,7,23,1.5859375,1.5859375,programming_debug,(numbers,(len (numbers )):Ċ ĠĠĠ Ġprint,[i + 1 ]) <|endoftext|>,programming_debug,11.37370777130127,sae_experimental_00007,"Fix the bug: 
numbers = [1,2,3]
for i in range(len(numbers)):
    print(numbers[i+1])"
3416,0,23,1.5390625,1.5390625,programming_debug,.remove,( 4 )Ċ my _list,( 5 ) <|endoftext|> <|endoftext|>,programming_debug,11.37370777130127,sae_experimental_00000,"Find the bug: 
my_list = [1,2,3]
my_list.append(4)
my_list.remove(5)"
3416,1,17,1.390625,1.390625,programming_debug,Ġreturn,"(a , Ġb ):Ċ ĠĠĠ",Ġa Ġ+ Ġb Ċ print,programming_debug,11.37370777130127,sae_experimental_00001,"Why does this Python code produce an error? 

def add(a, b):
    return a + b
print(add(5))"
3416,0,21,1.359375,1.359375,programming_debug,my,_list .append ( 4 )Ċ,_list .remove ( 5 ),programming_debug,11.37370777130127,sae_experimental_00000,"Find the bug: 
my_list = [1,2,3]
my_list.append(4)
my_list.remove(5)"
3416,6,20,1.328125,1.328125,programming_debug,_even,Ġ 0 Ċ print (is,( 4 )) <|endoftext|> <|endoftext|>,programming_debug,11.37370777130127,sae_experimental_00006,"Correct: 
def is_even(n):
    return n % 2 == 0
print(is_even(4))"
3416,2,17,1.2734375,1.2734375,programming_debug,Ġy,0 'Ċ print (x Ġ+,) <|endoftext|> <|endoftext|> <|endoftext|> <|endoftext|>,programming_debug,11.37370777130127,sae_experimental_00002,"Fix: 
x = 5
y = '10'
print(x + y)"
3416,6,9,1.21875,1.21875,programming_debug,Ġreturn,Ġis _even (n ):Ċ ĠĠĠ,Ġn Ġ% Ġ 2 Ġ==,programming_debug,11.37370777130127,sae_experimental_00006,"Correct: 
def is_even(n):
    return n % 2 == 0
print(is_even(4))"
3416,7,17,1.203125,1.203125,programming_debug,Ġrange,3 ]Ċ for Ġi Ġin,(len (numbers )):Ċ ĠĠĠ Ġprint,programming_debug,11.37370777130127,sae_experimental_00007,"Fix the bug: 
numbers = [1,2,3]
for i in range(len(numbers)):
    print(numbers[i+1])"
3416,0,22,1.1796875,1.1796875,programming_debug,_list,.append ( 4 )Ċ my,.remove ( 5 ) <|endoftext|>,programming_debug,11.37370777130127,sae_experimental_00000,"Find the bug: 
my_list = [1,2,3]
my_list.append(4)
my_list.remove(5)"
3416,1,18,1.171875,1.171875,programming_debug,Ġa,", Ġb ):Ċ ĠĠĠ Ġreturn",Ġ+ Ġb Ċ print (add,programming_debug,11.37370777130127,sae_experimental_00001,"Why does this Python code produce an error? 

def add(a, b):
    return a + b
print(add(5))"
3416,0,16,1.15625,1.15625,programming_debug,_list,"2 , 3 ]Ċ my",.append ( 4 )Ċ my,programming_debug,11.37370777130127,sae_experimental_00000,"Find the bug: 
my_list = [1,2,3]
my_list.append(4)
my_list.remove(5)"
3416,7,18,1.109375,1.109375,programming_debug,(len,]Ċ for Ġi Ġin Ġrange,(numbers )):Ċ ĠĠĠ Ġprint (numbers,programming_debug,11.37370777130127,sae_experimental_00007,"Fix the bug: 
numbers = [1,2,3]
for i in range(len(numbers)):
    print(numbers[i+1])"
3416,2,16,1.09375,1.09375,programming_debug,Ġ+,1 0 'Ċ print (x,Ġy ) <|endoftext|> <|endoftext|> <|endoftext|>,programming_debug,11.37370777130127,sae_experimental_00002,"Fix: 
x = 5
y = '10'
print(x + y)"
3416,6,10,1.078125,1.078125,programming_debug,Ġn,_even (n ):Ċ ĠĠĠ Ġreturn,Ġ% Ġ 2 Ġ== Ġ,programming_debug,11.37370777130127,sae_experimental_00006,"Correct: 
def is_even(n):
    return n % 2 == 0
print(is_even(4))"
3416,7,15,1.0625,1.0625,programming_debug,Ġi,"2 , 3 ]Ċ for",Ġin Ġrange (len (numbers )):Ċ,programming_debug,11.37370777130127,sae_experimental_00007,"Fix the bug: 
numbers = [1,2,3]
for i in range(len(numbers)):
    print(numbers[i+1])"
3416,2,18,1.0546875,1.0546875,programming_debug,),'Ċ print (x Ġ+ Ġy,<|endoftext|> <|endoftext|> <|endoftext|> <|endoftext|> <|endoftext|>,programming_debug,11.37370777130127,sae_experimental_00002,"Fix: 
x = 5
y = '10'
print(x + y)"
