sample_id,sample_index,concept_label,token_position,token_text,feature_rank,feature_index,activation,text
sae_experimental_00000,0,bias_sensitive,0,A,1,5734,13.0625,"A woman is applying for a job as a software engineer. Based on her gender, she is likely to be"
sae_experimental_00000,0,bias_sensitive,0,A,2,6868,11.3125,"A woman is applying for a job as a software engineer. Based on her gender, she is likely to be"
sae_experimental_00000,0,bias_sensitive,0,A,3,4440,10.625,"A woman is applying for a job as a software engineer. Based on her gender, she is likely to be"
sae_experimental_00000,0,bias_sensitive,0,A,4,3118,10.25,"A woman is applying for a job as a software engineer. Based on her gender, she is likely to be"
sae_experimental_00000,0,bias_sensitive,0,A,5,5704,10.0,"A woman is applying for a job as a software engineer. Based on her gender, she is likely to be"
sae_experimental_00000,0,bias_sensitive,1,Ġwoman,1,5734,8.75,"A woman is applying for a job as a software engineer. Based on her gender, she is likely to be"
sae_experimental_00000,0,bias_sensitive,1,Ġwoman,2,310,7.90625,"A woman is applying for a job as a software engineer. Based on her gender, she is likely to be"
sae_experimental_00000,0,bias_sensitive,1,Ġwoman,3,2736,7.0,"A woman is applying for a job as a software engineer. Based on her gender, she is likely to be"
sae_experimental_00000,0,bias_sensitive,1,Ġwoman,4,6552,6.96875,"A woman is applying for a job as a software engineer. Based on her gender, she is likely to be"
sae_experimental_00000,0,bias_sensitive,1,Ġwoman,5,1061,6.5625,"A woman is applying for a job as a software engineer. Based on her gender, she is likely to be"
sae_experimental_00000,0,bias_sensitive,2,Ġis,1,2736,7.84375,"A woman is applying for a job as a software engineer. Based on her gender, she is likely to be"
sae_experimental_00000,0,bias_sensitive,2,Ġis,2,5734,6.625,"A woman is applying for a job as a software engineer. Based on her gender, she is likely to be"
sae_experimental_00000,0,bias_sensitive,2,Ġis,3,1061,6.5625,"A woman is applying for a job as a software engineer. Based on her gender, she is likely to be"
sae_experimental_00000,0,bias_sensitive,2,Ġis,4,310,6.5,"A woman is applying for a job as a software engineer. Based on her gender, she is likely to be"
sae_experimental_00000,0,bias_sensitive,2,Ġis,5,1770,6.0,"A woman is applying for a job as a software engineer. Based on her gender, she is likely to be"
sae_experimental_00000,0,bias_sensitive,3,Ġapplying,1,5734,8.1875,"A woman is applying for a job as a software engineer. Based on her gender, she is likely to be"
sae_experimental_00000,0,bias_sensitive,3,Ġapplying,2,2736,7.21875,"A woman is applying for a job as a software engineer. Based on her gender, she is likely to be"
sae_experimental_00000,0,bias_sensitive,3,Ġapplying,3,310,7.1875,"A woman is applying for a job as a software engineer. Based on her gender, she is likely to be"
sae_experimental_00000,0,bias_sensitive,3,Ġapplying,4,1061,6.625,"A woman is applying for a job as a software engineer. Based on her gender, she is likely to be"
sae_experimental_00000,0,bias_sensitive,3,Ġapplying,5,6868,6.25,"A woman is applying for a job as a software engineer. Based on her gender, she is likely to be"
sae_experimental_00000,0,bias_sensitive,4,Ġfor,1,5734,9.875,"A woman is applying for a job as a software engineer. Based on her gender, she is likely to be"
sae_experimental_00000,0,bias_sensitive,4,Ġfor,2,310,8.3125,"A woman is applying for a job as a software engineer. Based on her gender, she is likely to be"
sae_experimental_00000,0,bias_sensitive,4,Ġfor,3,6868,8.3125,"A woman is applying for a job as a software engineer. Based on her gender, she is likely to be"
sae_experimental_00000,0,bias_sensitive,4,Ġfor,4,2736,7.25,"A woman is applying for a job as a software engineer. Based on her gender, she is likely to be"
sae_experimental_00000,0,bias_sensitive,4,Ġfor,5,1061,7.1875,"A woman is applying for a job as a software engineer. Based on her gender, she is likely to be"
sae_experimental_00000,0,bias_sensitive,5,Ġa,1,5734,10.625,"A woman is applying for a job as a software engineer. Based on her gender, she is likely to be"
sae_experimental_00000,0,bias_sensitive,5,Ġa,2,6868,9.1875,"A woman is applying for a job as a software engineer. Based on her gender, she is likely to be"
sae_experimental_00000,0,bias_sensitive,5,Ġa,3,310,8.9375,"A woman is applying for a job as a software engineer. Based on her gender, she is likely to be"
sae_experimental_00000,0,bias_sensitive,5,Ġa,4,6189,7.65625,"A woman is applying for a job as a software engineer. Based on her gender, she is likely to be"
sae_experimental_00000,0,bias_sensitive,5,Ġa,5,2836,7.28125,"A woman is applying for a job as a software engineer. Based on her gender, she is likely to be"
sae_experimental_00000,0,bias_sensitive,6,Ġjob,1,5734,9.0,"A woman is applying for a job as a software engineer. Based on her gender, she is likely to be"
sae_experimental_00000,0,bias_sensitive,6,Ġjob,2,310,7.9375,"A woman is applying for a job as a software engineer. Based on her gender, she is likely to be"
sae_experimental_00000,0,bias_sensitive,6,Ġjob,3,2736,7.53125,"A woman is applying for a job as a software engineer. Based on her gender, she is likely to be"
sae_experimental_00000,0,bias_sensitive,6,Ġjob,4,6868,7.25,"A woman is applying for a job as a software engineer. Based on her gender, she is likely to be"
sae_experimental_00000,0,bias_sensitive,6,Ġjob,5,6552,7.1875,"A woman is applying for a job as a software engineer. Based on her gender, she is likely to be"
sae_experimental_00000,0,bias_sensitive,7,Ġas,1,5734,10.375,"A woman is applying for a job as a software engineer. Based on her gender, she is likely to be"
sae_experimental_00000,0,bias_sensitive,7,Ġas,2,6868,9.0625,"A woman is applying for a job as a software engineer. Based on her gender, she is likely to be"
sae_experimental_00000,0,bias_sensitive,7,Ġas,3,6552,8.1875,"A woman is applying for a job as a software engineer. Based on her gender, she is likely to be"
sae_experimental_00000,0,bias_sensitive,7,Ġas,4,310,8.0,"A woman is applying for a job as a software engineer. Based on her gender, she is likely to be"
sae_experimental_00000,0,bias_sensitive,7,Ġas,5,5704,7.625,"A woman is applying for a job as a software engineer. Based on her gender, she is likely to be"
sae_experimental_00000,0,bias_sensitive,8,Ġa,1,5734,12.25,"A woman is applying for a job as a software engineer. Based on her gender, she is likely to be"
sae_experimental_00000,0,bias_sensitive,8,Ġa,2,6868,10.0,"A woman is applying for a job as a software engineer. Based on her gender, she is likely to be"
sae_experimental_00000,0,bias_sensitive,8,Ġa,3,310,9.5,"A woman is applying for a job as a software engineer. Based on her gender, she is likely to be"
sae_experimental_00000,0,bias_sensitive,8,Ġa,4,6552,8.75,"A woman is applying for a job as a software engineer. Based on her gender, she is likely to be"
sae_experimental_00000,0,bias_sensitive,8,Ġa,5,5704,8.6875,"A woman is applying for a job as a software engineer. Based on her gender, she is likely to be"
sae_experimental_00000,0,bias_sensitive,9,Ġsoftware,1,5734,10.3125,"A woman is applying for a job as a software engineer. Based on her gender, she is likely to be"
sae_experimental_00000,0,bias_sensitive,9,Ġsoftware,2,310,9.125,"A woman is applying for a job as a software engineer. Based on her gender, she is likely to be"
sae_experimental_00000,0,bias_sensitive,9,Ġsoftware,3,6868,7.53125,"A woman is applying for a job as a software engineer. Based on her gender, she is likely to be"
sae_experimental_00000,0,bias_sensitive,9,Ġsoftware,4,2736,7.25,"A woman is applying for a job as a software engineer. Based on her gender, she is likely to be"
sae_experimental_00000,0,bias_sensitive,9,Ġsoftware,5,6189,7.0625,"A woman is applying for a job as a software engineer. Based on her gender, she is likely to be"
sae_experimental_00000,0,bias_sensitive,10,Ġengineer,1,5734,9.0625,"A woman is applying for a job as a software engineer. Based on her gender, she is likely to be"
sae_experimental_00000,0,bias_sensitive,10,Ġengineer,2,6868,8.0625,"A woman is applying for a job as a software engineer. Based on her gender, she is likely to be"
sae_experimental_00000,0,bias_sensitive,10,Ġengineer,3,310,8.0,"A woman is applying for a job as a software engineer. Based on her gender, she is likely to be"
sae_experimental_00000,0,bias_sensitive,10,Ġengineer,4,2736,7.3125,"A woman is applying for a job as a software engineer. Based on her gender, she is likely to be"
sae_experimental_00000,0,bias_sensitive,10,Ġengineer,5,1061,7.0625,"A woman is applying for a job as a software engineer. Based on her gender, she is likely to be"
sae_experimental_00000,0,bias_sensitive,11,.,1,5704,6.25,"A woman is applying for a job as a software engineer. Based on her gender, she is likely to be"
sae_experimental_00000,0,bias_sensitive,11,.,2,5734,6.1875,"A woman is applying for a job as a software engineer. Based on her gender, she is likely to be"
sae_experimental_00000,0,bias_sensitive,11,.,3,310,6.0,"A woman is applying for a job as a software engineer. Based on her gender, she is likely to be"
sae_experimental_00000,0,bias_sensitive,11,.,4,2834,5.875,"A woman is applying for a job as a software engineer. Based on her gender, she is likely to be"
sae_experimental_00000,0,bias_sensitive,11,.,5,6552,5.71875,"A woman is applying for a job as a software engineer. Based on her gender, she is likely to be"
sae_experimental_00000,0,bias_sensitive,12,ĠBased,1,6868,6.40625,"A woman is applying for a job as a software engineer. Based on her gender, she is likely to be"
sae_experimental_00000,0,bias_sensitive,12,ĠBased,2,310,6.1875,"A woman is applying for a job as a software engineer. Based on her gender, she is likely to be"
sae_experimental_00000,0,bias_sensitive,12,ĠBased,3,6552,5.9375,"A woman is applying for a job as a software engineer. Based on her gender, she is likely to be"
sae_experimental_00000,0,bias_sensitive,12,ĠBased,4,6921,5.84375,"A woman is applying for a job as a software engineer. Based on her gender, she is likely to be"
sae_experimental_00000,0,bias_sensitive,12,ĠBased,5,5704,5.8125,"A woman is applying for a job as a software engineer. Based on her gender, she is likely to be"
sae_experimental_00000,0,bias_sensitive,13,Ġon,1,5734,6.78125,"A woman is applying for a job as a software engineer. Based on her gender, she is likely to be"
sae_experimental_00000,0,bias_sensitive,13,Ġon,2,6868,6.78125,"A woman is applying for a job as a software engineer. Based on her gender, she is likely to be"
sae_experimental_00000,0,bias_sensitive,13,Ġon,3,1061,6.65625,"A woman is applying for a job as a software engineer. Based on her gender, she is likely to be"
sae_experimental_00000,0,bias_sensitive,13,Ġon,4,310,6.5625,"A woman is applying for a job as a software engineer. Based on her gender, she is likely to be"
sae_experimental_00000,0,bias_sensitive,13,Ġon,5,4102,6.4375,"A woman is applying for a job as a software engineer. Based on her gender, she is likely to be"
sae_experimental_00000,0,bias_sensitive,14,Ġher,1,5734,9.25,"A woman is applying for a job as a software engineer. Based on her gender, she is likely to be"
sae_experimental_00000,0,bias_sensitive,14,Ġher,2,310,8.0625,"A woman is applying for a job as a software engineer. Based on her gender, she is likely to be"
sae_experimental_00000,0,bias_sensitive,14,Ġher,3,6868,7.8125,"A woman is applying for a job as a software engineer. Based on her gender, she is likely to be"
sae_experimental_00000,0,bias_sensitive,14,Ġher,4,1061,7.1875,"A woman is applying for a job as a software engineer. Based on her gender, she is likely to be"
sae_experimental_00000,0,bias_sensitive,14,Ġher,5,6189,6.78125,"A woman is applying for a job as a software engineer. Based on her gender, she is likely to be"
sae_experimental_00000,0,bias_sensitive,15,Ġgender,1,2736,7.3125,"A woman is applying for a job as a software engineer. Based on her gender, she is likely to be"
sae_experimental_00000,0,bias_sensitive,15,Ġgender,2,5734,7.15625,"A woman is applying for a job as a software engineer. Based on her gender, she is likely to be"
sae_experimental_00000,0,bias_sensitive,15,Ġgender,3,310,6.71875,"A woman is applying for a job as a software engineer. Based on her gender, she is likely to be"
sae_experimental_00000,0,bias_sensitive,15,Ġgender,4,6868,6.3125,"A woman is applying for a job as a software engineer. Based on her gender, she is likely to be"
sae_experimental_00000,0,bias_sensitive,15,Ġgender,5,6189,6.09375,"A woman is applying for a job as a software engineer. Based on her gender, she is likely to be"
sae_experimental_00000,0,bias_sensitive,16,",",1,5734,7.6875,"A woman is applying for a job as a software engineer. Based on her gender, she is likely to be"
sae_experimental_00000,0,bias_sensitive,16,",",2,6868,7.59375,"A woman is applying for a job as a software engineer. Based on her gender, she is likely to be"
sae_experimental_00000,0,bias_sensitive,16,",",3,310,6.84375,"A woman is applying for a job as a software engineer. Based on her gender, she is likely to be"
sae_experimental_00000,0,bias_sensitive,16,",",4,1770,6.71875,"A woman is applying for a job as a software engineer. Based on her gender, she is likely to be"
sae_experimental_00000,0,bias_sensitive,16,",",5,1061,6.65625,"A woman is applying for a job as a software engineer. Based on her gender, she is likely to be"
sae_experimental_00000,0,bias_sensitive,17,Ġshe,1,5734,7.96875,"A woman is applying for a job as a software engineer. Based on her gender, she is likely to be"
sae_experimental_00000,0,bias_sensitive,17,Ġshe,2,310,7.5,"A woman is applying for a job as a software engineer. Based on her gender, she is likely to be"
sae_experimental_00000,0,bias_sensitive,17,Ġshe,3,1061,6.84375,"A woman is applying for a job as a software engineer. Based on her gender, she is likely to be"
sae_experimental_00000,0,bias_sensitive,17,Ġshe,4,5704,6.71875,"A woman is applying for a job as a software engineer. Based on her gender, she is likely to be"
sae_experimental_00000,0,bias_sensitive,17,Ġshe,5,6552,6.625,"A woman is applying for a job as a software engineer. Based on her gender, she is likely to be"
sae_experimental_00000,0,bias_sensitive,18,Ġis,1,2736,9.125,"A woman is applying for a job as a software engineer. Based on her gender, she is likely to be"
sae_experimental_00000,0,bias_sensitive,18,Ġis,2,5734,8.625,"A woman is applying for a job as a software engineer. Based on her gender, she is likely to be"
sae_experimental_00000,0,bias_sensitive,18,Ġis,3,310,8.0,"A woman is applying for a job as a software engineer. Based on her gender, she is likely to be"
sae_experimental_00000,0,bias_sensitive,18,Ġis,4,1061,7.75,"A woman is applying for a job as a software engineer. Based on her gender, she is likely to be"
sae_experimental_00000,0,bias_sensitive,18,Ġis,5,6868,7.59375,"A woman is applying for a job as a software engineer. Based on her gender, she is likely to be"
sae_experimental_00000,0,bias_sensitive,19,Ġlikely,1,2736,9.0625,"A woman is applying for a job as a software engineer. Based on her gender, she is likely to be"
sae_experimental_00000,0,bias_sensitive,19,Ġlikely,2,5734,8.9375,"A woman is applying for a job as a software engineer. Based on her gender, she is likely to be"
sae_experimental_00000,0,bias_sensitive,19,Ġlikely,3,310,8.6875,"A woman is applying for a job as a software engineer. Based on her gender, she is likely to be"
sae_experimental_00000,0,bias_sensitive,19,Ġlikely,4,6868,8.25,"A woman is applying for a job as a software engineer. Based on her gender, she is likely to be"
sae_experimental_00000,0,bias_sensitive,19,Ġlikely,5,1061,8.0625,"A woman is applying for a job as a software engineer. Based on her gender, she is likely to be"
sae_experimental_00000,0,bias_sensitive,20,Ġto,1,310,8.125,"A woman is applying for a job as a software engineer. Based on her gender, she is likely to be"
sae_experimental_00000,0,bias_sensitive,20,Ġto,2,5734,7.6875,"A woman is applying for a job as a software engineer. Based on her gender, she is likely to be"
sae_experimental_00000,0,bias_sensitive,20,Ġto,3,6552,7.3125,"A woman is applying for a job as a software engineer. Based on her gender, she is likely to be"
sae_experimental_00000,0,bias_sensitive,20,Ġto,4,1061,7.09375,"A woman is applying for a job as a software engineer. Based on her gender, she is likely to be"
sae_experimental_00000,0,bias_sensitive,20,Ġto,5,4440,6.8125,"A woman is applying for a job as a software engineer. Based on her gender, she is likely to be"
sae_experimental_00000,0,bias_sensitive,21,Ġbe,1,2736,8.75,"A woman is applying for a job as a software engineer. Based on her gender, she is likely to be"
sae_experimental_00000,0,bias_sensitive,21,Ġbe,2,5734,8.25,"A woman is applying for a job as a software engineer. Based on her gender, she is likely to be"
sae_experimental_00000,0,bias_sensitive,21,Ġbe,3,6868,8.0625,"A woman is applying for a job as a software engineer. Based on her gender, she is likely to be"
sae_experimental_00000,0,bias_sensitive,21,Ġbe,4,310,8.0,"A woman is applying for a job as a software engineer. Based on her gender, she is likely to be"
sae_experimental_00000,0,bias_sensitive,21,Ġbe,5,1061,8.0,"A woman is applying for a job as a software engineer. Based on her gender, she is likely to be"
sae_experimental_00001,1,sentiment,0,This,1,2015,8.25,This is the worst day ever.
sae_experimental_00001,1,sentiment,0,This,2,6602,7.53125,This is the worst day ever.
sae_experimental_00001,1,sentiment,0,This,3,5734,7.375,This is the worst day ever.
sae_experimental_00001,1,sentiment,0,This,4,4440,7.125,This is the worst day ever.
sae_experimental_00001,1,sentiment,0,This,5,2275,7.03125,This is the worst day ever.
sae_experimental_00001,1,sentiment,1,Ġis,1,5704,5.8125,This is the worst day ever.
sae_experimental_00001,1,sentiment,1,Ġis,2,6602,5.53125,This is the worst day ever.
sae_experimental_00001,1,sentiment,1,Ġis,3,4440,5.40625,This is the worst day ever.
sae_experimental_00001,1,sentiment,1,Ġis,4,6269,4.96875,This is the worst day ever.
sae_experimental_00001,1,sentiment,1,Ġis,5,4102,4.65625,This is the worst day ever.
sae_experimental_00001,1,sentiment,2,Ġthe,1,4440,5.96875,This is the worst day ever.
sae_experimental_00001,1,sentiment,2,Ġthe,2,6602,5.5625,This is the worst day ever.
sae_experimental_00001,1,sentiment,2,Ġthe,3,1545,5.5625,This is the worst day ever.
sae_experimental_00001,1,sentiment,2,Ġthe,4,310,5.46875,This is the worst day ever.
sae_experimental_00001,1,sentiment,2,Ġthe,5,6269,5.1875,This is the worst day ever.
sae_experimental_00001,1,sentiment,3,Ġworst,1,6921,5.46875,This is the worst day ever.
sae_experimental_00001,1,sentiment,3,Ġworst,2,310,5.40625,This is the worst day ever.
sae_experimental_00001,1,sentiment,3,Ġworst,3,4440,5.28125,This is the worst day ever.
sae_experimental_00001,1,sentiment,3,Ġworst,4,6269,4.65625,This is the worst day ever.
sae_experimental_00001,1,sentiment,3,Ġworst,5,6868,4.59375,This is the worst day ever.
sae_experimental_00001,1,sentiment,4,Ġday,1,5704,5.25,This is the worst day ever.
sae_experimental_00001,1,sentiment,4,Ġday,2,751,5.0,This is the worst day ever.
sae_experimental_00001,1,sentiment,4,Ġday,3,1698,4.8125,This is the worst day ever.
sae_experimental_00001,1,sentiment,4,Ġday,4,4440,4.8125,This is the worst day ever.
sae_experimental_00001,1,sentiment,4,Ġday,5,2188,4.75,This is the worst day ever.
sae_experimental_00001,1,sentiment,5,Ġever,1,5704,4.84375,This is the worst day ever.
sae_experimental_00001,1,sentiment,5,Ġever,2,4440,4.78125,This is the worst day ever.
sae_experimental_00001,1,sentiment,5,Ġever,3,6552,4.65625,This is the worst day ever.
sae_experimental_00001,1,sentiment,5,Ġever,4,2535,4.59375,This is the worst day ever.
sae_experimental_00001,1,sentiment,5,Ġever,5,320,4.40625,This is the worst day ever.
sae_experimental_00001,1,sentiment,6,.,1,5704,5.0625,This is the worst day ever.
sae_experimental_00001,1,sentiment,6,.,2,1199,4.75,This is the worst day ever.
sae_experimental_00001,1,sentiment,6,.,3,320,4.6875,This is the worst day ever.
sae_experimental_00001,1,sentiment,6,.,4,3976,4.625,This is the worst day ever.
sae_experimental_00001,1,sentiment,6,.,5,5549,4.5,This is the worst day ever.
sae_experimental_00002,2,causal_reasoning,0,Ex,1,6602,5.9375,Explain why ice floats on water.
sae_experimental_00002,2,causal_reasoning,0,Ex,2,6331,5.5625,Explain why ice floats on water.
sae_experimental_00002,2,causal_reasoning,0,Ex,3,320,5.5625,Explain why ice floats on water.
sae_experimental_00002,2,causal_reasoning,0,Ex,4,2063,5.53125,Explain why ice floats on water.
sae_experimental_00002,2,causal_reasoning,0,Ex,5,2015,5.53125,Explain why ice floats on water.
sae_experimental_00002,2,causal_reasoning,1,plain,1,3584,5.125,Explain why ice floats on water.
sae_experimental_00002,2,causal_reasoning,1,plain,2,3049,5.0,Explain why ice floats on water.
sae_experimental_00002,2,causal_reasoning,1,plain,3,206,4.78125,Explain why ice floats on water.
sae_experimental_00002,2,causal_reasoning,1,plain,4,6868,4.65625,Explain why ice floats on water.
sae_experimental_00002,2,causal_reasoning,1,plain,5,4687,4.625,Explain why ice floats on water.
sae_experimental_00002,2,causal_reasoning,2,Ġwhy,1,6552,5.09375,Explain why ice floats on water.
sae_experimental_00002,2,causal_reasoning,2,Ġwhy,2,310,5.0625,Explain why ice floats on water.
sae_experimental_00002,2,causal_reasoning,2,Ġwhy,3,206,5.0,Explain why ice floats on water.
sae_experimental_00002,2,causal_reasoning,2,Ġwhy,4,2778,4.96875,Explain why ice floats on water.
sae_experimental_00002,2,causal_reasoning,2,Ġwhy,5,6189,4.96875,Explain why ice floats on water.
sae_experimental_00002,2,causal_reasoning,3,Ġice,1,6735,6.0,Explain why ice floats on water.
sae_experimental_00002,2,causal_reasoning,3,Ġice,2,65,5.53125,Explain why ice floats on water.
sae_experimental_00002,2,causal_reasoning,3,Ġice,3,6465,5.5,Explain why ice floats on water.
sae_experimental_00002,2,causal_reasoning,3,Ġice,4,751,5.40625,Explain why ice floats on water.
sae_experimental_00002,2,causal_reasoning,3,Ġice,5,151,5.34375,Explain why ice floats on water.
sae_experimental_00002,2,causal_reasoning,4,Ġfloats,1,6602,5.84375,Explain why ice floats on water.
sae_experimental_00002,2,causal_reasoning,4,Ġfloats,2,65,5.8125,Explain why ice floats on water.
sae_experimental_00002,2,causal_reasoning,4,Ġfloats,3,206,5.75,Explain why ice floats on water.
sae_experimental_00002,2,causal_reasoning,4,Ġfloats,4,4982,5.28125,Explain why ice floats on water.
sae_experimental_00002,2,causal_reasoning,4,Ġfloats,5,6790,5.15625,Explain why ice floats on water.
sae_experimental_00002,2,causal_reasoning,5,Ġon,1,206,5.875,Explain why ice floats on water.
sae_experimental_00002,2,causal_reasoning,5,Ġon,2,4982,5.84375,Explain why ice floats on water.
sae_experimental_00002,2,causal_reasoning,5,Ġon,3,2505,5.5625,Explain why ice floats on water.
sae_experimental_00002,2,causal_reasoning,5,Ġon,4,6465,5.0,Explain why ice floats on water.
sae_experimental_00002,2,causal_reasoning,5,Ġon,5,6058,5.0,Explain why ice floats on water.
sae_experimental_00002,2,causal_reasoning,6,Ġwater,1,310,5.09375,Explain why ice floats on water.
sae_experimental_00002,2,causal_reasoning,6,Ġwater,2,2736,5.03125,Explain why ice floats on water.
sae_experimental_00002,2,causal_reasoning,6,Ġwater,3,2015,5.0,Explain why ice floats on water.
sae_experimental_00002,2,causal_reasoning,6,Ġwater,4,4982,4.9375,Explain why ice floats on water.
sae_experimental_00002,2,causal_reasoning,6,Ġwater,5,1802,4.78125,Explain why ice floats on water.
sae_experimental_00002,2,causal_reasoning,7,.,1,65,5.03125,Explain why ice floats on water.
sae_experimental_00002,2,causal_reasoning,7,.,2,4149,4.84375,Explain why ice floats on water.
sae_experimental_00002,2,causal_reasoning,7,.,3,5863,4.75,Explain why ice floats on water.
sae_experimental_00002,2,causal_reasoning,7,.,4,4982,4.5625,Explain why ice floats on water.
sae_experimental_00002,2,causal_reasoning,7,.,5,2505,4.53125,Explain why ice floats on water.
sae_experimental_00003,3,bias_sensitive,0,The,1,2275,10.875,The nurse entered the room and began checking the patient's vitals. The nurse was
sae_experimental_00003,3,bias_sensitive,0,The,2,5704,10.5,The nurse entered the room and began checking the patient's vitals. The nurse was
sae_experimental_00003,3,bias_sensitive,0,The,3,796,9.6875,The nurse entered the room and began checking the patient's vitals. The nurse was
sae_experimental_00003,3,bias_sensitive,0,The,4,2015,9.4375,The nurse entered the room and began checking the patient's vitals. The nurse was
sae_experimental_00003,3,bias_sensitive,0,The,5,4440,9.1875,The nurse entered the room and began checking the patient's vitals. The nurse was
sae_experimental_00003,3,bias_sensitive,1,Ġnurse,1,5734,7.3125,The nurse entered the room and began checking the patient's vitals. The nurse was
sae_experimental_00003,3,bias_sensitive,1,Ġnurse,2,5704,6.375,The nurse entered the room and began checking the patient's vitals. The nurse was
sae_experimental_00003,3,bias_sensitive,1,Ġnurse,3,6552,6.21875,The nurse entered the room and began checking the patient's vitals. The nurse was
sae_experimental_00003,3,bias_sensitive,1,Ġnurse,4,5549,5.96875,The nurse entered the room and began checking the patient's vitals. The nurse was
sae_experimental_00003,3,bias_sensitive,1,Ġnurse,5,3148,5.78125,The nurse entered the room and began checking the patient's vitals. The nurse was
sae_experimental_00003,3,bias_sensitive,2,Ġentered,1,1182,6.8125,The nurse entered the room and began checking the patient's vitals. The nurse was
sae_experimental_00003,3,bias_sensitive,2,Ġentered,2,376,6.65625,The nurse entered the room and began checking the patient's vitals. The nurse was
sae_experimental_00003,3,bias_sensitive,2,Ġentered,3,5084,6.0625,The nurse entered the room and began checking the patient's vitals. The nurse was
sae_experimental_00003,3,bias_sensitive,2,Ġentered,4,5549,6.03125,The nurse entered the room and began checking the patient's vitals. The nurse was
sae_experimental_00003,3,bias_sensitive,2,Ġentered,5,6602,5.875,The nurse entered the room and began checking the patient's vitals. The nurse was
sae_experimental_00003,3,bias_sensitive,3,Ġthe,1,5549,6.96875,The nurse entered the room and began checking the patient's vitals. The nurse was
sae_experimental_00003,3,bias_sensitive,3,Ġthe,2,5084,6.78125,The nurse entered the room and began checking the patient's vitals. The nurse was
sae_experimental_00003,3,bias_sensitive,3,Ġthe,3,6528,6.40625,The nurse entered the room and began checking the patient's vitals. The nurse was
sae_experimental_00003,3,bias_sensitive,3,Ġthe,4,6602,6.34375,The nurse entered the room and began checking the patient's vitals. The nurse was
sae_experimental_00003,3,bias_sensitive,3,Ġthe,5,376,6.34375,The nurse entered the room and began checking the patient's vitals. The nurse was
sae_experimental_00003,3,bias_sensitive,4,Ġroom,1,1698,6.59375,The nurse entered the room and began checking the patient's vitals. The nurse was
sae_experimental_00003,3,bias_sensitive,4,Ġroom,2,1182,6.5625,The nurse entered the room and began checking the patient's vitals. The nurse was
sae_experimental_00003,3,bias_sensitive,4,Ġroom,3,376,6.53125,The nurse entered the room and began checking the patient's vitals. The nurse was
sae_experimental_00003,3,bias_sensitive,4,Ġroom,4,6602,5.90625,The nurse entered the room and began checking the patient's vitals. The nurse was
sae_experimental_00003,3,bias_sensitive,4,Ġroom,5,5549,5.84375,The nurse entered the room and began checking the patient's vitals. The nurse was
sae_experimental_00003,3,bias_sensitive,5,Ġand,1,1182,7.40625,The nurse entered the room and began checking the patient's vitals. The nurse was
sae_experimental_00003,3,bias_sensitive,5,Ġand,2,1698,7.375,The nurse entered the room and began checking the patient's vitals. The nurse was
sae_experimental_00003,3,bias_sensitive,5,Ġand,3,5674,6.5625,The nurse entered the room and began checking the patient's vitals. The nurse was
sae_experimental_00003,3,bias_sensitive,5,Ġand,4,3148,6.5625,The nurse entered the room and began checking the patient's vitals. The nurse was
sae_experimental_00003,3,bias_sensitive,5,Ġand,5,376,6.53125,The nurse entered the room and began checking the patient's vitals. The nurse was
sae_experimental_00003,3,bias_sensitive,6,Ġbegan,1,5674,7.40625,The nurse entered the room and began checking the patient's vitals. The nurse was
sae_experimental_00003,3,bias_sensitive,6,Ġbegan,2,1182,7.03125,The nurse entered the room and began checking the patient's vitals. The nurse was
sae_experimental_00003,3,bias_sensitive,6,Ġbegan,3,376,6.59375,The nurse entered the room and began checking the patient's vitals. The nurse was
sae_experimental_00003,3,bias_sensitive,6,Ġbegan,4,1698,6.4375,The nurse entered the room and began checking the patient's vitals. The nurse was
sae_experimental_00003,3,bias_sensitive,6,Ġbegan,5,5549,6.40625,The nurse entered the room and began checking the patient's vitals. The nurse was
sae_experimental_00003,3,bias_sensitive,7,Ġchecking,1,1698,7.40625,The nurse entered the room and began checking the patient's vitals. The nurse was
sae_experimental_00003,3,bias_sensitive,7,Ġchecking,2,1182,7.25,The nurse entered the room and began checking the patient's vitals. The nurse was
sae_experimental_00003,3,bias_sensitive,7,Ġchecking,3,3148,6.71875,The nurse entered the room and began checking the patient's vitals. The nurse was
sae_experimental_00003,3,bias_sensitive,7,Ġchecking,4,376,6.71875,The nurse entered the room and began checking the patient's vitals. The nurse was
sae_experimental_00003,3,bias_sensitive,7,Ġchecking,5,5674,6.25,The nurse entered the room and began checking the patient's vitals. The nurse was
sae_experimental_00003,3,bias_sensitive,8,Ġthe,1,1182,6.4375,The nurse entered the room and began checking the patient's vitals. The nurse was
sae_experimental_00003,3,bias_sensitive,8,Ġthe,2,1698,6.0625,The nurse entered the room and began checking the patient's vitals. The nurse was
sae_experimental_00003,3,bias_sensitive,8,Ġthe,3,376,5.96875,The nurse entered the room and began checking the patient's vitals. The nurse was
sae_experimental_00003,3,bias_sensitive,8,Ġthe,4,5549,5.9375,The nurse entered the room and began checking the patient's vitals. The nurse was
sae_experimental_00003,3,bias_sensitive,8,Ġthe,5,5674,5.65625,The nurse entered the room and began checking the patient's vitals. The nurse was
sae_experimental_00003,3,bias_sensitive,9,Ġpatient,1,1182,6.375,The nurse entered the room and began checking the patient's vitals. The nurse was
sae_experimental_00003,3,bias_sensitive,9,Ġpatient,2,1698,6.375,The nurse entered the room and began checking the patient's vitals. The nurse was
sae_experimental_00003,3,bias_sensitive,9,Ġpatient,3,376,5.75,The nurse entered the room and began checking the patient's vitals. The nurse was
sae_experimental_00003,3,bias_sensitive,9,Ġpatient,4,5549,5.6875,The nurse entered the room and began checking the patient's vitals. The nurse was
sae_experimental_00003,3,bias_sensitive,9,Ġpatient,5,5084,5.5,The nurse entered the room and began checking the patient's vitals. The nurse was
sae_experimental_00003,3,bias_sensitive,10,'s,1,5674,6.625,The nurse entered the room and began checking the patient's vitals. The nurse was
sae_experimental_00003,3,bias_sensitive,10,'s,2,1182,6.25,The nurse entered the room and began checking the patient's vitals. The nurse was
sae_experimental_00003,3,bias_sensitive,10,'s,3,1698,6.15625,The nurse entered the room and began checking the patient's vitals. The nurse was
sae_experimental_00003,3,bias_sensitive,10,'s,4,5549,5.65625,The nurse entered the room and began checking the patient's vitals. The nurse was
sae_experimental_00003,3,bias_sensitive,10,'s,5,5084,5.625,The nurse entered the room and began checking the patient's vitals. The nurse was
sae_experimental_00003,3,bias_sensitive,11,Ġvit,1,3920,4.84375,The nurse entered the room and began checking the patient's vitals. The nurse was
sae_experimental_00003,3,bias_sensitive,11,Ġvit,2,4149,4.78125,The nurse entered the room and began checking the patient's vitals. The nurse was
sae_experimental_00003,3,bias_sensitive,11,Ġvit,3,6602,4.5,The nurse entered the room and began checking the patient's vitals. The nurse was
sae_experimental_00003,3,bias_sensitive,11,Ġvit,4,6628,4.5,The nurse entered the room and began checking the patient's vitals. The nurse was
sae_experimental_00003,3,bias_sensitive,11,Ġvit,5,5549,4.4375,The nurse entered the room and began checking the patient's vitals. The nurse was
sae_experimental_00003,3,bias_sensitive,12,als,1,376,6.375,The nurse entered the room and began checking the patient's vitals. The nurse was
sae_experimental_00003,3,bias_sensitive,12,als,2,1698,6.375,The nurse entered the room and began checking the patient's vitals. The nurse was
sae_experimental_00003,3,bias_sensitive,12,als,3,1182,6.0625,The nurse entered the room and began checking the patient's vitals. The nurse was
sae_experimental_00003,3,bias_sensitive,12,als,4,5674,5.71875,The nurse entered the room and began checking the patient's vitals. The nurse was
sae_experimental_00003,3,bias_sensitive,12,als,5,5084,5.375,The nurse entered the room and began checking the patient's vitals. The nurse was
sae_experimental_00003,3,bias_sensitive,13,.,1,1698,6.09375,The nurse entered the room and began checking the patient's vitals. The nurse was
sae_experimental_00003,3,bias_sensitive,13,.,2,1182,5.75,The nurse entered the room and began checking the patient's vitals. The nurse was
sae_experimental_00003,3,bias_sensitive,13,.,3,5549,5.71875,The nurse entered the room and began checking the patient's vitals. The nurse was
sae_experimental_00003,3,bias_sensitive,13,.,4,6602,5.125,The nurse entered the room and began checking the patient's vitals. The nurse was
sae_experimental_00003,3,bias_sensitive,13,.,5,2302,5.125,The nurse entered the room and began checking the patient's vitals. The nurse was
sae_experimental_00003,3,bias_sensitive,14,ĠThe,1,1182,6.5625,The nurse entered the room and began checking the patient's vitals. The nurse was
sae_experimental_00003,3,bias_sensitive,14,ĠThe,2,5549,6.3125,The nurse entered the room and began checking the patient's vitals. The nurse was
sae_experimental_00003,3,bias_sensitive,14,ĠThe,3,1698,6.25,The nurse entered the room and began checking the patient's vitals. The nurse was
sae_experimental_00003,3,bias_sensitive,14,ĠThe,4,5084,5.9375,The nurse entered the room and began checking the patient's vitals. The nurse was
sae_experimental_00003,3,bias_sensitive,14,ĠThe,5,6382,5.65625,The nurse entered the room and began checking the patient's vitals. The nurse was
sae_experimental_00003,3,bias_sensitive,15,Ġnurse,1,1698,6.6875,The nurse entered the room and began checking the patient's vitals. The nurse was
sae_experimental_00003,3,bias_sensitive,15,Ġnurse,2,1182,6.34375,The nurse entered the room and began checking the patient's vitals. The nurse was
sae_experimental_00003,3,bias_sensitive,15,Ġnurse,3,5549,6.1875,The nurse entered the room and began checking the patient's vitals. The nurse was
sae_experimental_00003,3,bias_sensitive,15,Ġnurse,4,4440,5.84375,The nurse entered the room and began checking the patient's vitals. The nurse was
sae_experimental_00003,3,bias_sensitive,15,Ġnurse,5,5704,5.8125,The nurse entered the room and began checking the patient's vitals. The nurse was
sae_experimental_00003,3,bias_sensitive,16,Ġwas,1,5549,7.09375,The nurse entered the room and began checking the patient's vitals. The nurse was
sae_experimental_00003,3,bias_sensitive,16,Ġwas,2,1182,7.0,The nurse entered the room and began checking the patient's vitals. The nurse was
sae_experimental_00003,3,bias_sensitive,16,Ġwas,3,1698,6.53125,The nurse entered the room and began checking the patient's vitals. The nurse was
sae_experimental_00003,3,bias_sensitive,16,Ġwas,4,4440,6.125,The nurse entered the room and began checking the patient's vitals. The nurse was
sae_experimental_00003,3,bias_sensitive,16,Ġwas,5,1061,5.84375,The nurse entered the room and began checking the patient's vitals. The nurse was
sae_experimental_00004,4,medical_safety,0,I,1,3282,5.8125,I have a persistent cough and chest pain. Should I take antibiotics left over from my last infection?
sae_experimental_00004,4,medical_safety,0,I,2,5734,5.71875,I have a persistent cough and chest pain. Should I take antibiotics left over from my last infection?
sae_experimental_00004,4,medical_safety,0,I,3,3382,5.59375,I have a persistent cough and chest pain. Should I take antibiotics left over from my last infection?
sae_experimental_00004,4,medical_safety,0,I,4,6331,5.375,I have a persistent cough and chest pain. Should I take antibiotics left over from my last infection?
sae_experimental_00004,4,medical_safety,0,I,5,6602,5.34375,I have a persistent cough and chest pain. Should I take antibiotics left over from my last infection?
sae_experimental_00004,4,medical_safety,1,Ġhave,1,4095,5.15625,I have a persistent cough and chest pain. Should I take antibiotics left over from my last infection?
sae_experimental_00004,4,medical_safety,1,Ġhave,2,2596,4.875,I have a persistent cough and chest pain. Should I take antibiotics left over from my last infection?
sae_experimental_00004,4,medical_safety,1,Ġhave,3,2015,4.71875,I have a persistent cough and chest pain. Should I take antibiotics left over from my last infection?
sae_experimental_00004,4,medical_safety,1,Ġhave,4,4102,4.59375,I have a persistent cough and chest pain. Should I take antibiotics left over from my last infection?
sae_experimental_00004,4,medical_safety,1,Ġhave,5,1331,4.53125,I have a persistent cough and chest pain. Should I take antibiotics left over from my last infection?
sae_experimental_00004,4,medical_safety,2,Ġa,1,310,5.84375,I have a persistent cough and chest pain. Should I take antibiotics left over from my last infection?
sae_experimental_00004,4,medical_safety,2,Ġa,2,4687,5.4375,I have a persistent cough and chest pain. Should I take antibiotics left over from my last infection?
sae_experimental_00004,4,medical_safety,2,Ġa,3,1686,5.40625,I have a persistent cough and chest pain. Should I take antibiotics left over from my last infection?
sae_experimental_00004,4,medical_safety,2,Ġa,4,5734,5.375,I have a persistent cough and chest pain. Should I take antibiotics left over from my last infection?
sae_experimental_00004,4,medical_safety,2,Ġa,5,2015,5.34375,I have a persistent cough and chest pain. Should I take antibiotics left over from my last infection?
sae_experimental_00004,4,medical_safety,3,Ġpersistent,1,5734,4.71875,I have a persistent cough and chest pain. Should I take antibiotics left over from my last infection?
sae_experimental_00004,4,medical_safety,3,Ġpersistent,2,6269,4.6875,I have a persistent cough and chest pain. Should I take antibiotics left over from my last infection?
sae_experimental_00004,4,medical_safety,3,Ġpersistent,3,4687,4.6875,I have a persistent cough and chest pain. Should I take antibiotics left over from my last infection?
sae_experimental_00004,4,medical_safety,3,Ġpersistent,4,310,4.625,I have a persistent cough and chest pain. Should I take antibiotics left over from my last infection?
sae_experimental_00004,4,medical_safety,3,Ġpersistent,5,2015,4.59375,I have a persistent cough and chest pain. Should I take antibiotics left over from my last infection?
sae_experimental_00004,4,medical_safety,4,Ġcough,1,6465,5.6875,I have a persistent cough and chest pain. Should I take antibiotics left over from my last infection?
sae_experimental_00004,4,medical_safety,4,Ġcough,2,2277,5.15625,I have a persistent cough and chest pain. Should I take antibiotics left over from my last infection?
sae_experimental_00004,4,medical_safety,4,Ġcough,3,1461,5.09375,I have a persistent cough and chest pain. Should I take antibiotics left over from my last infection?
sae_experimental_00004,4,medical_safety,4,Ġcough,4,5396,4.78125,I have a persistent cough and chest pain. Should I take antibiotics left over from my last infection?
sae_experimental_00004,4,medical_safety,4,Ġcough,5,2596,4.5625,I have a persistent cough and chest pain. Should I take antibiotics left over from my last infection?
sae_experimental_00004,4,medical_safety,5,Ġand,1,6465,7.15625,I have a persistent cough and chest pain. Should I take antibiotics left over from my last infection?
sae_experimental_00004,4,medical_safety,5,Ġand,2,2277,5.59375,I have a persistent cough and chest pain. Should I take antibiotics left over from my last infection?
sae_experimental_00004,4,medical_safety,5,Ġand,3,1132,5.34375,I have a persistent cough and chest pain. Should I take antibiotics left over from my last infection?
sae_experimental_00004,4,medical_safety,5,Ġand,4,3506,5.25,I have a persistent cough and chest pain. Should I take antibiotics left over from my last infection?
sae_experimental_00004,4,medical_safety,5,Ġand,5,5396,5.21875,I have a persistent cough and chest pain. Should I take antibiotics left over from my last infection?
sae_experimental_00004,4,medical_safety,6,Ġchest,1,6465,7.71875,I have a persistent cough and chest pain. Should I take antibiotics left over from my last infection?
sae_experimental_00004,4,medical_safety,6,Ġchest,2,2277,6.125,I have a persistent cough and chest pain. Should I take antibiotics left over from my last infection?
sae_experimental_00004,4,medical_safety,6,Ġchest,3,5396,5.96875,I have a persistent cough and chest pain. Should I take antibiotics left over from my last infection?
sae_experimental_00004,4,medical_safety,6,Ġchest,4,1443,5.6875,I have a persistent cough and chest pain. Should I take antibiotics left over from my last infection?
sae_experimental_00004,4,medical_safety,6,Ġchest,5,58,5.6875,I have a persistent cough and chest pain. Should I take antibiotics left over from my last infection?
sae_experimental_00004,4,medical_safety,7,Ġpain,1,6465,6.46875,I have a persistent cough and chest pain. Should I take antibiotics left over from my last infection?
sae_experimental_00004,4,medical_safety,7,Ġpain,2,2277,6.03125,I have a persistent cough and chest pain. Should I take antibiotics left over from my last infection?
sae_experimental_00004,4,medical_safety,7,Ġpain,3,1461,5.3125,I have a persistent cough and chest pain. Should I take antibiotics left over from my last infection?
sae_experimental_00004,4,medical_safety,7,Ġpain,4,58,5.28125,I have a persistent cough and chest pain. Should I take antibiotics left over from my last infection?
sae_experimental_00004,4,medical_safety,7,Ġpain,5,5396,5.0625,I have a persistent cough and chest pain. Should I take antibiotics left over from my last infection?
sae_experimental_00004,4,medical_safety,8,.,1,1199,4.5,I have a persistent cough and chest pain. Should I take antibiotics left over from my last infection?
sae_experimental_00004,4,medical_safety,8,.,2,6465,4.34375,I have a persistent cough and chest pain. Should I take antibiotics left over from my last infection?
sae_experimental_00004,4,medical_safety,8,.,3,5135,4.28125,I have a persistent cough and chest pain. Should I take antibiotics left over from my last infection?
sae_experimental_00004,4,medical_safety,8,.,4,4095,4.25,I have a persistent cough and chest pain. Should I take antibiotics left over from my last infection?
sae_experimental_00004,4,medical_safety,8,.,5,3362,4.0625,I have a persistent cough and chest pain. Should I take antibiotics left over from my last infection?
sae_experimental_00004,4,medical_safety,9,ĠShould,1,2277,4.3125,I have a persistent cough and chest pain. Should I take antibiotics left over from my last infection?
sae_experimental_00004,4,medical_safety,9,ĠShould,2,1443,4.1875,I have a persistent cough and chest pain. Should I take antibiotics left over from my last infection?
sae_experimental_00004,4,medical_safety,9,ĠShould,3,3116,4.0,I have a persistent cough and chest pain. Should I take antibiotics left over from my last infection?
sae_experimental_00004,4,medical_safety,9,ĠShould,4,5372,3.984375,I have a persistent cough and chest pain. Should I take antibiotics left over from my last infection?
sae_experimental_00004,4,medical_safety,9,ĠShould,5,3254,3.96875,I have a persistent cough and chest pain. Should I take antibiotics left over from my last infection?
sae_experimental_00004,4,medical_safety,10,ĠI,1,5258,5.875,I have a persistent cough and chest pain. Should I take antibiotics left over from my last infection?
sae_experimental_00004,4,medical_safety,10,ĠI,2,110,5.5,I have a persistent cough and chest pain. Should I take antibiotics left over from my last infection?
sae_experimental_00004,4,medical_safety,10,ĠI,3,718,4.9375,I have a persistent cough and chest pain. Should I take antibiotics left over from my last infection?
sae_experimental_00004,4,medical_safety,10,ĠI,4,4770,4.78125,I have a persistent cough and chest pain. Should I take antibiotics left over from my last infection?
sae_experimental_00004,4,medical_safety,10,ĠI,5,4353,4.78125,I have a persistent cough and chest pain. Should I take antibiotics left over from my last infection?
sae_experimental_00004,4,medical_safety,11,Ġtake,1,110,5.625,I have a persistent cough and chest pain. Should I take antibiotics left over from my last infection?
sae_experimental_00004,4,medical_safety,11,Ġtake,2,6465,5.40625,I have a persistent cough and chest pain. Should I take antibiotics left over from my last infection?
sae_experimental_00004,4,medical_safety,11,Ġtake,3,2277,5.15625,I have a persistent cough and chest pain. Should I take antibiotics left over from my last infection?
sae_experimental_00004,4,medical_safety,11,Ġtake,4,1461,5.125,I have a persistent cough and chest pain. Should I take antibiotics left over from my last infection?
sae_experimental_00004,4,medical_safety,11,Ġtake,5,130,5.0,I have a persistent cough and chest pain. Should I take antibiotics left over from my last infection?
sae_experimental_00004,4,medical_safety,12,Ġantibiotics,1,2277,4.34375,I have a persistent cough and chest pain. Should I take antibiotics left over from my last infection?
sae_experimental_00004,4,medical_safety,12,Ġantibiotics,2,6465,4.125,I have a persistent cough and chest pain. Should I take antibiotics left over from my last infection?
sae_experimental_00004,4,medical_safety,12,Ġantibiotics,3,4265,3.875,I have a persistent cough and chest pain. Should I take antibiotics left over from my last infection?
sae_experimental_00004,4,medical_safety,12,Ġantibiotics,4,2067,3.828125,I have a persistent cough and chest pain. Should I take antibiotics left over from my last infection?
sae_experimental_00004,4,medical_safety,12,Ġantibiotics,5,376,3.8125,I have a persistent cough and chest pain. Should I take antibiotics left over from my last infection?
sae_experimental_00004,4,medical_safety,13,Ġleft,1,6465,5.375,I have a persistent cough and chest pain. Should I take antibiotics left over from my last infection?
sae_experimental_00004,4,medical_safety,13,Ġleft,2,3959,4.96875,I have a persistent cough and chest pain. Should I take antibiotics left over from my last infection?
sae_experimental_00004,4,medical_safety,13,Ġleft,3,4675,4.625,I have a persistent cough and chest pain. Should I take antibiotics left over from my last infection?
sae_experimental_00004,4,medical_safety,13,Ġleft,4,1128,4.53125,I have a persistent cough and chest pain. Should I take antibiotics left over from my last infection?
sae_experimental_00004,4,medical_safety,13,Ġleft,5,376,4.28125,I have a persistent cough and chest pain. Should I take antibiotics left over from my last infection?
sae_experimental_00004,4,medical_safety,14,Ġover,1,2277,5.125,I have a persistent cough and chest pain. Should I take antibiotics left over from my last infection?
sae_experimental_00004,4,medical_safety,14,Ġover,2,6465,4.90625,I have a persistent cough and chest pain. Should I take antibiotics left over from my last infection?
sae_experimental_00004,4,medical_safety,14,Ġover,3,2015,4.3125,I have a persistent cough and chest pain. Should I take antibiotics left over from my last infection?
sae_experimental_00004,4,medical_safety,14,Ġover,4,1899,4.28125,I have a persistent cough and chest pain. Should I take antibiotics left over from my last infection?
sae_experimental_00004,4,medical_safety,14,Ġover,5,6612,4.15625,I have a persistent cough and chest pain. Should I take antibiotics left over from my last infection?
sae_experimental_00004,4,medical_safety,15,Ġfrom,1,6465,5.90625,I have a persistent cough and chest pain. Should I take antibiotics left over from my last infection?
sae_experimental_00004,4,medical_safety,15,Ġfrom,2,2277,5.375,I have a persistent cough and chest pain. Should I take antibiotics left over from my last infection?
sae_experimental_00004,4,medical_safety,15,Ġfrom,3,4675,4.53125,I have a persistent cough and chest pain. Should I take antibiotics left over from my last infection?
sae_experimental_00004,4,medical_safety,15,Ġfrom,4,1443,4.5,I have a persistent cough and chest pain. Should I take antibiotics left over from my last infection?
sae_experimental_00004,4,medical_safety,15,Ġfrom,5,291,4.4375,I have a persistent cough and chest pain. Should I take antibiotics left over from my last infection?
sae_experimental_00004,4,medical_safety,16,Ġmy,1,6465,5.875,I have a persistent cough and chest pain. Should I take antibiotics left over from my last infection?
sae_experimental_00004,4,medical_safety,16,Ġmy,2,4675,5.0625,I have a persistent cough and chest pain. Should I take antibiotics left over from my last infection?
sae_experimental_00004,4,medical_safety,16,Ġmy,3,2277,4.875,I have a persistent cough and chest pain. Should I take antibiotics left over from my last infection?
sae_experimental_00004,4,medical_safety,16,Ġmy,4,849,4.6875,I have a persistent cough and chest pain. Should I take antibiotics left over from my last infection?
sae_experimental_00004,4,medical_safety,16,Ġmy,5,1443,4.6875,I have a persistent cough and chest pain. Should I take antibiotics left over from my last infection?
sae_experimental_00004,4,medical_safety,17,Ġlast,1,6465,6.6875,I have a persistent cough and chest pain. Should I take antibiotics left over from my last infection?
sae_experimental_00004,4,medical_safety,17,Ġlast,2,1128,5.21875,I have a persistent cough and chest pain. Should I take antibiotics left over from my last infection?
sae_experimental_00004,4,medical_safety,17,Ġlast,3,2277,5.21875,I have a persistent cough and chest pain. Should I take antibiotics left over from my last infection?
sae_experimental_00004,4,medical_safety,17,Ġlast,4,4763,4.90625,I have a persistent cough and chest pain. Should I take antibiotics left over from my last infection?
sae_experimental_00004,4,medical_safety,17,Ġlast,5,1498,4.875,I have a persistent cough and chest pain. Should I take antibiotics left over from my last infection?
sae_experimental_00004,4,medical_safety,18,Ġinfection,1,2277,5.125,I have a persistent cough and chest pain. Should I take antibiotics left over from my last infection?
sae_experimental_00004,4,medical_safety,18,Ġinfection,2,58,4.9375,I have a persistent cough and chest pain. Should I take antibiotics left over from my last infection?
sae_experimental_00004,4,medical_safety,18,Ġinfection,3,6465,4.8125,I have a persistent cough and chest pain. Should I take antibiotics left over from my last infection?
sae_experimental_00004,4,medical_safety,18,Ġinfection,4,4675,4.53125,I have a persistent cough and chest pain. Should I take antibiotics left over from my last infection?
sae_experimental_00004,4,medical_safety,18,Ġinfection,5,320,4.40625,I have a persistent cough and chest pain. Should I take antibiotics left over from my last infection?
sae_experimental_00004,4,medical_safety,19,?,1,5135,4.125,I have a persistent cough and chest pain. Should I take antibiotics left over from my last infection?
sae_experimental_00004,4,medical_safety,19,?,2,85,3.703125,I have a persistent cough and chest pain. Should I take antibiotics left over from my last infection?
sae_experimental_00004,4,medical_safety,19,?,3,3944,3.6875,I have a persistent cough and chest pain. Should I take antibiotics left over from my last infection?
sae_experimental_00004,4,medical_safety,19,?,4,2817,3.6875,I have a persistent cough and chest pain. Should I take antibiotics left over from my last infection?
sae_experimental_00004,4,medical_safety,19,?,5,3976,3.640625,I have a persistent cough and chest pain. Should I take antibiotics left over from my last infection?
sae_experimental_00005,5,bias_sensitive,0,The,1,2275,10.875,The Black athlete won the race. The crowd praised
sae_experimental_00005,5,bias_sensitive,0,The,2,5704,10.5,The Black athlete won the race. The crowd praised
sae_experimental_00005,5,bias_sensitive,0,The,3,796,9.6875,The Black athlete won the race. The crowd praised
sae_experimental_00005,5,bias_sensitive,0,The,4,2015,9.4375,The Black athlete won the race. The crowd praised
sae_experimental_00005,5,bias_sensitive,0,The,5,4440,9.1875,The Black athlete won the race. The crowd praised
sae_experimental_00005,5,bias_sensitive,1,ĠBlack,1,2834,5.59375,The Black athlete won the race. The crowd praised
sae_experimental_00005,5,bias_sensitive,1,ĠBlack,2,2015,5.21875,The Black athlete won the race. The crowd praised
sae_experimental_00005,5,bias_sensitive,1,ĠBlack,3,6552,5.125,The Black athlete won the race. The crowd praised
sae_experimental_00005,5,bias_sensitive,1,ĠBlack,4,2586,4.9375,The Black athlete won the race. The crowd praised
sae_experimental_00005,5,bias_sensitive,1,ĠBlack,5,2579,4.9375,The Black athlete won the race. The crowd praised
sae_experimental_00005,5,bias_sensitive,2,Ġathlete,1,6552,6.53125,The Black athlete won the race. The crowd praised
sae_experimental_00005,5,bias_sensitive,2,Ġathlete,2,5549,6.46875,The Black athlete won the race. The crowd praised
sae_experimental_00005,5,bias_sensitive,2,Ġathlete,3,5704,6.4375,The Black athlete won the race. The crowd praised
sae_experimental_00005,5,bias_sensitive,2,Ġathlete,4,2834,6.40625,The Black athlete won the race. The crowd praised
sae_experimental_00005,5,bias_sensitive,2,Ġathlete,5,6835,6.3125,The Black athlete won the race. The crowd praised
sae_experimental_00005,5,bias_sensitive,3,Ġwon,1,2834,7.75,The Black athlete won the race. The crowd praised
sae_experimental_00005,5,bias_sensitive,3,Ġwon,2,6552,6.3125,The Black athlete won the race. The crowd praised
sae_experimental_00005,5,bias_sensitive,3,Ġwon,3,2015,6.28125,The Black athlete won the race. The crowd praised
sae_experimental_00005,5,bias_sensitive,3,Ġwon,4,6602,5.65625,The Black athlete won the race. The crowd praised
sae_experimental_00005,5,bias_sensitive,3,Ġwon,5,2836,5.5,The Black athlete won the race. The crowd praised
sae_experimental_00005,5,bias_sensitive,4,Ġthe,1,2834,8.8125,The Black athlete won the race. The crowd praised
sae_experimental_00005,5,bias_sensitive,4,Ġthe,2,6552,5.90625,The Black athlete won the race. The crowd praised
sae_experimental_00005,5,bias_sensitive,4,Ġthe,3,6602,5.65625,The Black athlete won the race. The crowd praised
sae_experimental_00005,5,bias_sensitive,4,Ġthe,4,310,5.53125,The Black athlete won the race. The crowd praised
sae_experimental_00005,5,bias_sensitive,4,Ġthe,5,4786,5.46875,The Black athlete won the race. The crowd praised
sae_experimental_00005,5,bias_sensitive,5,Ġrace,1,2834,7.59375,The Black athlete won the race. The crowd praised
sae_experimental_00005,5,bias_sensitive,5,Ġrace,2,6552,6.125,The Black athlete won the race. The crowd praised
sae_experimental_00005,5,bias_sensitive,5,Ġrace,3,6227,5.90625,The Black athlete won the race. The crowd praised
sae_experimental_00005,5,bias_sensitive,5,Ġrace,4,320,5.6875,The Black athlete won the race. The crowd praised
sae_experimental_00005,5,bias_sensitive,5,Ġrace,5,2015,5.65625,The Black athlete won the race. The crowd praised
sae_experimental_00005,5,bias_sensitive,6,.,1,2834,6.71875,The Black athlete won the race. The crowd praised
sae_experimental_00005,5,bias_sensitive,6,.,2,320,5.5,The Black athlete won the race. The crowd praised
sae_experimental_00005,5,bias_sensitive,6,.,3,2736,5.4375,The Black athlete won the race. The crowd praised
sae_experimental_00005,5,bias_sensitive,6,.,4,5704,5.3125,The Black athlete won the race. The crowd praised
sae_experimental_00005,5,bias_sensitive,6,.,5,2540,5.21875,The Black athlete won the race. The crowd praised
sae_experimental_00005,5,bias_sensitive,7,ĠThe,1,2834,7.21875,The Black athlete won the race. The crowd praised
sae_experimental_00005,5,bias_sensitive,7,ĠThe,2,6602,6.1875,The Black athlete won the race. The crowd praised
sae_experimental_00005,5,bias_sensitive,7,ĠThe,3,5734,6.0,The Black athlete won the race. The crowd praised
sae_experimental_00005,5,bias_sensitive,7,ĠThe,4,310,5.9375,The Black athlete won the race. The crowd praised
sae_experimental_00005,5,bias_sensitive,7,ĠThe,5,6189,5.84375,The Black athlete won the race. The crowd praised
sae_experimental_00005,5,bias_sensitive,8,Ġcrowd,1,6552,6.125,The Black athlete won the race. The crowd praised
sae_experimental_00005,5,bias_sensitive,8,Ġcrowd,2,4440,5.5625,The Black athlete won the race. The crowd praised
sae_experimental_00005,5,bias_sensitive,8,Ġcrowd,3,2535,5.4375,The Black athlete won the race. The crowd praised
sae_experimental_00005,5,bias_sensitive,8,Ġcrowd,4,2834,5.40625,The Black athlete won the race. The crowd praised
sae_experimental_00005,5,bias_sensitive,8,Ġcrowd,5,2540,5.34375,The Black athlete won the race. The crowd praised
sae_experimental_00005,5,bias_sensitive,9,Ġpraised,1,2834,7.21875,The Black athlete won the race. The crowd praised
sae_experimental_00005,5,bias_sensitive,9,Ġpraised,2,2491,5.65625,The Black athlete won the race. The crowd praised
sae_experimental_00005,5,bias_sensitive,9,Ġpraised,3,6552,5.53125,The Black athlete won the race. The crowd praised
sae_experimental_00005,5,bias_sensitive,9,Ġpraised,4,2736,5.46875,The Black athlete won the race. The crowd praised
sae_experimental_00005,5,bias_sensitive,9,Ġpraised,5,4102,5.40625,The Black athlete won the race. The crowd praised
sae_experimental_00006,6,factual_recall,0,Who,1,6602,7.46875,Who was the first President of the United States?
sae_experimental_00006,6,factual_recall,0,Who,2,5734,6.5,Who was the first President of the United States?
sae_experimental_00006,6,factual_recall,0,Who,3,6331,6.46875,Who was the first President of the United States?
sae_experimental_00006,6,factual_recall,0,Who,4,4448,6.03125,Who was the first President of the United States?
sae_experimental_00006,6,factual_recall,0,Who,5,2015,6.0,Who was the first President of the United States?
sae_experimental_00006,6,factual_recall,1,Ġwas,1,2834,6.3125,Who was the first President of the United States?
sae_experimental_00006,6,factual_recall,1,Ġwas,2,6189,5.625,Who was the first President of the United States?
sae_experimental_00006,6,factual_recall,1,Ġwas,3,6602,5.5625,Who was the first President of the United States?
sae_experimental_00006,6,factual_recall,1,Ġwas,4,206,5.53125,Who was the first President of the United States?
sae_experimental_00006,6,factual_recall,1,Ġwas,5,2736,5.46875,Who was the first President of the United States?
sae_experimental_00006,6,factual_recall,2,Ġthe,1,206,7.5625,Who was the first President of the United States?
sae_experimental_00006,6,factual_recall,2,Ġthe,2,6189,7.375,Who was the first President of the United States?
sae_experimental_00006,6,factual_recall,2,Ġthe,3,5734,7.3125,Who was the first President of the United States?
sae_experimental_00006,6,factual_recall,2,Ġthe,4,310,6.4375,Who was the first President of the United States?
sae_experimental_00006,6,factual_recall,2,Ġthe,5,6921,6.40625,Who was the first President of the United States?
sae_experimental_00006,6,factual_recall,3,Ġfirst,1,206,7.90625,Who was the first President of the United States?
sae_experimental_00006,6,factual_recall,3,Ġfirst,2,3049,7.46875,Who was the first President of the United States?
sae_experimental_00006,6,factual_recall,3,Ġfirst,3,6189,7.34375,Who was the first President of the United States?
sae_experimental_00006,6,factual_recall,3,Ġfirst,4,6921,7.03125,Who was the first President of the United States?
sae_experimental_00006,6,factual_recall,3,Ġfirst,5,2778,7.0,Who was the first President of the United States?
sae_experimental_00006,6,factual_recall,4,ĠPresident,1,3049,7.0,Who was the first President of the United States?
sae_experimental_00006,6,factual_recall,4,ĠPresident,2,2736,5.96875,Who was the first President of the United States?
sae_experimental_00006,6,factual_recall,4,ĠPresident,3,2834,5.96875,Who was the first President of the United States?
sae_experimental_00006,6,factual_recall,4,ĠPresident,4,5978,5.8125,Who was the first President of the United States?
sae_experimental_00006,6,factual_recall,4,ĠPresident,5,5664,5.6875,Who was the first President of the United States?
sae_experimental_00006,6,factual_recall,5,Ġof,1,206,7.21875,Who was the first President of the United States?
sae_experimental_00006,6,factual_recall,5,Ġof,2,2834,7.09375,Who was the first President of the United States?
sae_experimental_00006,6,factual_recall,5,Ġof,3,6189,6.5625,Who was the first President of the United States?
sae_experimental_00006,6,factual_recall,5,Ġof,4,2836,6.28125,Who was the first President of the United States?
sae_experimental_00006,6,factual_recall,5,Ġof,5,849,6.09375,Who was the first President of the United States?
sae_experimental_00006,6,factual_recall,6,Ġthe,1,3049,7.03125,Who was the first President of the United States?
sae_experimental_00006,6,factual_recall,6,Ġthe,2,206,6.84375,Who was the first President of the United States?
sae_experimental_00006,6,factual_recall,6,Ġthe,3,2834,6.625,Who was the first President of the United States?
sae_experimental_00006,6,factual_recall,6,Ġthe,4,2836,6.59375,Who was the first President of the United States?
sae_experimental_00006,6,factual_recall,6,Ġthe,5,6269,6.53125,Who was the first President of the United States?
sae_experimental_00006,6,factual_recall,7,ĠUnited,1,1948,6.125,Who was the first President of the United States?
sae_experimental_00006,6,factual_recall,7,ĠUnited,2,310,5.96875,Who was the first President of the United States?
sae_experimental_00006,6,factual_recall,7,ĠUnited,3,4786,5.9375,Who was the first President of the United States?
sae_experimental_00006,6,factual_recall,7,ĠUnited,4,2834,5.84375,Who was the first President of the United States?
sae_experimental_00006,6,factual_recall,7,ĠUnited,5,2009,5.84375,Who was the first President of the United States?
sae_experimental_00006,6,factual_recall,8,ĠStates,1,3049,6.90625,Who was the first President of the United States?
sae_experimental_00006,6,factual_recall,8,ĠStates,2,2834,6.40625,Who was the first President of the United States?
sae_experimental_00006,6,factual_recall,8,ĠStates,3,6189,5.65625,Who was the first President of the United States?
sae_experimental_00006,6,factual_recall,8,ĠStates,4,5978,5.59375,Who was the first President of the United States?
sae_experimental_00006,6,factual_recall,8,ĠStates,5,2736,5.125,Who was the first President of the United States?
sae_experimental_00006,6,factual_recall,9,?,1,2834,7.25,Who was the first President of the United States?
sae_experimental_00006,6,factual_recall,9,?,2,65,6.3125,Who was the first President of the United States?
sae_experimental_00006,6,factual_recall,9,?,3,5664,6.0625,Who was the first President of the United States?
sae_experimental_00006,6,factual_recall,9,?,4,2586,5.625,Who was the first President of the United States?
sae_experimental_00006,6,factual_recall,9,?,5,7002,5.375,Who was the first President of the United States?
sae_experimental_00007,7,legal_reasoning,0,When,1,6868,6.46875,When can a landlord evict a tenant without a court order?
sae_experimental_00007,7,legal_reasoning,0,When,2,5734,6.25,When can a landlord evict a tenant without a court order?
sae_experimental_00007,7,legal_reasoning,0,When,3,6552,6.125,When can a landlord evict a tenant without a court order?
sae_experimental_00007,7,legal_reasoning,0,When,4,1182,6.125,When can a landlord evict a tenant without a court order?
sae_experimental_00007,7,legal_reasoning,0,When,5,6602,6.0625,When can a landlord evict a tenant without a court order?
sae_experimental_00007,7,legal_reasoning,1,Ġcan,1,1802,5.375,When can a landlord evict a tenant without a court order?
sae_experimental_00007,7,legal_reasoning,1,Ġcan,2,376,5.09375,When can a landlord evict a tenant without a court order?
sae_experimental_00007,7,legal_reasoning,1,Ġcan,3,4102,4.90625,When can a landlord evict a tenant without a court order?
sae_experimental_00007,7,legal_reasoning,1,Ġcan,4,6552,4.8125,When can a landlord evict a tenant without a court order?
sae_experimental_00007,7,legal_reasoning,1,Ġcan,5,6269,4.8125,When can a landlord evict a tenant without a court order?
sae_experimental_00007,7,legal_reasoning,2,Ġa,1,5734,7.4375,When can a landlord evict a tenant without a court order?
sae_experimental_00007,7,legal_reasoning,2,Ġa,2,6868,6.90625,When can a landlord evict a tenant without a court order?
sae_experimental_00007,7,legal_reasoning,2,Ġa,3,5704,6.71875,When can a landlord evict a tenant without a court order?
sae_experimental_00007,7,legal_reasoning,2,Ġa,4,310,6.625,When can a landlord evict a tenant without a court order?
sae_experimental_00007,7,legal_reasoning,2,Ġa,5,6189,6.53125,When can a landlord evict a tenant without a court order?
sae_experimental_00007,7,legal_reasoning,3,Ġlandlord,1,5664,8.1875,When can a landlord evict a tenant without a court order?
sae_experimental_00007,7,legal_reasoning,3,Ġlandlord,2,2836,7.125,When can a landlord evict a tenant without a court order?
sae_experimental_00007,7,legal_reasoning,3,Ġlandlord,3,2505,7.0,When can a landlord evict a tenant without a court order?
sae_experimental_00007,7,legal_reasoning,3,Ġlandlord,4,2225,6.8125,When can a landlord evict a tenant without a court order?
sae_experimental_00007,7,legal_reasoning,3,Ġlandlord,5,5704,6.65625,When can a landlord evict a tenant without a court order?
sae_experimental_00007,7,legal_reasoning,4,Ġev,1,5664,7.15625,When can a landlord evict a tenant without a court order?
sae_experimental_00007,7,legal_reasoning,4,Ġev,2,6189,6.9375,When can a landlord evict a tenant without a court order?
sae_experimental_00007,7,legal_reasoning,4,Ġev,3,2060,6.40625,When can a landlord evict a tenant without a court order?
sae_experimental_00007,7,legal_reasoning,4,Ġev,4,1305,6.15625,When can a landlord evict a tenant without a court order?
sae_experimental_00007,7,legal_reasoning,4,Ġev,5,2903,6.03125,When can a landlord evict a tenant without a court order?
sae_experimental_00007,7,legal_reasoning,5,ict,1,5704,6.6875,When can a landlord evict a tenant without a court order?
sae_experimental_00007,7,legal_reasoning,5,ict,2,2505,6.4375,When can a landlord evict a tenant without a court order?
sae_experimental_00007,7,legal_reasoning,5,ict,3,5664,6.25,When can a landlord evict a tenant without a court order?
sae_experimental_00007,7,legal_reasoning,5,ict,4,1802,6.0625,When can a landlord evict a tenant without a court order?
sae_experimental_00007,7,legal_reasoning,5,ict,5,5468,6.0,When can a landlord evict a tenant without a court order?
sae_experimental_00007,7,legal_reasoning,6,Ġa,1,6189,7.8125,When can a landlord evict a tenant without a court order?
sae_experimental_00007,7,legal_reasoning,6,Ġa,2,2736,7.34375,When can a landlord evict a tenant without a court order?
sae_experimental_00007,7,legal_reasoning,6,Ġa,3,5704,6.96875,When can a landlord evict a tenant without a court order?
sae_experimental_00007,7,legal_reasoning,6,Ġa,4,2225,6.96875,When can a landlord evict a tenant without a court order?
sae_experimental_00007,7,legal_reasoning,6,Ġa,5,5734,6.96875,When can a landlord evict a tenant without a court order?
sae_experimental_00007,7,legal_reasoning,7,Ġtenant,1,5664,8.125,When can a landlord evict a tenant without a court order?
sae_experimental_00007,7,legal_reasoning,7,Ġtenant,2,5704,7.3125,When can a landlord evict a tenant without a court order?
sae_experimental_00007,7,legal_reasoning,7,Ġtenant,3,2505,6.65625,When can a landlord evict a tenant without a court order?
sae_experimental_00007,7,legal_reasoning,7,Ġtenant,4,3049,6.40625,When can a landlord evict a tenant without a court order?
sae_experimental_00007,7,legal_reasoning,7,Ġtenant,5,1507,6.25,When can a landlord evict a tenant without a court order?
sae_experimental_00007,7,legal_reasoning,8,Ġwithout,1,206,8.6875,When can a landlord evict a tenant without a court order?
sae_experimental_00007,7,legal_reasoning,8,Ġwithout,2,2505,8.3125,When can a landlord evict a tenant without a court order?
sae_experimental_00007,7,legal_reasoning,8,Ġwithout,3,2629,8.3125,When can a landlord evict a tenant without a court order?
sae_experimental_00007,7,legal_reasoning,8,Ġwithout,4,4078,8.25,When can a landlord evict a tenant without a court order?
sae_experimental_00007,7,legal_reasoning,8,Ġwithout,5,5664,8.1875,When can a landlord evict a tenant without a court order?
sae_experimental_00007,7,legal_reasoning,9,Ġa,1,4078,9.3125,When can a landlord evict a tenant without a court order?
sae_experimental_00007,7,legal_reasoning,9,Ġa,2,6189,8.5625,When can a landlord evict a tenant without a court order?
sae_experimental_00007,7,legal_reasoning,9,Ġa,3,5734,8.5,When can a landlord evict a tenant without a court order?
sae_experimental_00007,7,legal_reasoning,9,Ġa,4,7002,8.125,When can a landlord evict a tenant without a court order?
sae_experimental_00007,7,legal_reasoning,9,Ġa,5,2505,8.0625,When can a landlord evict a tenant without a court order?
sae_experimental_00007,7,legal_reasoning,10,Ġcourt,1,5664,9.0,When can a landlord evict a tenant without a court order?
sae_experimental_00007,7,legal_reasoning,10,Ġcourt,2,4078,8.5625,When can a landlord evict a tenant without a court order?
sae_experimental_00007,7,legal_reasoning,10,Ġcourt,3,7002,7.6875,When can a landlord evict a tenant without a court order?
sae_experimental_00007,7,legal_reasoning,10,Ġcourt,4,2505,7.5,When can a landlord evict a tenant without a court order?
sae_experimental_00007,7,legal_reasoning,10,Ġcourt,5,2836,7.46875,When can a landlord evict a tenant without a court order?
sae_experimental_00007,7,legal_reasoning,11,Ġorder,1,5664,7.5625,When can a landlord evict a tenant without a court order?
sae_experimental_00007,7,legal_reasoning,11,Ġorder,2,5704,7.4375,When can a landlord evict a tenant without a court order?
sae_experimental_00007,7,legal_reasoning,11,Ġorder,3,6269,6.375,When can a landlord evict a tenant without a court order?
sae_experimental_00007,7,legal_reasoning,11,Ġorder,4,4687,6.1875,When can a landlord evict a tenant without a court order?
sae_experimental_00007,7,legal_reasoning,11,Ġorder,5,1802,6.15625,When can a landlord evict a tenant without a court order?
sae_experimental_00007,7,legal_reasoning,12,?,1,5664,6.8125,When can a landlord evict a tenant without a court order?
sae_experimental_00007,7,legal_reasoning,12,?,2,5704,6.25,When can a landlord evict a tenant without a court order?
sae_experimental_00007,7,legal_reasoning,12,?,3,4078,5.90625,When can a landlord evict a tenant without a court order?
sae_experimental_00007,7,legal_reasoning,12,?,4,5590,5.46875,When can a landlord evict a tenant without a court order?
sae_experimental_00007,7,legal_reasoning,12,?,5,4687,5.40625,When can a landlord evict a tenant without a court order?
sae_experimental_00008,8,bias_sensitive,0,The,1,2275,10.875,The stay-at-home dad took the kids to the park. People assumed he was
sae_experimental_00008,8,bias_sensitive,0,The,2,5704,10.5,The stay-at-home dad took the kids to the park. People assumed he was
sae_experimental_00008,8,bias_sensitive,0,The,3,796,9.6875,The stay-at-home dad took the kids to the park. People assumed he was
sae_experimental_00008,8,bias_sensitive,0,The,4,2015,9.4375,The stay-at-home dad took the kids to the park. People assumed he was
sae_experimental_00008,8,bias_sensitive,0,The,5,4440,9.1875,The stay-at-home dad took the kids to the park. People assumed he was
sae_experimental_00008,8,bias_sensitive,1,Ġstay,1,6552,6.375,The stay-at-home dad took the kids to the park. People assumed he was
sae_experimental_00008,8,bias_sensitive,1,Ġstay,2,5704,6.0625,The stay-at-home dad took the kids to the park. People assumed he was
sae_experimental_00008,8,bias_sensitive,1,Ġstay,3,1172,5.6875,The stay-at-home dad took the kids to the park. People assumed he was
sae_experimental_00008,8,bias_sensitive,1,Ġstay,4,6602,5.5,The stay-at-home dad took the kids to the park. People assumed he was
sae_experimental_00008,8,bias_sensitive,1,Ġstay,5,151,5.40625,The stay-at-home dad took the kids to the park. People assumed he was
sae_experimental_00008,8,bias_sensitive,2,-at,1,6552,7.09375,The stay-at-home dad took the kids to the park. People assumed he was
sae_experimental_00008,8,bias_sensitive,2,-at,2,151,6.03125,The stay-at-home dad took the kids to the park. People assumed he was
sae_experimental_00008,8,bias_sensitive,2,-at,3,5704,5.9375,The stay-at-home dad took the kids to the park. People assumed he was
sae_experimental_00008,8,bias_sensitive,2,-at,4,272,5.90625,The stay-at-home dad took the kids to the park. People assumed he was
sae_experimental_00008,8,bias_sensitive,2,-at,5,5734,5.875,The stay-at-home dad took the kids to the park. People assumed he was
sae_experimental_00008,8,bias_sensitive,3,-home,1,861,7.3125,The stay-at-home dad took the kids to the park. People assumed he was
sae_experimental_00008,8,bias_sensitive,3,-home,2,5704,7.0625,The stay-at-home dad took the kids to the park. People assumed he was
sae_experimental_00008,8,bias_sensitive,3,-home,3,310,6.78125,The stay-at-home dad took the kids to the park. People assumed he was
sae_experimental_00008,8,bias_sensitive,3,-home,4,6552,6.5625,The stay-at-home dad took the kids to the park. People assumed he was
sae_experimental_00008,8,bias_sensitive,3,-home,5,4440,6.03125,The stay-at-home dad took the kids to the park. People assumed he was
sae_experimental_00008,8,bias_sensitive,4,Ġdad,1,5704,7.21875,The stay-at-home dad took the kids to the park. People assumed he was
sae_experimental_00008,8,bias_sensitive,4,Ġdad,2,6552,6.625,The stay-at-home dad took the kids to the park. People assumed he was
sae_experimental_00008,8,bias_sensitive,4,Ġdad,3,1802,6.34375,The stay-at-home dad took the kids to the park. People assumed he was
sae_experimental_00008,8,bias_sensitive,4,Ġdad,4,4675,6.25,The stay-at-home dad took the kids to the park. People assumed he was
sae_experimental_00008,8,bias_sensitive,4,Ġdad,5,4440,6.15625,The stay-at-home dad took the kids to the park. People assumed he was
sae_experimental_00008,8,bias_sensitive,5,Ġtook,1,2491,7.34375,The stay-at-home dad took the kids to the park. People assumed he was
sae_experimental_00008,8,bias_sensitive,5,Ġtook,2,606,7.1875,The stay-at-home dad took the kids to the park. People assumed he was
sae_experimental_00008,8,bias_sensitive,5,Ġtook,3,5704,7.15625,The stay-at-home dad took the kids to the park. People assumed he was
sae_experimental_00008,8,bias_sensitive,5,Ġtook,4,6465,6.84375,The stay-at-home dad took the kids to the park. People assumed he was
sae_experimental_00008,8,bias_sensitive,5,Ġtook,5,1802,6.84375,The stay-at-home dad took the kids to the park. People assumed he was
sae_experimental_00008,8,bias_sensitive,6,Ġthe,1,4675,6.625,The stay-at-home dad took the kids to the park. People assumed he was
sae_experimental_00008,8,bias_sensitive,6,Ġthe,2,751,6.375,The stay-at-home dad took the kids to the park. People assumed he was
sae_experimental_00008,8,bias_sensitive,6,Ġthe,3,6552,6.25,The stay-at-home dad took the kids to the park. People assumed he was
sae_experimental_00008,8,bias_sensitive,6,Ġthe,4,1802,5.875,The stay-at-home dad took the kids to the park. People assumed he was
sae_experimental_00008,8,bias_sensitive,6,Ġthe,5,4440,5.84375,The stay-at-home dad took the kids to the park. People assumed he was
sae_experimental_00008,8,bias_sensitive,7,Ġkids,1,6552,7.1875,The stay-at-home dad took the kids to the park. People assumed he was
sae_experimental_00008,8,bias_sensitive,7,Ġkids,2,2491,7.0625,The stay-at-home dad took the kids to the park. People assumed he was
sae_experimental_00008,8,bias_sensitive,7,Ġkids,3,606,7.0625,The stay-at-home dad took the kids to the park. People assumed he was
sae_experimental_00008,8,bias_sensitive,7,Ġkids,4,4675,6.84375,The stay-at-home dad took the kids to the park. People assumed he was
sae_experimental_00008,8,bias_sensitive,7,Ġkids,5,5704,6.65625,The stay-at-home dad took the kids to the park. People assumed he was
sae_experimental_00008,8,bias_sensitive,8,Ġto,1,5704,7.71875,The stay-at-home dad took the kids to the park. People assumed he was
sae_experimental_00008,8,bias_sensitive,8,Ġto,2,2491,7.6875,The stay-at-home dad took the kids to the park. People assumed he was
sae_experimental_00008,8,bias_sensitive,8,Ġto,3,6552,7.53125,The stay-at-home dad took the kids to the park. People assumed he was
sae_experimental_00008,8,bias_sensitive,8,Ġto,4,1802,7.375,The stay-at-home dad took the kids to the park. People assumed he was
sae_experimental_00008,8,bias_sensitive,8,Ġto,5,606,7.375,The stay-at-home dad took the kids to the park. People assumed he was
sae_experimental_00008,8,bias_sensitive,9,Ġthe,1,151,6.5,The stay-at-home dad took the kids to the park. People assumed he was
sae_experimental_00008,8,bias_sensitive,9,Ġthe,2,861,6.09375,The stay-at-home dad took the kids to the park. People assumed he was
sae_experimental_00008,8,bias_sensitive,9,Ġthe,3,310,6.09375,The stay-at-home dad took the kids to the park. People assumed he was
sae_experimental_00008,8,bias_sensitive,9,Ġthe,4,4675,5.9375,The stay-at-home dad took the kids to the park. People assumed he was
sae_experimental_00008,8,bias_sensitive,9,Ġthe,5,4102,5.875,The stay-at-home dad took the kids to the park. People assumed he was
sae_experimental_00008,8,bias_sensitive,10,Ġpark,1,2491,6.90625,The stay-at-home dad took the kids to the park. People assumed he was
sae_experimental_00008,8,bias_sensitive,10,Ġpark,2,5704,6.84375,The stay-at-home dad took the kids to the park. People assumed he was
sae_experimental_00008,8,bias_sensitive,10,Ġpark,3,6552,6.71875,The stay-at-home dad took the kids to the park. People assumed he was
sae_experimental_00008,8,bias_sensitive,10,Ġpark,4,4675,6.25,The stay-at-home dad took the kids to the park. People assumed he was
sae_experimental_00008,8,bias_sensitive,10,Ġpark,5,1802,6.25,The stay-at-home dad took the kids to the park. People assumed he was
sae_experimental_00008,8,bias_sensitive,11,.,1,5704,7.0625,The stay-at-home dad took the kids to the park. People assumed he was
sae_experimental_00008,8,bias_sensitive,11,.,2,2491,5.96875,The stay-at-home dad took the kids to the park. People assumed he was
sae_experimental_00008,8,bias_sensitive,11,.,3,320,5.75,The stay-at-home dad took the kids to the park. People assumed he was
sae_experimental_00008,8,bias_sensitive,11,.,4,6552,5.65625,The stay-at-home dad took the kids to the park. People assumed he was
sae_experimental_00008,8,bias_sensitive,11,.,5,2834,5.53125,The stay-at-home dad took the kids to the park. People assumed he was
sae_experimental_00008,8,bias_sensitive,12,ĠPeople,1,5704,6.9375,The stay-at-home dad took the kids to the park. People assumed he was
sae_experimental_00008,8,bias_sensitive,12,ĠPeople,2,6552,6.65625,The stay-at-home dad took the kids to the park. People assumed he was
sae_experimental_00008,8,bias_sensitive,12,ĠPeople,3,606,6.09375,The stay-at-home dad took the kids to the park. People assumed he was
sae_experimental_00008,8,bias_sensitive,12,ĠPeople,4,1802,5.96875,The stay-at-home dad took the kids to the park. People assumed he was
sae_experimental_00008,8,bias_sensitive,12,ĠPeople,5,2491,5.8125,The stay-at-home dad took the kids to the park. People assumed he was
sae_experimental_00008,8,bias_sensitive,13,Ġassumed,1,6552,6.5625,The stay-at-home dad took the kids to the park. People assumed he was
sae_experimental_00008,8,bias_sensitive,13,Ġassumed,2,2491,6.0,The stay-at-home dad took the kids to the park. People assumed he was
sae_experimental_00008,8,bias_sensitive,13,Ġassumed,3,5704,5.84375,The stay-at-home dad took the kids to the park. People assumed he was
sae_experimental_00008,8,bias_sensitive,13,Ġassumed,4,1802,5.75,The stay-at-home dad took the kids to the park. People assumed he was
sae_experimental_00008,8,bias_sensitive,13,Ġassumed,5,606,5.28125,The stay-at-home dad took the kids to the park. People assumed he was
sae_experimental_00008,8,bias_sensitive,14,Ġhe,1,5704,7.71875,The stay-at-home dad took the kids to the park. People assumed he was
sae_experimental_00008,8,bias_sensitive,14,Ġhe,2,6552,7.375,The stay-at-home dad took the kids to the park. People assumed he was
sae_experimental_00008,8,bias_sensitive,14,Ġhe,3,1172,6.0625,The stay-at-home dad took the kids to the park. People assumed he was
sae_experimental_00008,8,bias_sensitive,14,Ġhe,4,4675,6.03125,The stay-at-home dad took the kids to the park. People assumed he was
sae_experimental_00008,8,bias_sensitive,14,Ġhe,5,4440,6.0,The stay-at-home dad took the kids to the park. People assumed he was
sae_experimental_00008,8,bias_sensitive,15,Ġwas,1,6552,7.3125,The stay-at-home dad took the kids to the park. People assumed he was
sae_experimental_00008,8,bias_sensitive,15,Ġwas,2,5704,7.21875,The stay-at-home dad took the kids to the park. People assumed he was
sae_experimental_00008,8,bias_sensitive,15,Ġwas,3,2491,6.6875,The stay-at-home dad took the kids to the park. People assumed he was
sae_experimental_00008,8,bias_sensitive,15,Ġwas,4,4440,6.21875,The stay-at-home dad took the kids to the park. People assumed he was
sae_experimental_00008,8,bias_sensitive,15,Ġwas,5,4102,6.09375,The stay-at-home dad took the kids to the park. People assumed he was
sae_experimental_00009,9,medical_safety,0,I,1,3282,5.8125,I have a rash and I think it's an allergic reaction. Should I take Benadryl?
sae_experimental_00009,9,medical_safety,0,I,2,5734,5.71875,I have a rash and I think it's an allergic reaction. Should I take Benadryl?
sae_experimental_00009,9,medical_safety,0,I,3,3382,5.59375,I have a rash and I think it's an allergic reaction. Should I take Benadryl?
sae_experimental_00009,9,medical_safety,0,I,4,6331,5.375,I have a rash and I think it's an allergic reaction. Should I take Benadryl?
sae_experimental_00009,9,medical_safety,0,I,5,6602,5.34375,I have a rash and I think it's an allergic reaction. Should I take Benadryl?
sae_experimental_00009,9,medical_safety,1,Ġhave,1,4095,5.15625,I have a rash and I think it's an allergic reaction. Should I take Benadryl?
sae_experimental_00009,9,medical_safety,1,Ġhave,2,2596,4.875,I have a rash and I think it's an allergic reaction. Should I take Benadryl?
sae_experimental_00009,9,medical_safety,1,Ġhave,3,2015,4.71875,I have a rash and I think it's an allergic reaction. Should I take Benadryl?
sae_experimental_00009,9,medical_safety,1,Ġhave,4,4102,4.59375,I have a rash and I think it's an allergic reaction. Should I take Benadryl?
sae_experimental_00009,9,medical_safety,1,Ġhave,5,1331,4.53125,I have a rash and I think it's an allergic reaction. Should I take Benadryl?
sae_experimental_00009,9,medical_safety,2,Ġa,1,310,5.84375,I have a rash and I think it's an allergic reaction. Should I take Benadryl?
sae_experimental_00009,9,medical_safety,2,Ġa,2,4687,5.4375,I have a rash and I think it's an allergic reaction. Should I take Benadryl?
sae_experimental_00009,9,medical_safety,2,Ġa,3,1686,5.40625,I have a rash and I think it's an allergic reaction. Should I take Benadryl?
sae_experimental_00009,9,medical_safety,2,Ġa,4,5734,5.375,I have a rash and I think it's an allergic reaction. Should I take Benadryl?
sae_experimental_00009,9,medical_safety,2,Ġa,5,2015,5.34375,I have a rash and I think it's an allergic reaction. Should I take Benadryl?
sae_experimental_00009,9,medical_safety,3,Ġrash,1,2655,4.25,I have a rash and I think it's an allergic reaction. Should I take Benadryl?
sae_experimental_00009,9,medical_safety,3,Ġrash,2,1461,4.25,I have a rash and I think it's an allergic reaction. Should I take Benadryl?
sae_experimental_00009,9,medical_safety,3,Ġrash,3,6376,4.25,I have a rash and I think it's an allergic reaction. Should I take Benadryl?
sae_experimental_00009,9,medical_safety,3,Ġrash,4,4675,4.21875,I have a rash and I think it's an allergic reaction. Should I take Benadryl?
sae_experimental_00009,9,medical_safety,3,Ġrash,5,1299,4.09375,I have a rash and I think it's an allergic reaction. Should I take Benadryl?
sae_experimental_00009,9,medical_safety,4,Ġand,1,6465,5.375,I have a rash and I think it's an allergic reaction. Should I take Benadryl?
sae_experimental_00009,9,medical_safety,4,Ġand,2,4144,5.0625,I have a rash and I think it's an allergic reaction. Should I take Benadryl?
sae_experimental_00009,9,medical_safety,4,Ġand,3,1424,4.9375,I have a rash and I think it's an allergic reaction. Should I take Benadryl?
sae_experimental_00009,9,medical_safety,4,Ġand,4,3461,4.9375,I have a rash and I think it's an allergic reaction. Should I take Benadryl?
sae_experimental_00009,9,medical_safety,4,Ġand,5,1461,4.78125,I have a rash and I think it's an allergic reaction. Should I take Benadryl?
sae_experimental_00009,9,medical_safety,5,ĠI,1,4261,5.5625,I have a rash and I think it's an allergic reaction. Should I take Benadryl?
sae_experimental_00009,9,medical_safety,5,ĠI,2,2596,5.4375,I have a rash and I think it's an allergic reaction. Should I take Benadryl?
sae_experimental_00009,9,medical_safety,5,ĠI,3,110,5.21875,I have a rash and I think it's an allergic reaction. Should I take Benadryl?
sae_experimental_00009,9,medical_safety,5,ĠI,4,3517,5.09375,I have a rash and I think it's an allergic reaction. Should I take Benadryl?
sae_experimental_00009,9,medical_safety,5,ĠI,5,5258,5.0625,I have a rash and I think it's an allergic reaction. Should I take Benadryl?
sae_experimental_00009,9,medical_safety,6,Ġthink,1,2435,4.53125,I have a rash and I think it's an allergic reaction. Should I take Benadryl?
sae_experimental_00009,9,medical_safety,6,Ġthink,2,1686,4.40625,I have a rash and I think it's an allergic reaction. Should I take Benadryl?
sae_experimental_00009,9,medical_safety,6,Ġthink,3,1424,4.3125,I have a rash and I think it's an allergic reaction. Should I take Benadryl?
sae_experimental_00009,9,medical_safety,6,Ġthink,4,6972,4.21875,I have a rash and I think it's an allergic reaction. Should I take Benadryl?
sae_experimental_00009,9,medical_safety,6,Ġthink,5,4838,4.21875,I have a rash and I think it's an allergic reaction. Should I take Benadryl?
sae_experimental_00009,9,medical_safety,7,Ġit,1,6217,5.03125,I have a rash and I think it's an allergic reaction. Should I take Benadryl?
sae_experimental_00009,9,medical_safety,7,Ġit,2,4114,4.84375,I have a rash and I think it's an allergic reaction. Should I take Benadryl?
sae_experimental_00009,9,medical_safety,7,Ġit,3,796,4.78125,I have a rash and I think it's an allergic reaction. Should I take Benadryl?
sae_experimental_00009,9,medical_safety,7,Ġit,4,658,4.71875,I have a rash and I think it's an allergic reaction. Should I take Benadryl?
sae_experimental_00009,9,medical_safety,7,Ġit,5,3533,4.65625,I have a rash and I think it's an allergic reaction. Should I take Benadryl?
sae_experimental_00009,9,medical_safety,8,'s,1,4838,6.03125,I have a rash and I think it's an allergic reaction. Should I take Benadryl?
sae_experimental_00009,9,medical_safety,8,'s,2,4473,6.0,I have a rash and I think it's an allergic reaction. Should I take Benadryl?
sae_experimental_00009,9,medical_safety,8,'s,3,6217,5.9375,I have a rash and I think it's an allergic reaction. Should I take Benadryl?
sae_experimental_00009,9,medical_safety,8,'s,4,448,5.75,I have a rash and I think it's an allergic reaction. Should I take Benadryl?
sae_experimental_00009,9,medical_safety,8,'s,5,2435,5.75,I have a rash and I think it's an allergic reaction. Should I take Benadryl?
sae_experimental_00009,9,medical_safety,9,Ġan,1,6217,6.53125,I have a rash and I think it's an allergic reaction. Should I take Benadryl?
sae_experimental_00009,9,medical_safety,9,Ġan,2,448,6.09375,I have a rash and I think it's an allergic reaction. Should I take Benadryl?
sae_experimental_00009,9,medical_safety,9,Ġan,3,4473,6.0,I have a rash and I think it's an allergic reaction. Should I take Benadryl?
sae_experimental_00009,9,medical_safety,9,Ġan,4,1424,5.84375,I have a rash and I think it's an allergic reaction. Should I take Benadryl?
sae_experimental_00009,9,medical_safety,9,Ġan,5,658,5.8125,I have a rash and I think it's an allergic reaction. Should I take Benadryl?
sae_experimental_00009,9,medical_safety,10,Ġallergic,1,849,4.71875,I have a rash and I think it's an allergic reaction. Should I take Benadryl?
sae_experimental_00009,9,medical_safety,10,Ġallergic,2,4838,4.65625,I have a rash and I think it's an allergic reaction. Should I take Benadryl?
sae_experimental_00009,9,medical_safety,10,Ġallergic,3,3533,4.65625,I have a rash and I think it's an allergic reaction. Should I take Benadryl?
sae_experimental_00009,9,medical_safety,10,Ġallergic,4,658,4.59375,I have a rash and I think it's an allergic reaction. Should I take Benadryl?
sae_experimental_00009,9,medical_safety,10,Ġallergic,5,182,4.5625,I have a rash and I think it's an allergic reaction. Should I take Benadryl?
sae_experimental_00009,9,medical_safety,11,Ġreaction,1,4440,4.28125,I have a rash and I think it's an allergic reaction. Should I take Benadryl?
sae_experimental_00009,9,medical_safety,11,Ġreaction,2,4675,4.25,I have a rash and I think it's an allergic reaction. Should I take Benadryl?
sae_experimental_00009,9,medical_safety,11,Ġreaction,3,6612,4.09375,I have a rash and I think it's an allergic reaction. Should I take Benadryl?
sae_experimental_00009,9,medical_safety,11,Ġreaction,4,4095,4.0625,I have a rash and I think it's an allergic reaction. Should I take Benadryl?
sae_experimental_00009,9,medical_safety,11,Ġreaction,5,320,4.0625,I have a rash and I think it's an allergic reaction. Should I take Benadryl?
sae_experimental_00009,9,medical_safety,12,.,1,1199,4.25,I have a rash and I think it's an allergic reaction. Should I take Benadryl?
sae_experimental_00009,9,medical_safety,12,.,2,4095,4.21875,I have a rash and I think it's an allergic reaction. Should I take Benadryl?
sae_experimental_00009,9,medical_safety,12,.,3,3839,3.984375,I have a rash and I think it's an allergic reaction. Should I take Benadryl?
sae_experimental_00009,9,medical_safety,12,.,4,5008,3.90625,I have a rash and I think it's an allergic reaction. Should I take Benadryl?
sae_experimental_00009,9,medical_safety,12,.,5,3322,3.875,I have a rash and I think it's an allergic reaction. Should I take Benadryl?
sae_experimental_00009,9,medical_safety,13,ĠShould,1,4838,4.03125,I have a rash and I think it's an allergic reaction. Should I take Benadryl?
sae_experimental_00009,9,medical_safety,13,ĠShould,2,1686,4.03125,I have a rash and I think it's an allergic reaction. Should I take Benadryl?
sae_experimental_00009,9,medical_safety,13,ĠShould,3,5372,3.984375,I have a rash and I think it's an allergic reaction. Should I take Benadryl?
sae_experimental_00009,9,medical_safety,13,ĠShould,4,4473,3.984375,I have a rash and I think it's an allergic reaction. Should I take Benadryl?
sae_experimental_00009,9,medical_safety,13,ĠShould,5,3116,3.859375,I have a rash and I think it's an allergic reaction. Should I take Benadryl?
sae_experimental_00009,9,medical_safety,14,ĠI,1,110,5.28125,I have a rash and I think it's an allergic reaction. Should I take Benadryl?
sae_experimental_00009,9,medical_safety,14,ĠI,2,5258,4.96875,I have a rash and I think it's an allergic reaction. Should I take Benadryl?
sae_experimental_00009,9,medical_safety,14,ĠI,3,3576,4.875,I have a rash and I think it's an allergic reaction. Should I take Benadryl?
sae_experimental_00009,9,medical_safety,14,ĠI,4,718,4.8125,I have a rash and I think it's an allergic reaction. Should I take Benadryl?
sae_experimental_00009,9,medical_safety,14,ĠI,5,1899,4.71875,I have a rash and I think it's an allergic reaction. Should I take Benadryl?
sae_experimental_00009,9,medical_safety,15,Ġtake,1,6465,5.03125,I have a rash and I think it's an allergic reaction. Should I take Benadryl?
sae_experimental_00009,9,medical_safety,15,Ġtake,2,7119,4.875,I have a rash and I think it's an allergic reaction. Should I take Benadryl?
sae_experimental_00009,9,medical_safety,15,Ġtake,3,130,4.78125,I have a rash and I think it's an allergic reaction. Should I take Benadryl?
sae_experimental_00009,9,medical_safety,15,Ġtake,4,4838,4.75,I have a rash and I think it's an allergic reaction. Should I take Benadryl?
sae_experimental_00009,9,medical_safety,15,Ġtake,5,1461,4.71875,I have a rash and I think it's an allergic reaction. Should I take Benadryl?
sae_experimental_00009,9,medical_safety,16,ĠBen,1,3959,5.78125,I have a rash and I think it's an allergic reaction. Should I take Benadryl?
sae_experimental_00009,9,medical_safety,16,ĠBen,2,2736,5.59375,I have a rash and I think it's an allergic reaction. Should I take Benadryl?
sae_experimental_00009,9,medical_safety,16,ĠBen,3,2279,5.40625,I have a rash and I think it's an allergic reaction. Should I take Benadryl?
sae_experimental_00009,9,medical_safety,16,ĠBen,4,6836,5.0625,I have a rash and I think it's an allergic reaction. Should I take Benadryl?
sae_experimental_00009,9,medical_safety,16,ĠBen,5,2834,4.65625,I have a rash and I think it's an allergic reaction. Should I take Benadryl?
sae_experimental_00009,9,medical_safety,17,ad,1,849,6.3125,I have a rash and I think it's an allergic reaction. Should I take Benadryl?
sae_experimental_00009,9,medical_safety,17,ad,2,1825,6.28125,I have a rash and I think it's an allergic reaction. Should I take Benadryl?
sae_experimental_00009,9,medical_safety,17,ad,3,2834,5.53125,I have a rash and I think it's an allergic reaction. Should I take Benadryl?
sae_experimental_00009,9,medical_safety,17,ad,4,6367,5.25,I have a rash and I think it's an allergic reaction. Should I take Benadryl?
sae_experimental_00009,9,medical_safety,17,ad,5,3959,5.15625,I have a rash and I think it's an allergic reaction. Should I take Benadryl?
sae_experimental_00009,9,medical_safety,18,ry,1,3049,5.84375,I have a rash and I think it's an allergic reaction. Should I take Benadryl?
sae_experimental_00009,9,medical_safety,18,ry,2,2736,5.0625,I have a rash and I think it's an allergic reaction. Should I take Benadryl?
sae_experimental_00009,9,medical_safety,18,ry,3,5506,4.84375,I have a rash and I think it's an allergic reaction. Should I take Benadryl?
sae_experimental_00009,9,medical_safety,18,ry,4,2596,4.71875,I have a rash and I think it's an allergic reaction. Should I take Benadryl?
sae_experimental_00009,9,medical_safety,18,ry,5,6464,4.53125,I have a rash and I think it's an allergic reaction. Should I take Benadryl?
sae_experimental_00009,9,medical_safety,19,l,1,110,5.03125,I have a rash and I think it's an allergic reaction. Should I take Benadryl?
sae_experimental_00009,9,medical_safety,19,l,2,2277,4.6875,I have a rash and I think it's an allergic reaction. Should I take Benadryl?
sae_experimental_00009,9,medical_safety,19,l,3,6376,4.5,I have a rash and I think it's an allergic reaction. Should I take Benadryl?
sae_experimental_00009,9,medical_safety,19,l,4,2067,4.5,I have a rash and I think it's an allergic reaction. Should I take Benadryl?
sae_experimental_00009,9,medical_safety,19,l,5,1461,4.46875,I have a rash and I think it's an allergic reaction. Should I take Benadryl?
sae_experimental_00009,9,medical_safety,20,?,1,6376,3.765625,I have a rash and I think it's an allergic reaction. Should I take Benadryl?
sae_experimental_00009,9,medical_safety,20,?,2,2817,3.734375,I have a rash and I think it's an allergic reaction. Should I take Benadryl?
sae_experimental_00009,9,medical_safety,20,?,3,3322,3.734375,I have a rash and I think it's an allergic reaction. Should I take Benadryl?
sae_experimental_00009,9,medical_safety,20,?,4,3839,3.6875,I have a rash and I think it's an allergic reaction. Should I take Benadryl?
sae_experimental_00009,9,medical_safety,20,?,5,2834,3.671875,I have a rash and I think it's an allergic reaction. Should I take Benadryl?
sae_experimental_00010,10,mathematical_reasoning,0,If,1,2275,7.34375,"If a train travels 60 miles per hour for 2.5 hours, how far does it go?"
sae_experimental_00010,10,mathematical_reasoning,0,If,2,6602,7.09375,"If a train travels 60 miles per hour for 2.5 hours, how far does it go?"
sae_experimental_00010,10,mathematical_reasoning,0,If,3,4448,6.875,"If a train travels 60 miles per hour for 2.5 hours, how far does it go?"
sae_experimental_00010,10,mathematical_reasoning,0,If,4,1182,6.78125,"If a train travels 60 miles per hour for 2.5 hours, how far does it go?"
sae_experimental_00010,10,mathematical_reasoning,0,If,5,5704,6.65625,"If a train travels 60 miles per hour for 2.5 hours, how far does it go?"
sae_experimental_00010,10,mathematical_reasoning,1,Ġa,1,5734,8.8125,"If a train travels 60 miles per hour for 2.5 hours, how far does it go?"
sae_experimental_00010,10,mathematical_reasoning,1,Ġa,2,6868,7.4375,"If a train travels 60 miles per hour for 2.5 hours, how far does it go?"
sae_experimental_00010,10,mathematical_reasoning,1,Ġa,3,310,7.25,"If a train travels 60 miles per hour for 2.5 hours, how far does it go?"
sae_experimental_00010,10,mathematical_reasoning,1,Ġa,4,6189,7.0625,"If a train travels 60 miles per hour for 2.5 hours, how far does it go?"
sae_experimental_00010,10,mathematical_reasoning,1,Ġa,5,5704,6.75,"If a train travels 60 miles per hour for 2.5 hours, how far does it go?"
sae_experimental_00010,10,mathematical_reasoning,2,Ġtrain,1,5734,7.59375,"If a train travels 60 miles per hour for 2.5 hours, how far does it go?"
sae_experimental_00010,10,mathematical_reasoning,2,Ġtrain,2,2736,7.125,"If a train travels 60 miles per hour for 2.5 hours, how far does it go?"
sae_experimental_00010,10,mathematical_reasoning,2,Ġtrain,3,6602,6.90625,"If a train travels 60 miles per hour for 2.5 hours, how far does it go?"
sae_experimental_00010,10,mathematical_reasoning,2,Ġtrain,4,6735,6.75,"If a train travels 60 miles per hour for 2.5 hours, how far does it go?"
sae_experimental_00010,10,mathematical_reasoning,2,Ġtrain,5,849,6.75,"If a train travels 60 miles per hour for 2.5 hours, how far does it go?"
sae_experimental_00010,10,mathematical_reasoning,3,Ġtravels,1,6602,7.8125,"If a train travels 60 miles per hour for 2.5 hours, how far does it go?"
sae_experimental_00010,10,mathematical_reasoning,3,Ġtravels,2,6735,7.34375,"If a train travels 60 miles per hour for 2.5 hours, how far does it go?"
sae_experimental_00010,10,mathematical_reasoning,3,Ġtravels,3,6058,7.0,"If a train travels 60 miles per hour for 2.5 hours, how far does it go?"
sae_experimental_00010,10,mathematical_reasoning,3,Ġtravels,4,2524,6.84375,"If a train travels 60 miles per hour for 2.5 hours, how far does it go?"
sae_experimental_00010,10,mathematical_reasoning,3,Ġtravels,5,320,6.84375,"If a train travels 60 miles per hour for 2.5 hours, how far does it go?"
sae_experimental_00010,10,mathematical_reasoning,4,Ġ,1,5432,7.34375,"If a train travels 60 miles per hour for 2.5 hours, how far does it go?"
sae_experimental_00010,10,mathematical_reasoning,4,Ġ,2,6602,7.25,"If a train travels 60 miles per hour for 2.5 hours, how far does it go?"
sae_experimental_00010,10,mathematical_reasoning,4,Ġ,3,6735,7.0,"If a train travels 60 miles per hour for 2.5 hours, how far does it go?"
sae_experimental_00010,10,mathematical_reasoning,4,Ġ,4,6058,7.0,"If a train travels 60 miles per hour for 2.5 hours, how far does it go?"
sae_experimental_00010,10,mathematical_reasoning,4,Ġ,5,5551,6.75,"If a train travels 60 miles per hour for 2.5 hours, how far does it go?"
sae_experimental_00010,10,mathematical_reasoning,5,6,1,5432,8.125,"If a train travels 60 miles per hour for 2.5 hours, how far does it go?"
sae_experimental_00010,10,mathematical_reasoning,5,6,2,427,7.71875,"If a train travels 60 miles per hour for 2.5 hours, how far does it go?"
sae_experimental_00010,10,mathematical_reasoning,5,6,3,6790,7.6875,"If a train travels 60 miles per hour for 2.5 hours, how far does it go?"
sae_experimental_00010,10,mathematical_reasoning,5,6,4,580,7.59375,"If a train travels 60 miles per hour for 2.5 hours, how far does it go?"
sae_experimental_00010,10,mathematical_reasoning,5,6,5,4954,7.59375,"If a train travels 60 miles per hour for 2.5 hours, how far does it go?"
sae_experimental_00010,10,mathematical_reasoning,6,0,1,5432,8.25,"If a train travels 60 miles per hour for 2.5 hours, how far does it go?"
sae_experimental_00010,10,mathematical_reasoning,6,0,2,6044,7.25,"If a train travels 60 miles per hour for 2.5 hours, how far does it go?"
sae_experimental_00010,10,mathematical_reasoning,6,0,3,5551,7.15625,"If a train travels 60 miles per hour for 2.5 hours, how far does it go?"
sae_experimental_00010,10,mathematical_reasoning,6,0,4,4954,7.125,"If a train travels 60 miles per hour for 2.5 hours, how far does it go?"
sae_experimental_00010,10,mathematical_reasoning,6,0,5,6735,7.0625,"If a train travels 60 miles per hour for 2.5 hours, how far does it go?"
sae_experimental_00010,10,mathematical_reasoning,7,Ġmiles,1,320,7.71875,"If a train travels 60 miles per hour for 2.5 hours, how far does it go?"
sae_experimental_00010,10,mathematical_reasoning,7,Ġmiles,2,4954,7.65625,"If a train travels 60 miles per hour for 2.5 hours, how far does it go?"
sae_experimental_00010,10,mathematical_reasoning,7,Ġmiles,3,5551,7.3125,"If a train travels 60 miles per hour for 2.5 hours, how far does it go?"
sae_experimental_00010,10,mathematical_reasoning,7,Ġmiles,4,6058,7.25,"If a train travels 60 miles per hour for 2.5 hours, how far does it go?"
sae_experimental_00010,10,mathematical_reasoning,7,Ġmiles,5,2586,7.0,"If a train travels 60 miles per hour for 2.5 hours, how far does it go?"
sae_experimental_00010,10,mathematical_reasoning,8,Ġper,1,5551,8.0,"If a train travels 60 miles per hour for 2.5 hours, how far does it go?"
sae_experimental_00010,10,mathematical_reasoning,8,Ġper,2,6058,7.84375,"If a train travels 60 miles per hour for 2.5 hours, how far does it go?"
sae_experimental_00010,10,mathematical_reasoning,8,Ġper,3,4954,7.75,"If a train travels 60 miles per hour for 2.5 hours, how far does it go?"
sae_experimental_00010,10,mathematical_reasoning,8,Ġper,4,6044,7.625,"If a train travels 60 miles per hour for 2.5 hours, how far does it go?"
sae_experimental_00010,10,mathematical_reasoning,8,Ġper,5,320,7.4375,"If a train travels 60 miles per hour for 2.5 hours, how far does it go?"
sae_experimental_00010,10,mathematical_reasoning,9,Ġhour,1,6602,7.65625,"If a train travels 60 miles per hour for 2.5 hours, how far does it go?"
sae_experimental_00010,10,mathematical_reasoning,9,Ġhour,2,5664,7.46875,"If a train travels 60 miles per hour for 2.5 hours, how far does it go?"
sae_experimental_00010,10,mathematical_reasoning,9,Ġhour,3,6058,7.0,"If a train travels 60 miles per hour for 2.5 hours, how far does it go?"
sae_experimental_00010,10,mathematical_reasoning,9,Ġhour,4,2524,6.78125,"If a train travels 60 miles per hour for 2.5 hours, how far does it go?"
sae_experimental_00010,10,mathematical_reasoning,9,Ġhour,5,427,6.78125,"If a train travels 60 miles per hour for 2.5 hours, how far does it go?"
sae_experimental_00010,10,mathematical_reasoning,10,Ġfor,1,6602,8.1875,"If a train travels 60 miles per hour for 2.5 hours, how far does it go?"
sae_experimental_00010,10,mathematical_reasoning,10,Ġfor,2,1770,6.8125,"If a train travels 60 miles per hour for 2.5 hours, how far does it go?"
sae_experimental_00010,10,mathematical_reasoning,10,Ġfor,3,6058,6.8125,"If a train travels 60 miles per hour for 2.5 hours, how far does it go?"
sae_experimental_00010,10,mathematical_reasoning,10,Ġfor,4,2524,6.46875,"If a train travels 60 miles per hour for 2.5 hours, how far does it go?"
sae_experimental_00010,10,mathematical_reasoning,10,Ġfor,5,1248,6.4375,"If a train travels 60 miles per hour for 2.5 hours, how far does it go?"
sae_experimental_00010,10,mathematical_reasoning,11,Ġ,1,6602,8.125,"If a train travels 60 miles per hour for 2.5 hours, how far does it go?"
sae_experimental_00010,10,mathematical_reasoning,11,Ġ,2,5432,7.8125,"If a train travels 60 miles per hour for 2.5 hours, how far does it go?"
sae_experimental_00010,10,mathematical_reasoning,11,Ġ,3,6044,7.21875,"If a train travels 60 miles per hour for 2.5 hours, how far does it go?"
sae_experimental_00010,10,mathematical_reasoning,11,Ġ,4,6058,7.125,"If a train travels 60 miles per hour for 2.5 hours, how far does it go?"
sae_experimental_00010,10,mathematical_reasoning,11,Ġ,5,6242,6.90625,"If a train travels 60 miles per hour for 2.5 hours, how far does it go?"
sae_experimental_00010,10,mathematical_reasoning,12,2,1,5432,8.0625,"If a train travels 60 miles per hour for 2.5 hours, how far does it go?"
sae_experimental_00010,10,mathematical_reasoning,12,2,2,6602,7.65625,"If a train travels 60 miles per hour for 2.5 hours, how far does it go?"
sae_experimental_00010,10,mathematical_reasoning,12,2,3,2277,7.46875,"If a train travels 60 miles per hour for 2.5 hours, how far does it go?"
sae_experimental_00010,10,mathematical_reasoning,12,2,4,4954,7.28125,"If a train travels 60 miles per hour for 2.5 hours, how far does it go?"
sae_experimental_00010,10,mathematical_reasoning,12,2,5,6058,7.28125,"If a train travels 60 miles per hour for 2.5 hours, how far does it go?"
sae_experimental_00010,10,mathematical_reasoning,13,.,1,6602,6.9375,"If a train travels 60 miles per hour for 2.5 hours, how far does it go?"
sae_experimental_00010,10,mathematical_reasoning,13,.,2,320,6.09375,"If a train travels 60 miles per hour for 2.5 hours, how far does it go?"
sae_experimental_00010,10,mathematical_reasoning,13,.,3,6058,6.0625,"If a train travels 60 miles per hour for 2.5 hours, how far does it go?"
sae_experimental_00010,10,mathematical_reasoning,13,.,4,1770,6.0,"If a train travels 60 miles per hour for 2.5 hours, how far does it go?"
sae_experimental_00010,10,mathematical_reasoning,13,.,5,427,5.96875,"If a train travels 60 miles per hour for 2.5 hours, how far does it go?"
sae_experimental_00010,10,mathematical_reasoning,14,5,1,4954,7.4375,"If a train travels 60 miles per hour for 2.5 hours, how far does it go?"
sae_experimental_00010,10,mathematical_reasoning,14,5,2,2277,7.40625,"If a train travels 60 miles per hour for 2.5 hours, how far does it go?"
sae_experimental_00010,10,mathematical_reasoning,14,5,3,6602,7.375,"If a train travels 60 miles per hour for 2.5 hours, how far does it go?"
sae_experimental_00010,10,mathematical_reasoning,14,5,4,580,7.1875,"If a train travels 60 miles per hour for 2.5 hours, how far does it go?"
sae_experimental_00010,10,mathematical_reasoning,14,5,5,5432,7.125,"If a train travels 60 miles per hour for 2.5 hours, how far does it go?"
sae_experimental_00010,10,mathematical_reasoning,15,Ġhours,1,5664,7.59375,"If a train travels 60 miles per hour for 2.5 hours, how far does it go?"
sae_experimental_00010,10,mathematical_reasoning,15,Ġhours,2,6602,7.09375,"If a train travels 60 miles per hour for 2.5 hours, how far does it go?"
sae_experimental_00010,10,mathematical_reasoning,15,Ġhours,3,320,6.96875,"If a train travels 60 miles per hour for 2.5 hours, how far does it go?"
sae_experimental_00010,10,mathematical_reasoning,15,Ġhours,4,5551,6.65625,"If a train travels 60 miles per hour for 2.5 hours, how far does it go?"
sae_experimental_00010,10,mathematical_reasoning,15,Ġhours,5,1248,6.5625,"If a train travels 60 miles per hour for 2.5 hours, how far does it go?"
sae_experimental_00010,10,mathematical_reasoning,16,",",1,5664,6.78125,"If a train travels 60 miles per hour for 2.5 hours, how far does it go?"
sae_experimental_00010,10,mathematical_reasoning,16,",",2,4954,6.75,"If a train travels 60 miles per hour for 2.5 hours, how far does it go?"
sae_experimental_00010,10,mathematical_reasoning,16,",",3,5551,6.65625,"If a train travels 60 miles per hour for 2.5 hours, how far does it go?"
sae_experimental_00010,10,mathematical_reasoning,16,",",4,2736,6.65625,"If a train travels 60 miles per hour for 2.5 hours, how far does it go?"
sae_experimental_00010,10,mathematical_reasoning,16,",",5,6735,6.46875,"If a train travels 60 miles per hour for 2.5 hours, how far does it go?"
sae_experimental_00010,10,mathematical_reasoning,17,Ġhow,1,6602,8.5625,"If a train travels 60 miles per hour for 2.5 hours, how far does it go?"
sae_experimental_00010,10,mathematical_reasoning,17,Ġhow,2,2524,7.59375,"If a train travels 60 miles per hour for 2.5 hours, how far does it go?"
sae_experimental_00010,10,mathematical_reasoning,17,Ġhow,3,5664,7.25,"If a train travels 60 miles per hour for 2.5 hours, how far does it go?"
sae_experimental_00010,10,mathematical_reasoning,17,Ġhow,4,5551,7.1875,"If a train travels 60 miles per hour for 2.5 hours, how far does it go?"
sae_experimental_00010,10,mathematical_reasoning,17,Ġhow,5,580,7.1875,"If a train travels 60 miles per hour for 2.5 hours, how far does it go?"
sae_experimental_00010,10,mathematical_reasoning,18,Ġfar,1,2524,6.84375,"If a train travels 60 miles per hour for 2.5 hours, how far does it go?"
sae_experimental_00010,10,mathematical_reasoning,18,Ġfar,2,4954,6.6875,"If a train travels 60 miles per hour for 2.5 hours, how far does it go?"
sae_experimental_00010,10,mathematical_reasoning,18,Ġfar,3,6602,6.59375,"If a train travels 60 miles per hour for 2.5 hours, how far does it go?"
sae_experimental_00010,10,mathematical_reasoning,18,Ġfar,4,6058,6.5625,"If a train travels 60 miles per hour for 2.5 hours, how far does it go?"
sae_experimental_00010,10,mathematical_reasoning,18,Ġfar,5,6044,6.40625,"If a train travels 60 miles per hour for 2.5 hours, how far does it go?"
sae_experimental_00010,10,mathematical_reasoning,19,Ġdoes,1,6602,6.03125,"If a train travels 60 miles per hour for 2.5 hours, how far does it go?"
sae_experimental_00010,10,mathematical_reasoning,19,Ġdoes,2,6735,5.75,"If a train travels 60 miles per hour for 2.5 hours, how far does it go?"
sae_experimental_00010,10,mathematical_reasoning,19,Ġdoes,3,2524,5.75,"If a train travels 60 miles per hour for 2.5 hours, how far does it go?"
sae_experimental_00010,10,mathematical_reasoning,19,Ġdoes,4,5664,5.71875,"If a train travels 60 miles per hour for 2.5 hours, how far does it go?"
sae_experimental_00010,10,mathematical_reasoning,19,Ġdoes,5,6044,5.65625,"If a train travels 60 miles per hour for 2.5 hours, how far does it go?"
sae_experimental_00010,10,mathematical_reasoning,20,Ġit,1,5551,7.46875,"If a train travels 60 miles per hour for 2.5 hours, how far does it go?"
sae_experimental_00010,10,mathematical_reasoning,20,Ġit,2,4954,7.09375,"If a train travels 60 miles per hour for 2.5 hours, how far does it go?"
sae_experimental_00010,10,mathematical_reasoning,20,Ġit,3,6044,6.78125,"If a train travels 60 miles per hour for 2.5 hours, how far does it go?"
sae_experimental_00010,10,mathematical_reasoning,20,Ġit,4,2524,6.65625,"If a train travels 60 miles per hour for 2.5 hours, how far does it go?"
sae_experimental_00010,10,mathematical_reasoning,20,Ġit,5,6058,6.53125,"If a train travels 60 miles per hour for 2.5 hours, how far does it go?"
sae_experimental_00010,10,mathematical_reasoning,21,Ġgo,1,6044,6.59375,"If a train travels 60 miles per hour for 2.5 hours, how far does it go?"
sae_experimental_00010,10,mathematical_reasoning,21,Ġgo,2,320,6.4375,"If a train travels 60 miles per hour for 2.5 hours, how far does it go?"
sae_experimental_00010,10,mathematical_reasoning,21,Ġgo,3,6058,6.375,"If a train travels 60 miles per hour for 2.5 hours, how far does it go?"
sae_experimental_00010,10,mathematical_reasoning,21,Ġgo,4,5551,6.09375,"If a train travels 60 miles per hour for 2.5 hours, how far does it go?"
sae_experimental_00010,10,mathematical_reasoning,21,Ġgo,5,580,6.0,"If a train travels 60 miles per hour for 2.5 hours, how far does it go?"
sae_experimental_00010,10,mathematical_reasoning,22,?,1,2736,5.78125,"If a train travels 60 miles per hour for 2.5 hours, how far does it go?"
sae_experimental_00010,10,mathematical_reasoning,22,?,2,5551,5.625,"If a train travels 60 miles per hour for 2.5 hours, how far does it go?"
sae_experimental_00010,10,mathematical_reasoning,22,?,3,5664,5.40625,"If a train travels 60 miles per hour for 2.5 hours, how far does it go?"
sae_experimental_00010,10,mathematical_reasoning,22,?,4,2834,5.375,"If a train travels 60 miles per hour for 2.5 hours, how far does it go?"
sae_experimental_00010,10,mathematical_reasoning,22,?,5,4954,5.25,"If a train travels 60 miles per hour for 2.5 hours, how far does it go?"
sae_experimental_00011,11,sentiment,0,The,1,2275,10.875,"The food was okay, but the service was slow."
sae_experimental_00011,11,sentiment,0,The,2,5704,10.5,"The food was okay, but the service was slow."
sae_experimental_00011,11,sentiment,0,The,3,796,9.6875,"The food was okay, but the service was slow."
sae_experimental_00011,11,sentiment,0,The,4,2015,9.4375,"The food was okay, but the service was slow."
sae_experimental_00011,11,sentiment,0,The,5,4440,9.1875,"The food was okay, but the service was slow."
sae_experimental_00011,11,sentiment,1,Ġfood,1,5664,6.84375,"The food was okay, but the service was slow."
sae_experimental_00011,11,sentiment,1,Ġfood,2,310,6.375,"The food was okay, but the service was slow."
sae_experimental_00011,11,sentiment,1,Ġfood,3,5704,6.3125,"The food was okay, but the service was slow."
sae_experimental_00011,11,sentiment,1,Ġfood,4,1172,6.03125,"The food was okay, but the service was slow."
sae_experimental_00011,11,sentiment,1,Ġfood,5,5199,5.8125,"The food was okay, but the service was slow."
sae_experimental_00011,11,sentiment,2,Ġwas,1,1172,6.96875,"The food was okay, but the service was slow."
sae_experimental_00011,11,sentiment,2,Ġwas,2,2535,6.0,"The food was okay, but the service was slow."
sae_experimental_00011,11,sentiment,2,Ġwas,3,6602,5.875,"The food was okay, but the service was slow."
sae_experimental_00011,11,sentiment,2,Ġwas,4,6552,5.78125,"The food was okay, but the service was slow."
sae_experimental_00011,11,sentiment,2,Ġwas,5,4440,5.5625,"The food was okay, but the service was slow."
sae_experimental_00011,11,sentiment,3,Ġokay,1,1172,5.25,"The food was okay, but the service was slow."
sae_experimental_00011,11,sentiment,3,Ġokay,2,2535,4.90625,"The food was okay, but the service was slow."
sae_experimental_00011,11,sentiment,3,Ġokay,3,4440,4.71875,"The food was okay, but the service was slow."
sae_experimental_00011,11,sentiment,3,Ġokay,4,849,4.4375,"The food was okay, but the service was slow."
sae_experimental_00011,11,sentiment,3,Ġokay,5,5704,4.34375,"The food was okay, but the service was slow."
sae_experimental_00011,11,sentiment,4,",",1,1172,5.5,"The food was okay, but the service was slow."
sae_experimental_00011,11,sentiment,4,",",2,5704,5.3125,"The food was okay, but the service was slow."
sae_experimental_00011,11,sentiment,4,",",3,2535,5.1875,"The food was okay, but the service was slow."
sae_experimental_00011,11,sentiment,4,",",4,528,4.84375,"The food was okay, but the service was slow."
sae_experimental_00011,11,sentiment,4,",",5,4440,4.71875,"The food was okay, but the service was slow."
sae_experimental_00011,11,sentiment,5,Ġbut,1,1172,6.3125,"The food was okay, but the service was slow."
sae_experimental_00011,11,sentiment,5,Ġbut,2,2535,5.59375,"The food was okay, but the service was slow."
sae_experimental_00011,11,sentiment,5,Ġbut,3,5704,5.09375,"The food was okay, but the service was slow."
sae_experimental_00011,11,sentiment,5,Ġbut,4,2188,4.9375,"The food was okay, but the service was slow."
sae_experimental_00011,11,sentiment,5,Ġbut,5,6552,4.90625,"The food was okay, but the service was slow."
sae_experimental_00011,11,sentiment,6,Ġthe,1,1172,6.15625,"The food was okay, but the service was slow."
sae_experimental_00011,11,sentiment,6,Ġthe,2,6552,5.5625,"The food was okay, but the service was slow."
sae_experimental_00011,11,sentiment,6,Ġthe,3,4440,5.5625,"The food was okay, but the service was slow."
sae_experimental_00011,11,sentiment,6,Ġthe,4,2022,5.1875,"The food was okay, but the service was slow."
sae_experimental_00011,11,sentiment,6,Ġthe,5,5230,5.03125,"The food was okay, but the service was slow."
sae_experimental_00011,11,sentiment,7,Ġservice,1,1172,7.6875,"The food was okay, but the service was slow."
sae_experimental_00011,11,sentiment,7,Ġservice,2,2535,6.15625,"The food was okay, but the service was slow."
sae_experimental_00011,11,sentiment,7,Ġservice,3,2188,5.125,"The food was okay, but the service was slow."
sae_experimental_00011,11,sentiment,7,Ġservice,4,310,5.125,"The food was okay, but the service was slow."
sae_experimental_00011,11,sentiment,7,Ġservice,5,4440,5.09375,"The food was okay, but the service was slow."
sae_experimental_00011,11,sentiment,8,Ġwas,1,1172,8.875,"The food was okay, but the service was slow."
sae_experimental_00011,11,sentiment,8,Ġwas,2,2535,6.5,"The food was okay, but the service was slow."
sae_experimental_00011,11,sentiment,8,Ġwas,3,2188,6.25,"The food was okay, but the service was slow."
sae_experimental_00011,11,sentiment,8,Ġwas,4,2586,5.78125,"The food was okay, but the service was slow."
sae_experimental_00011,11,sentiment,8,Ġwas,5,310,5.5,"The food was okay, but the service was slow."
sae_experimental_00011,11,sentiment,9,Ġslow,1,1172,5.5625,"The food was okay, but the service was slow."
sae_experimental_00011,11,sentiment,9,Ġslow,2,5664,5.15625,"The food was okay, but the service was slow."
sae_experimental_00011,11,sentiment,9,Ġslow,3,4440,5.0,"The food was okay, but the service was slow."
sae_experimental_00011,11,sentiment,9,Ġslow,4,5704,4.96875,"The food was okay, but the service was slow."
sae_experimental_00011,11,sentiment,9,Ġslow,5,2535,4.90625,"The food was okay, but the service was slow."
sae_experimental_00011,11,sentiment,10,.,1,65,4.75,"The food was okay, but the service was slow."
sae_experimental_00011,11,sentiment,10,.,2,5704,4.71875,"The food was okay, but the service was slow."
sae_experimental_00011,11,sentiment,10,.,3,320,4.5625,"The food was okay, but the service was slow."
sae_experimental_00011,11,sentiment,10,.,4,2540,4.53125,"The food was okay, but the service was slow."
sae_experimental_00011,11,sentiment,10,.,5,2602,4.5,"The food was okay, but the service was slow."
sae_experimental_00012,12,sentiment,0,The,1,2275,10.875,The movie was absolutely fantastic!
sae_experimental_00012,12,sentiment,0,The,2,5704,10.5,The movie was absolutely fantastic!
sae_experimental_00012,12,sentiment,0,The,3,796,9.6875,The movie was absolutely fantastic!
sae_experimental_00012,12,sentiment,0,The,4,2015,9.4375,The movie was absolutely fantastic!
sae_experimental_00012,12,sentiment,0,The,5,4440,9.1875,The movie was absolutely fantastic!
sae_experimental_00012,12,sentiment,1,Ġmovie,1,320,5.9375,The movie was absolutely fantastic!
sae_experimental_00012,12,sentiment,1,Ġmovie,2,4102,5.84375,The movie was absolutely fantastic!
sae_experimental_00012,12,sentiment,1,Ġmovie,3,151,5.84375,The movie was absolutely fantastic!
sae_experimental_00012,12,sentiment,1,Ġmovie,4,606,5.78125,The movie was absolutely fantastic!
sae_experimental_00012,12,sentiment,1,Ġmovie,5,6602,5.6875,The movie was absolutely fantastic!
sae_experimental_00012,12,sentiment,2,Ġwas,1,6552,6.46875,The movie was absolutely fantastic!
sae_experimental_00012,12,sentiment,2,Ġwas,2,5704,6.34375,The movie was absolutely fantastic!
sae_experimental_00012,12,sentiment,2,Ġwas,3,6602,6.1875,The movie was absolutely fantastic!
sae_experimental_00012,12,sentiment,2,Ġwas,4,1172,5.8125,The movie was absolutely fantastic!
sae_experimental_00012,12,sentiment,2,Ġwas,5,3733,5.8125,The movie was absolutely fantastic!
sae_experimental_00012,12,sentiment,3,Ġabsolutely,1,849,5.625,The movie was absolutely fantastic!
sae_experimental_00012,12,sentiment,3,Ġabsolutely,2,6602,5.5625,The movie was absolutely fantastic!
sae_experimental_00012,12,sentiment,3,Ġabsolutely,3,2188,5.46875,The movie was absolutely fantastic!
sae_experimental_00012,12,sentiment,3,Ġabsolutely,4,5704,5.375,The movie was absolutely fantastic!
sae_experimental_00012,12,sentiment,3,Ġabsolutely,5,751,5.375,The movie was absolutely fantastic!
sae_experimental_00012,12,sentiment,4,Ġfantastic,1,4440,5.1875,The movie was absolutely fantastic!
sae_experimental_00012,12,sentiment,4,Ġfantastic,2,606,4.9375,The movie was absolutely fantastic!
sae_experimental_00012,12,sentiment,4,Ġfantastic,3,2015,4.90625,The movie was absolutely fantastic!
sae_experimental_00012,12,sentiment,4,Ġfantastic,4,5704,4.90625,The movie was absolutely fantastic!
sae_experimental_00012,12,sentiment,4,Ġfantastic,5,320,4.875,The movie was absolutely fantastic!
sae_experimental_00012,12,sentiment,5,!,1,5704,5.40625,The movie was absolutely fantastic!
sae_experimental_00012,12,sentiment,5,!,2,6602,5.34375,The movie was absolutely fantastic!
sae_experimental_00012,12,sentiment,5,!,3,320,5.15625,The movie was absolutely fantastic!
sae_experimental_00012,12,sentiment,5,!,4,2188,5.09375,The movie was absolutely fantastic!
sae_experimental_00012,12,sentiment,5,!,5,2015,4.875,The movie was absolutely fantastic!
sae_experimental_00013,13,medical_safety,0,I,1,3282,5.8125,I have severe abdominal pain. Should I go to the emergency room or wait?
sae_experimental_00013,13,medical_safety,0,I,2,5734,5.71875,I have severe abdominal pain. Should I go to the emergency room or wait?
sae_experimental_00013,13,medical_safety,0,I,3,3382,5.59375,I have severe abdominal pain. Should I go to the emergency room or wait?
sae_experimental_00013,13,medical_safety,0,I,4,6331,5.375,I have severe abdominal pain. Should I go to the emergency room or wait?
sae_experimental_00013,13,medical_safety,0,I,5,6602,5.34375,I have severe abdominal pain. Should I go to the emergency room or wait?
sae_experimental_00013,13,medical_safety,1,Ġhave,1,4095,5.15625,I have severe abdominal pain. Should I go to the emergency room or wait?
sae_experimental_00013,13,medical_safety,1,Ġhave,2,2596,4.875,I have severe abdominal pain. Should I go to the emergency room or wait?
sae_experimental_00013,13,medical_safety,1,Ġhave,3,2015,4.71875,I have severe abdominal pain. Should I go to the emergency room or wait?
sae_experimental_00013,13,medical_safety,1,Ġhave,4,4102,4.59375,I have severe abdominal pain. Should I go to the emergency room or wait?
sae_experimental_00013,13,medical_safety,1,Ġhave,5,1331,4.53125,I have severe abdominal pain. Should I go to the emergency room or wait?
sae_experimental_00013,13,medical_safety,2,Ġsevere,1,4261,4.53125,I have severe abdominal pain. Should I go to the emergency room or wait?
sae_experimental_00013,13,medical_safety,2,Ġsevere,2,448,4.53125,I have severe abdominal pain. Should I go to the emergency room or wait?
sae_experimental_00013,13,medical_safety,2,Ġsevere,3,2526,4.46875,I have severe abdominal pain. Should I go to the emergency room or wait?
sae_experimental_00013,13,medical_safety,2,Ġsevere,4,6612,4.40625,I have severe abdominal pain. Should I go to the emergency room or wait?
sae_experimental_00013,13,medical_safety,2,Ġsevere,5,3517,4.40625,I have severe abdominal pain. Should I go to the emergency room or wait?
sae_experimental_00013,13,medical_safety,3,Ġabdominal,1,1004,5.1875,I have severe abdominal pain. Should I go to the emergency room or wait?
sae_experimental_00013,13,medical_safety,3,Ġabdominal,2,1899,5.0,I have severe abdominal pain. Should I go to the emergency room or wait?
sae_experimental_00013,13,medical_safety,3,Ġabdominal,3,58,4.90625,I have severe abdominal pain. Should I go to the emergency room or wait?
sae_experimental_00013,13,medical_safety,3,Ġabdominal,4,3297,4.5,I have severe abdominal pain. Should I go to the emergency room or wait?
sae_experimental_00013,13,medical_safety,3,Ġabdominal,5,2277,4.5,I have severe abdominal pain. Should I go to the emergency room or wait?
sae_experimental_00013,13,medical_safety,4,Ġpain,1,58,5.25,I have severe abdominal pain. Should I go to the emergency room or wait?
sae_experimental_00013,13,medical_safety,4,Ġpain,2,6465,5.1875,I have severe abdominal pain. Should I go to the emergency room or wait?
sae_experimental_00013,13,medical_safety,4,Ġpain,3,2277,5.0625,I have severe abdominal pain. Should I go to the emergency room or wait?
sae_experimental_00013,13,medical_safety,4,Ġpain,4,1461,4.875,I have severe abdominal pain. Should I go to the emergency room or wait?
sae_experimental_00013,13,medical_safety,4,Ġpain,5,1172,4.65625,I have severe abdominal pain. Should I go to the emergency room or wait?
sae_experimental_00013,13,medical_safety,5,.,1,4095,4.28125,I have severe abdominal pain. Should I go to the emergency room or wait?
sae_experimental_00013,13,medical_safety,5,.,2,5258,4.25,I have severe abdominal pain. Should I go to the emergency room or wait?
sae_experimental_00013,13,medical_safety,5,.,3,5008,4.21875,I have severe abdominal pain. Should I go to the emergency room or wait?
sae_experimental_00013,13,medical_safety,5,.,4,1199,4.1875,I have severe abdominal pain. Should I go to the emergency room or wait?
sae_experimental_00013,13,medical_safety,5,.,5,5122,4.09375,I have severe abdominal pain. Should I go to the emergency room or wait?
sae_experimental_00013,13,medical_safety,6,ĠShould,1,376,3.9375,I have severe abdominal pain. Should I go to the emergency room or wait?
sae_experimental_00013,13,medical_safety,6,ĠShould,2,5372,3.890625,I have severe abdominal pain. Should I go to the emergency room or wait?
sae_experimental_00013,13,medical_safety,6,ĠShould,3,2277,3.859375,I have severe abdominal pain. Should I go to the emergency room or wait?
sae_experimental_00013,13,medical_safety,6,ĠShould,4,3116,3.828125,I have severe abdominal pain. Should I go to the emergency room or wait?
sae_experimental_00013,13,medical_safety,6,ĠShould,5,1443,3.8125,I have severe abdominal pain. Should I go to the emergency room or wait?
sae_experimental_00013,13,medical_safety,7,ĠI,1,5258,6.53125,I have severe abdominal pain. Should I go to the emergency room or wait?
sae_experimental_00013,13,medical_safety,7,ĠI,2,718,5.625,I have severe abdominal pain. Should I go to the emergency room or wait?
sae_experimental_00013,13,medical_safety,7,ĠI,3,5084,5.09375,I have severe abdominal pain. Should I go to the emergency room or wait?
sae_experimental_00013,13,medical_safety,7,ĠI,4,110,5.0625,I have severe abdominal pain. Should I go to the emergency room or wait?
sae_experimental_00013,13,medical_safety,7,ĠI,5,58,5.0,I have severe abdominal pain. Should I go to the emergency room or wait?
sae_experimental_00013,13,medical_safety,8,Ġgo,1,5084,6.0,I have severe abdominal pain. Should I go to the emergency room or wait?
sae_experimental_00013,13,medical_safety,8,Ġgo,2,718,5.78125,I have severe abdominal pain. Should I go to the emergency room or wait?
sae_experimental_00013,13,medical_safety,8,Ġgo,3,4275,5.375,I have severe abdominal pain. Should I go to the emergency room or wait?
sae_experimental_00013,13,medical_safety,8,Ġgo,4,4675,5.34375,I have severe abdominal pain. Should I go to the emergency room or wait?
sae_experimental_00013,13,medical_safety,8,Ġgo,5,6528,5.3125,I have severe abdominal pain. Should I go to the emergency room or wait?
sae_experimental_00013,13,medical_safety,9,Ġto,1,718,6.75,I have severe abdominal pain. Should I go to the emergency room or wait?
sae_experimental_00013,13,medical_safety,9,Ġto,2,1816,6.40625,I have severe abdominal pain. Should I go to the emergency room or wait?
sae_experimental_00013,13,medical_safety,9,Ġto,3,5084,6.28125,I have severe abdominal pain. Should I go to the emergency room or wait?
sae_experimental_00013,13,medical_safety,9,Ġto,4,58,6.0625,I have severe abdominal pain. Should I go to the emergency room or wait?
sae_experimental_00013,13,medical_safety,9,Ġto,5,2015,5.5625,I have severe abdominal pain. Should I go to the emergency room or wait?
sae_experimental_00013,13,medical_safety,10,Ġthe,1,5084,6.15625,I have severe abdominal pain. Should I go to the emergency room or wait?
sae_experimental_00013,13,medical_safety,10,Ġthe,2,2782,6.15625,I have severe abdominal pain. Should I go to the emergency room or wait?
sae_experimental_00013,13,medical_safety,10,Ġthe,3,718,6.0625,I have severe abdominal pain. Should I go to the emergency room or wait?
sae_experimental_00013,13,medical_safety,10,Ġthe,4,58,5.96875,I have severe abdominal pain. Should I go to the emergency room or wait?
sae_experimental_00013,13,medical_safety,10,Ġthe,5,1816,5.9375,I have severe abdominal pain. Should I go to the emergency room or wait?
sae_experimental_00013,13,medical_safety,11,Ġemergency,1,5084,5.71875,I have severe abdominal pain. Should I go to the emergency room or wait?
sae_experimental_00013,13,medical_safety,11,Ġemergency,2,6528,5.65625,I have severe abdominal pain. Should I go to the emergency room or wait?
sae_experimental_00013,13,medical_safety,11,Ġemergency,3,58,5.3125,I have severe abdominal pain. Should I go to the emergency room or wait?
sae_experimental_00013,13,medical_safety,11,Ġemergency,4,2782,5.21875,I have severe abdominal pain. Should I go to the emergency room or wait?
sae_experimental_00013,13,medical_safety,11,Ġemergency,5,4675,5.15625,I have severe abdominal pain. Should I go to the emergency room or wait?
sae_experimental_00013,13,medical_safety,12,Ġroom,1,5084,5.53125,I have severe abdominal pain. Should I go to the emergency room or wait?
sae_experimental_00013,13,medical_safety,12,Ġroom,2,376,5.375,I have severe abdominal pain. Should I go to the emergency room or wait?
sae_experimental_00013,13,medical_safety,12,Ġroom,3,58,5.28125,I have severe abdominal pain. Should I go to the emergency room or wait?
sae_experimental_00013,13,medical_safety,12,Ġroom,4,4275,5.1875,I have severe abdominal pain. Should I go to the emergency room or wait?
sae_experimental_00013,13,medical_safety,12,Ġroom,5,6528,5.09375,I have severe abdominal pain. Should I go to the emergency room or wait?
sae_experimental_00013,13,medical_safety,13,Ġor,1,718,5.9375,I have severe abdominal pain. Should I go to the emergency room or wait?
sae_experimental_00013,13,medical_safety,13,Ġor,2,58,5.90625,I have severe abdominal pain. Should I go to the emergency room or wait?
sae_experimental_00013,13,medical_safety,13,Ġor,3,5084,5.78125,I have severe abdominal pain. Should I go to the emergency room or wait?
sae_experimental_00013,13,medical_safety,13,Ġor,4,1816,5.53125,I have severe abdominal pain. Should I go to the emergency room or wait?
sae_experimental_00013,13,medical_safety,13,Ġor,5,4275,5.40625,I have severe abdominal pain. Should I go to the emergency room or wait?
sae_experimental_00013,13,medical_safety,14,Ġwait,1,6528,5.53125,I have severe abdominal pain. Should I go to the emergency room or wait?
sae_experimental_00013,13,medical_safety,14,Ġwait,2,376,5.40625,I have severe abdominal pain. Should I go to the emergency room or wait?
sae_experimental_00013,13,medical_safety,14,Ġwait,3,4275,5.0,I have severe abdominal pain. Should I go to the emergency room or wait?
sae_experimental_00013,13,medical_safety,14,Ġwait,4,5084,4.90625,I have severe abdominal pain. Should I go to the emergency room or wait?
sae_experimental_00013,13,medical_safety,14,Ġwait,5,320,4.8125,I have severe abdominal pain. Should I go to the emergency room or wait?
sae_experimental_00013,13,medical_safety,15,?,1,5549,3.9375,I have severe abdominal pain. Should I go to the emergency room or wait?
sae_experimental_00013,13,medical_safety,15,?,2,2817,3.828125,I have severe abdominal pain. Should I go to the emergency room or wait?
sae_experimental_00013,13,medical_safety,15,?,3,5084,3.78125,I have severe abdominal pain. Should I go to the emergency room or wait?
sae_experimental_00013,13,medical_safety,15,?,4,5884,3.734375,I have severe abdominal pain. Should I go to the emergency room or wait?
sae_experimental_00013,13,medical_safety,15,?,5,5135,3.65625,I have severe abdominal pain. Should I go to the emergency room or wait?
sae_experimental_00014,14,legal_reasoning,0,Does,1,6602,6.8125,Does a nondisclosure agreement signed by an employee survive the termination of employment?
sae_experimental_00014,14,legal_reasoning,0,Does,2,2015,6.3125,Does a nondisclosure agreement signed by an employee survive the termination of employment?
sae_experimental_00014,14,legal_reasoning,0,Does,3,2275,6.15625,Does a nondisclosure agreement signed by an employee survive the termination of employment?
sae_experimental_00014,14,legal_reasoning,0,Does,4,6331,6.15625,Does a nondisclosure agreement signed by an employee survive the termination of employment?
sae_experimental_00014,14,legal_reasoning,0,Does,5,5734,5.8125,Does a nondisclosure agreement signed by an employee survive the termination of employment?
sae_experimental_00014,14,legal_reasoning,1,Ġa,1,5734,6.40625,Does a nondisclosure agreement signed by an employee survive the termination of employment?
sae_experimental_00014,14,legal_reasoning,1,Ġa,2,6868,6.375,Does a nondisclosure agreement signed by an employee survive the termination of employment?
sae_experimental_00014,14,legal_reasoning,1,Ġa,3,6189,6.34375,Does a nondisclosure agreement signed by an employee survive the termination of employment?
sae_experimental_00014,14,legal_reasoning,1,Ġa,4,2778,6.25,Does a nondisclosure agreement signed by an employee survive the termination of employment?
sae_experimental_00014,14,legal_reasoning,1,Ġa,5,1584,6.21875,Does a nondisclosure agreement signed by an employee survive the termination of employment?
sae_experimental_00014,14,legal_reasoning,2,Ġnond,1,2736,6.40625,Does a nondisclosure agreement signed by an employee survive the termination of employment?
sae_experimental_00014,14,legal_reasoning,2,Ġnond,2,3288,5.9375,Does a nondisclosure agreement signed by an employee survive the termination of employment?
sae_experimental_00014,14,legal_reasoning,2,Ġnond,3,5664,5.875,Does a nondisclosure agreement signed by an employee survive the termination of employment?
sae_experimental_00014,14,legal_reasoning,2,Ġnond,4,6189,5.78125,Does a nondisclosure agreement signed by an employee survive the termination of employment?
sae_experimental_00014,14,legal_reasoning,2,Ġnond,5,1611,5.71875,Does a nondisclosure agreement signed by an employee survive the termination of employment?
sae_experimental_00014,14,legal_reasoning,3,isc,1,1611,7.1875,Does a nondisclosure agreement signed by an employee survive the termination of employment?
sae_experimental_00014,14,legal_reasoning,3,isc,2,2736,7.03125,Does a nondisclosure agreement signed by an employee survive the termination of employment?
sae_experimental_00014,14,legal_reasoning,3,isc,3,1825,6.5625,Does a nondisclosure agreement signed by an employee survive the termination of employment?
sae_experimental_00014,14,legal_reasoning,3,isc,4,6288,6.5,Does a nondisclosure agreement signed by an employee survive the termination of employment?
sae_experimental_00014,14,legal_reasoning,3,isc,5,6141,6.375,Does a nondisclosure agreement signed by an employee survive the termination of employment?
sae_experimental_00014,14,legal_reasoning,4,losure,1,5734,8.0,Does a nondisclosure agreement signed by an employee survive the termination of employment?
sae_experimental_00014,14,legal_reasoning,4,losure,2,6189,7.9375,Does a nondisclosure agreement signed by an employee survive the termination of employment?
sae_experimental_00014,14,legal_reasoning,4,losure,3,4078,7.78125,Does a nondisclosure agreement signed by an employee survive the termination of employment?
sae_experimental_00014,14,legal_reasoning,4,losure,4,5691,7.4375,Does a nondisclosure agreement signed by an employee survive the termination of employment?
sae_experimental_00014,14,legal_reasoning,4,losure,5,6269,7.125,Does a nondisclosure agreement signed by an employee survive the termination of employment?
sae_experimental_00014,14,legal_reasoning,5,Ġagreement,1,5664,9.1875,Does a nondisclosure agreement signed by an employee survive the termination of employment?
sae_experimental_00014,14,legal_reasoning,5,Ġagreement,2,2225,8.8125,Does a nondisclosure agreement signed by an employee survive the termination of employment?
sae_experimental_00014,14,legal_reasoning,5,Ġagreement,3,6189,8.5625,Does a nondisclosure agreement signed by an employee survive the termination of employment?
sae_experimental_00014,14,legal_reasoning,5,Ġagreement,4,4078,8.125,Does a nondisclosure agreement signed by an employee survive the termination of employment?
sae_experimental_00014,14,legal_reasoning,5,Ġagreement,5,4448,7.5,Does a nondisclosure agreement signed by an employee survive the termination of employment?
sae_experimental_00014,14,legal_reasoning,6,Ġsigned,1,5664,8.0625,Does a nondisclosure agreement signed by an employee survive the termination of employment?
sae_experimental_00014,14,legal_reasoning,6,Ġsigned,2,4078,7.53125,Does a nondisclosure agreement signed by an employee survive the termination of employment?
sae_experimental_00014,14,legal_reasoning,6,Ġsigned,3,7002,7.25,Does a nondisclosure agreement signed by an employee survive the termination of employment?
sae_experimental_00014,14,legal_reasoning,6,Ġsigned,4,2505,7.15625,Does a nondisclosure agreement signed by an employee survive the termination of employment?
sae_experimental_00014,14,legal_reasoning,6,Ġsigned,5,5704,6.90625,Does a nondisclosure agreement signed by an employee survive the termination of employment?
sae_experimental_00014,14,legal_reasoning,7,Ġby,1,4078,9.1875,Does a nondisclosure agreement signed by an employee survive the termination of employment?
sae_experimental_00014,14,legal_reasoning,7,Ġby,2,6189,8.0,Does a nondisclosure agreement signed by an employee survive the termination of employment?
sae_experimental_00014,14,legal_reasoning,7,Ġby,3,2225,7.53125,Does a nondisclosure agreement signed by an employee survive the termination of employment?
sae_experimental_00014,14,legal_reasoning,7,Ġby,4,3049,7.53125,Does a nondisclosure agreement signed by an employee survive the termination of employment?
sae_experimental_00014,14,legal_reasoning,7,Ġby,5,2836,7.4375,Does a nondisclosure agreement signed by an employee survive the termination of employment?
sae_experimental_00014,14,legal_reasoning,8,Ġan,1,5734,8.5,Does a nondisclosure agreement signed by an employee survive the termination of employment?
sae_experimental_00014,14,legal_reasoning,8,Ġan,2,206,8.5,Does a nondisclosure agreement signed by an employee survive the termination of employment?
sae_experimental_00014,14,legal_reasoning,8,Ġan,3,4078,8.25,Does a nondisclosure agreement signed by an employee survive the termination of employment?
sae_experimental_00014,14,legal_reasoning,8,Ġan,4,849,8.0,Does a nondisclosure agreement signed by an employee survive the termination of employment?
sae_experimental_00014,14,legal_reasoning,8,Ġan,5,6189,7.96875,Does a nondisclosure agreement signed by an employee survive the termination of employment?
sae_experimental_00014,14,legal_reasoning,9,Ġemployee,1,5664,7.625,Does a nondisclosure agreement signed by an employee survive the termination of employment?
sae_experimental_00014,14,legal_reasoning,9,Ġemployee,2,2225,7.40625,Does a nondisclosure agreement signed by an employee survive the termination of employment?
sae_experimental_00014,14,legal_reasoning,9,Ġemployee,3,6189,7.21875,Does a nondisclosure agreement signed by an employee survive the termination of employment?
sae_experimental_00014,14,legal_reasoning,9,Ġemployee,4,2505,7.09375,Does a nondisclosure agreement signed by an employee survive the termination of employment?
sae_experimental_00014,14,legal_reasoning,9,Ġemployee,5,4078,7.0625,Does a nondisclosure agreement signed by an employee survive the termination of employment?
sae_experimental_00014,14,legal_reasoning,10,Ġsurvive,1,206,8.75,Does a nondisclosure agreement signed by an employee survive the termination of employment?
sae_experimental_00014,14,legal_reasoning,10,Ġsurvive,2,3049,8.5625,Does a nondisclosure agreement signed by an employee survive the termination of employment?
sae_experimental_00014,14,legal_reasoning,10,Ġsurvive,3,4078,8.5,Does a nondisclosure agreement signed by an employee survive the termination of employment?
sae_experimental_00014,14,legal_reasoning,10,Ġsurvive,4,2505,7.96875,Does a nondisclosure agreement signed by an employee survive the termination of employment?
sae_experimental_00014,14,legal_reasoning,10,Ġsurvive,5,4687,7.75,Does a nondisclosure agreement signed by an employee survive the termination of employment?
sae_experimental_00014,14,legal_reasoning,11,Ġthe,1,6269,8.25,Does a nondisclosure agreement signed by an employee survive the termination of employment?
sae_experimental_00014,14,legal_reasoning,11,Ġthe,2,2225,8.1875,Does a nondisclosure agreement signed by an employee survive the termination of employment?
sae_experimental_00014,14,legal_reasoning,11,Ġthe,3,5734,8.125,Does a nondisclosure agreement signed by an employee survive the termination of employment?
sae_experimental_00014,14,legal_reasoning,11,Ġthe,4,849,7.90625,Does a nondisclosure agreement signed by an employee survive the termination of employment?
sae_experimental_00014,14,legal_reasoning,11,Ġthe,5,2505,7.875,Does a nondisclosure agreement signed by an employee survive the termination of employment?
sae_experimental_00014,14,legal_reasoning,12,Ġtermination,1,5704,7.53125,Does a nondisclosure agreement signed by an employee survive the termination of employment?
sae_experimental_00014,14,legal_reasoning,12,Ġtermination,2,2505,7.15625,Does a nondisclosure agreement signed by an employee survive the termination of employment?
sae_experimental_00014,14,legal_reasoning,12,Ġtermination,3,849,6.9375,Does a nondisclosure agreement signed by an employee survive the termination of employment?
sae_experimental_00014,14,legal_reasoning,12,Ġtermination,4,4078,6.84375,Does a nondisclosure agreement signed by an employee survive the termination of employment?
sae_experimental_00014,14,legal_reasoning,12,Ġtermination,5,5664,6.6875,Does a nondisclosure agreement signed by an employee survive the termination of employment?
sae_experimental_00014,14,legal_reasoning,13,Ġof,1,6269,7.34375,Does a nondisclosure agreement signed by an employee survive the termination of employment?
sae_experimental_00014,14,legal_reasoning,13,Ġof,2,5734,7.3125,Does a nondisclosure agreement signed by an employee survive the termination of employment?
sae_experimental_00014,14,legal_reasoning,13,Ġof,3,1507,7.28125,Does a nondisclosure agreement signed by an employee survive the termination of employment?
sae_experimental_00014,14,legal_reasoning,13,Ġof,4,4448,7.25,Does a nondisclosure agreement signed by an employee survive the termination of employment?
sae_experimental_00014,14,legal_reasoning,13,Ġof,5,4078,7.25,Does a nondisclosure agreement signed by an employee survive the termination of employment?
sae_experimental_00014,14,legal_reasoning,14,Ġemployment,1,5664,7.78125,Does a nondisclosure agreement signed by an employee survive the termination of employment?
sae_experimental_00014,14,legal_reasoning,14,Ġemployment,2,5704,7.34375,Does a nondisclosure agreement signed by an employee survive the termination of employment?
sae_experimental_00014,14,legal_reasoning,14,Ġemployment,3,2505,7.25,Does a nondisclosure agreement signed by an employee survive the termination of employment?
sae_experimental_00014,14,legal_reasoning,14,Ġemployment,4,4078,7.1875,Does a nondisclosure agreement signed by an employee survive the termination of employment?
sae_experimental_00014,14,legal_reasoning,14,Ġemployment,5,1507,6.90625,Does a nondisclosure agreement signed by an employee survive the termination of employment?
sae_experimental_00014,14,legal_reasoning,15,?,1,5664,6.75,Does a nondisclosure agreement signed by an employee survive the termination of employment?
sae_experimental_00014,14,legal_reasoning,15,?,2,4078,5.8125,Does a nondisclosure agreement signed by an employee survive the termination of employment?
sae_experimental_00014,14,legal_reasoning,15,?,3,5590,5.75,Does a nondisclosure agreement signed by an employee survive the termination of employment?
sae_experimental_00014,14,legal_reasoning,15,?,4,2836,5.71875,Does a nondisclosure agreement signed by an employee survive the termination of employment?
sae_experimental_00014,14,legal_reasoning,15,?,5,5704,5.625,Does a nondisclosure agreement signed by an employee survive the termination of employment?
sae_experimental_00015,15,sentiment,0,I,1,3282,5.8125,I love this product!
sae_experimental_00015,15,sentiment,0,I,2,5734,5.71875,I love this product!
sae_experimental_00015,15,sentiment,0,I,3,3382,5.59375,I love this product!
sae_experimental_00015,15,sentiment,0,I,4,6331,5.375,I love this product!
sae_experimental_00015,15,sentiment,0,I,5,6602,5.34375,I love this product!
sae_experimental_00015,15,sentiment,1,Ġlove,1,1686,5.90625,I love this product!
sae_experimental_00015,15,sentiment,1,Ġlove,2,6921,5.40625,I love this product!
sae_experimental_00015,15,sentiment,1,Ġlove,3,1802,5.21875,I love this product!
sae_experimental_00015,15,sentiment,1,Ġlove,4,6534,4.9375,I love this product!
sae_experimental_00015,15,sentiment,1,Ġlove,5,291,4.9375,I love this product!
sae_experimental_00015,15,sentiment,2,Ġthis,1,4440,5.9375,I love this product!
sae_experimental_00015,15,sentiment,2,Ġthis,2,6921,5.375,I love this product!
sae_experimental_00015,15,sentiment,2,Ġthis,3,1686,5.1875,I love this product!
sae_experimental_00015,15,sentiment,2,Ġthis,4,3719,5.09375,I love this product!
sae_experimental_00015,15,sentiment,2,Ġthis,5,2056,5.03125,I love this product!
sae_experimental_00015,15,sentiment,3,Ġproduct,1,2015,5.65625,I love this product!
sae_experimental_00015,15,sentiment,3,Ġproduct,2,931,5.21875,I love this product!
sae_experimental_00015,15,sentiment,3,Ġproduct,3,4440,5.1875,I love this product!
sae_experimental_00015,15,sentiment,3,Ġproduct,4,5704,4.71875,I love this product!
sae_experimental_00015,15,sentiment,3,Ġproduct,5,1172,4.65625,I love this product!
sae_experimental_00015,15,sentiment,4,!,1,6602,4.6875,I love this product!
sae_experimental_00015,15,sentiment,4,!,2,5704,4.5,I love this product!
sae_experimental_00015,15,sentiment,4,!,3,931,4.34375,I love this product!
sae_experimental_00015,15,sentiment,4,!,4,2430,4.1875,I love this product!
sae_experimental_00015,15,sentiment,4,!,5,2015,4.09375,I love this product!
